 Extrenal ID,Product_Name,SuperCollection,SuperCollection_Order,SuperCollection_Image,Collection,Collection_Image,Collection_Order,Section,Section_Order,Price,Image,Description,Attribute_Groups
LUTON-0001,10CC SYRINGES,25,,,Luton Hospital,,,,1,25,https://i.postimg.cc/s24h1HsW/pharma-1.png,,
LUTON-0002,2 WAY SILICON CATHETER SIZE 14,"1,200.00",,,Luton Hospital,,,,1,"1,200.00",https://i.postimg.cc/s24h1HsW/pharma-1.png,,
LUTON-0003,2.0 MM K-WIRES,"9,000.00",,,Luton Hospital,,,,1,"9,000.00",https://i.postimg.cc/s24h1HsW/pharma-1.png,,
LUTON-0004,20CC SYRINGES,50,,,Luton Hospital,,,,1,50,https://i.postimg.cc/s24h1HsW/pharma-1.png,,
LUTON-0005,21,25,,,Luton Hospital,,,,1,25,https://i.postimg.cc/s24h1HsW/pharma-1.png,,
LUTON-0006,2CC SYRINGES,20,,,Luton Hospital,,,,1,20,https://i.postimg.cc/s24h1HsW/pharma-1.png,,
LUTON-0007,3 PLY SURGICAL MASKS,750,,,Luton Hospital,,,,1,750,https://i.postimg.cc/s24h1HsW/pharma-1.png,,
LUTON-0008,3 WAY STOP COCK,200,,,Luton Hospital,,,,1,200,https://i.postimg.cc/s24h1HsW/pharma-1.png,,
LUTON-0009,3500,"4,180.00",,,Luton Hospital,,,,1,"4,180.00",https://i.postimg.cc/s24h1HsW/pharma-1.png,,
LUTON-0010,3WAY CANNULAR,113,,,Luton Hospital,,,,1,113,https://i.postimg.cc/s24h1HsW/pharma-1.png,,
LUTON-0011,5.0MM TWINFIX SUTURE A,"52,500.00",,,Luton Hospital,,,,1,"52,500.00",https://i.postimg.cc/s24h1HsW/pharma-1.png,,
LUTON-0012,50 CC SYRINGE,25,,,Luton Hospital,,,,1,25,https://i.postimg.cc/s24h1HsW/pharma-1.png,,
LUTON-0013,50CC SYRINGE (LUER LOCK),250,,,Luton Hospital,,,,1,250,https://i.postimg.cc/s24h1HsW/pharma-1.png,,
LUTON-0014,50CC SYRINGES (CATHETER TIP),120,,,Luton Hospital,,,,1,120,https://i.postimg.cc/s24h1HsW/pharma-1.png,,
LUTON-0015,5CC SYRINGES,25,,,Luton Hospital,,,,1,25,https://i.postimg.cc/s24h1HsW/pharma-1.png,,
LUTON-0016,60 CC SYRINGE,180,,,Luton Hospital,,,,1,180,https://i.postimg.cc/s24h1HsW/pharma-1.png,,
LUTON-0017,9 VIT MULTIVITAMIN INFUSION,"1,060.00",,,Luton Hospital,,,,1,"1,060.00",https://i.postimg.cc/s24h1HsW/pharma-1.png,,
LUTON-0018,ABACAVIR / LAMIVUDINE 600/300MG TABS 30S (ABC/3TC),0,,,Luton Hospital,,,,1,0,https://i.postimg.cc/s24h1HsW/pharma-1.png,,
LUTON-0019,ABDOMINAL PACK PER PIECE,205,,,Luton Hospital,,,,1,205,https://i.postimg.cc/s24h1HsW/pharma-1.png,,
LUTON-0020,ACCUCHECK INSTANT BLOOD GLUCOSE TEST STRIPS 50S,"2,850.00",,,Luton Hospital,,,,1,"2,850.00",https://i.postimg.cc/s24h1HsW/pharma-1.png,,
LUTON-0021,ACECLFENAC+LINSED OIL+MENTHOL+METHYL SALISCILATE ( STEDNAC GEL )30GM,390,,,Luton Hospital,,,,1,390,https://i.postimg.cc/s24h1HsW/pharma-1.png,,
LUTON-0022,ACECLOFENAC & THIOCOLCHICOSIDE 100/8MG TABS 30S (NEORELAX A 8MG),20,,,Luton Hospital,,,,1,20,https://i.postimg.cc/s24h1HsW/pharma-1.png,,
LUTON-0023,"ACECLOFENAC 1% GEL, 30GM (ACECOR GEL)",650,,,Luton Hospital,,,,1,650,https://i.postimg.cc/s24h1HsW/pharma-1.png,,
LUTON-0024,ACECLOFENAC 100/PARACETAMOL TABS 500/CHLORZOXAZONE 500 (ZYRTAL MR),55,,,Luton Hospital,,,,1,55,https://i.postimg.cc/s24h1HsW/pharma-1.png,,
LUTON-0025,ACECLOFENAC 100MG (DOLOWIN),30,,,Luton Hospital,,,,1,30,https://i.postimg.cc/s24h1HsW/pharma-1.png,,
LUTON-0026,ACECLOFENAC 100MG + PARACETAMOL325MG+ SERRATIOPEPTIDASE 15MG (PACLOF S),50,,,Luton Hospital,,,,1,50,https://i.postimg.cc/s24h1HsW/pharma-1.png,,
LUTON-0027,ACECLOFENAC 100MG +PARAETAMOL 500MG ( ZERODOL-P ),45,,,Luton Hospital,,,,1,45,https://i.postimg.cc/s24h1HsW/pharma-1.png,,
LUTON-0028,ACECLOFENAC 100MG +SERRATIOPEPTIDASE 15 MG +PARACETAMOL TABS 500MG (ACP-SP),50,,,Luton Hospital,,,,1,50,https://i.postimg.cc/s24h1HsW/pharma-1.png,,
LUTON-0029,ACECLOFENAC 100MG TABS (AIRTAL),114,,,Luton Hospital,,,,1,114,https://i.postimg.cc/s24h1HsW/pharma-1.png,,
LUTON-0030,ACECLOFENAC 100MG/ PARACETAMOL 500MG TABS 30S (ACECOR P),50,,,Luton Hospital,,,,1,50,https://i.postimg.cc/s24h1HsW/pharma-1.png,,
LUTON-0031,ACECLOFENAC 100MG/ PARACETAMOL 500MG/ESOMEPRAZOLE 20MG TABS 10S (ZULU ES),70,,,Luton Hospital,,,,1,70,https://i.postimg.cc/s24h1HsW/pharma-1.png,,
LUTON-0032,ACECLOFENAC 100MG/ PARACETAMOL TABS 500MG (ZALAC P),25,,,Luton Hospital,,,,1,25,https://i.postimg.cc/s24h1HsW/pharma-1.png,,
LUTON-0033,ACECLOFENAC 100MG/ PARACETAMOL TABS 500MG (ZULU),50,,,Luton Hospital,,,,1,50,https://i.postimg.cc/s24h1HsW/pharma-1.png,,
LUTON-0034,ACECLOFENAC 100MG/ PARACETAMOL TABS 500MG/ SERRATIOPEPTIDASE 15MG TABS (ZALAC SP),40,,,Luton Hospital,,,,1,40,https://i.postimg.cc/s24h1HsW/pharma-1.png,,
LUTON-0035,ACECLOFENAC 100MG/ PARACETAMOL TABS 500MG/ TIZANIDINE 2MG TABS (ZALAC MR),41,,,Luton Hospital,,,,1,41,https://i.postimg.cc/s24h1HsW/pharma-1.png,,
LUTON-0036,ACECLOFENAC 100MG/PARACETAMOL 325MG/CHLORZOXAZONE 500MG (ACP MR),50,,,Luton Hospital,,,,1,50,https://i.postimg.cc/s24h1HsW/pharma-1.png,,
LUTON-0037,ACECLOFENAC 100MG/PARACETAMOL TABS 500MG/CHLORZOXAZONE 375MG TABS (RILIF MR),53,,,Luton Hospital,,,,1,53,https://i.postimg.cc/s24h1HsW/pharma-1.png,,
LUTON-0038,ACECLOFENAC 100MG/PARACETAMOL TABS 500MG (DOLOWIN PLUS),50,,,Luton Hospital,,,,1,50,https://i.postimg.cc/s24h1HsW/pharma-1.png,,
LUTON-0039,ACECLOFENAC 100MG/PARACETAMOL TABS500MG (ACP),50,,,Luton Hospital,,,,1,50,https://i.postimg.cc/s24h1HsW/pharma-1.png,,
LUTON-0040,ACECLOFENAC 100MG/PARACETAMOL TABS500MG/CHLORZOXAZONE 250MG (TRACK MR) 100S,30,,,Luton Hospital,,,,1,30,https://i.postimg.cc/s24h1HsW/pharma-1.png,,
LUTON-0041,ACECLOFENAC 100MG/SERRATIOPEPTIDASE 15MG (ZYRTAL SP),45,,,Luton Hospital,,,,1,45,https://i.postimg.cc/s24h1HsW/pharma-1.png,,
LUTON-0042,ACECLOFENAC 100MG+PARACETAMOL 325MG+CHLORZOXAZONE 500MG ( MYONAC-MR ),50,,,Luton Hospital,,,,1,50,https://i.postimg.cc/s24h1HsW/pharma-1.png,,
LUTON-0043,ACECLOFENAC 200MG (DOLOWIN SR),30,,,Luton Hospital,,,,1,30,https://i.postimg.cc/s24h1HsW/pharma-1.png,,
LUTON-0044,ACECLOFENAC 200MG (ZYRTAL OD),45,,,Luton Hospital,,,,1,45,https://i.postimg.cc/s24h1HsW/pharma-1.png,,
LUTON-0045,ACECLOFENAC 50MG AND PARACETAMOL 125MG SYRUP 60ML (ACLOSARA P SYRUP),550,,,Luton Hospital,,,,1,550,https://i.postimg.cc/s24h1HsW/pharma-1.png,,
LUTON-0046,ACECLOFENAC AND PARACETAMOL TABS 10S (ACLOSARA P),35,,,Luton Hospital,,,,1,35,https://i.postimg.cc/s24h1HsW/pharma-1.png,,
LUTON-0047,ACECLOFENAC CONTROLLED RELEASE 200MG ( ZERODOL -CR ) 30S,30,,,Luton Hospital,,,,1,30,https://i.postimg.cc/s24h1HsW/pharma-1.png,,
LUTON-0048,"ACECLOFENAC, PARACETAMOL & THIOCOCHICOSIDE TABS (ACP-TH8)",50,,,Luton Hospital,,,,1,50,https://i.postimg.cc/s24h1HsW/pharma-1.png,,
LUTON-0049,"ACECLOFENAC, PARACETAMOL AND CHLORZOXAZONE TABS 10S (ACLOSARA MR)",45,,,Luton Hospital,,,,1,45,https://i.postimg.cc/s24h1HsW/pharma-1.png,,
LUTON-0050,"ACECLOFENAC, PARACETAMOL AND SERRATIOPEPTIDASE TABS 30S (ACECOR SP)",55,,,Luton Hospital,,,,1,55,https://i.postimg.cc/s24h1HsW/pharma-1.png,,
LUTON-0051,ACECLOFENAC/PCM/CHLORZOXAZONE (ZULU MR),55,,,Luton Hospital,,,,1,55,https://i.postimg.cc/s24h1HsW/pharma-1.png,,
LUTON-0052,ACECLOFENAC+PARACETAMOL(PACE),35,,,Luton Hospital,,,,1,35,https://i.postimg.cc/s24h1HsW/pharma-1.png,,
LUTON-0053,ACETAMINOPHEN (GACET-125) 10S,100,,,Luton Hospital,,,,1,100,https://i.postimg.cc/s24h1HsW/pharma-1.png,,
LUTON-0054,ACETAMINOPHEN (GACET-250) 10S,100,,,Luton Hospital,,,,1,100,https://i.postimg.cc/s24h1HsW/pharma-1.png,,
LUTON-0055,ACETAMINOPHEN 125MG SUPPOSITORIES,100,,,Luton Hospital,,,,1,100,https://i.postimg.cc/s24h1HsW/pharma-1.png,,
LUTON-0056,ACETAMINOPHEN 250MG SUPPOSITORIES,100,,,Luton Hospital,,,,1,100,https://i.postimg.cc/s24h1HsW/pharma-1.png,,
LUTON-0057,ACETAZOLAMIDE 250MG TABS,100,,,Luton Hospital,,,,1,100,https://i.postimg.cc/s24h1HsW/pharma-1.png,,
LUTON-0058,ACETYLCYSTEINE 2G/10ML INJ 10S,"1,850.00",,,Luton Hospital,,,,1,"1,850.00",https://i.postimg.cc/s24h1HsW/pharma-1.png,,
LUTON-0059,ACETYLCYSTEINE 600MG 30S TABS,100,,,Luton Hospital,,,,1,100,https://i.postimg.cc/s24h1HsW/pharma-1.png,,
LUTON-0060,ACETYLSALICYLIC ACID 100MG (ASPIRIN CARDIO),20,,,Luton Hospital,,,,1,20,https://i.postimg.cc/s24h1HsW/pharma-1.png,,
LUTON-0061,ACETYLSALICYLIC ACID 300MG,10,,,Luton Hospital,,,,1,10,https://i.postimg.cc/s24h1HsW/pharma-1.png,,
LUTON-0062,ACETYLSALICYLIC ACID 300MG (ASPRIN),5,,,Luton Hospital,,,,1,5,https://i.postimg.cc/s24h1HsW/pharma-1.png,,
LUTON-0063,ACETYLSALICYLIC ACID 75MG,10,,,Luton Hospital,,,,1,10,https://i.postimg.cc/s24h1HsW/pharma-1.png,,
LUTON-0064,ACETYLSALICYLIC ACID 75MG (ASCARD),10,,,Luton Hospital,,,,1,10,https://i.postimg.cc/s24h1HsW/pharma-1.png,,
LUTON-0065,ACID CONCENTRATE FOR HAEMODIALYSIS,870,,,Luton Hospital,,,,1,870,https://i.postimg.cc/s24h1HsW/pharma-1.png,,
LUTON-0066,ACLOFAST SP,36,,,Luton Hospital,,,,1,36,https://i.postimg.cc/s24h1HsW/pharma-1.png,,
LUTON-0067,"ACMIST MOISTURIZING GEL, 50GM","6,000.00",,,Luton Hospital,,,,1,"6,000.00",https://i.postimg.cc/s24h1HsW/pharma-1.png,,
LUTON-0068,ACRIFLAVINE 0.12GM AND THYMOL (BURNOX) CREAM 20G,150,,,Luton Hospital,,,,1,150,https://i.postimg.cc/s24h1HsW/pharma-1.png,,
LUTON-0069,ACRYTEMP WITH DISPENSER AND TIPS,0,,,Luton Hospital,,,,1,0,https://i.postimg.cc/s24h1HsW/pharma-1.png,,
LUTON-0070,ACTILIFE DAILY FLORA SATCHETS 10S,150,,,Luton Hospital,,,,1,150,https://i.postimg.cc/s24h1HsW/pharma-1.png,,
LUTON-0071,ACTILIFE H PYLORI DEFENSE CAPS 15S,85,,,Luton Hospital,,,,1,85,https://i.postimg.cc/s24h1HsW/pharma-1.png,,
LUTON-0072,ACTILIFE PAIN RELIEF SPRAY 3S,800,,,Luton Hospital,,,,1,800,https://i.postimg.cc/s24h1HsW/pharma-1.png,,
LUTON-0073,ACTILIFE WOMENS FLORA CAPS 15S,85,,,Luton Hospital,,,,1,85,https://i.postimg.cc/s24h1HsW/pharma-1.png,,
LUTON-0074,ACTIPOTENS,0,,,Luton Hospital,,,,1,0,https://i.postimg.cc/s24h1HsW/pharma-1.png,,
LUTON-0075,ACTIVATED CHARCOAL,20,,,Luton Hospital,,,,1,20,https://i.postimg.cc/s24h1HsW/pharma-1.png,,
LUTON-0076,"ACTIVATED CHARCOAL, PAPAIN & FUNGAL DIASTASE EFFERVESCENT TABS 10S (PAPCOR)",80,,,Luton Hospital,,,,1,80,https://i.postimg.cc/s24h1HsW/pharma-1.png,,
LUTON-0077,"ACTIVATED CHARCOAL, PAPAIN & FUNGAL DISASTASE EFFERVESCENT TABS 10S (PAPCOR)",780,,,Luton Hospital,,,,1,780,https://i.postimg.cc/s24h1HsW/pharma-1.png,,
LUTON-0078,ACTLIFE(H.PYLORI DEFENCE),"1,300.00",,,Luton Hospital,,,,1,"1,300.00",https://i.postimg.cc/s24h1HsW/pharma-1.png,,
LUTON-0079,ACTRAPID FLEXPEN 100IU /ML 10ML,"5,400.00",,,Luton Hospital,,,,1,"5,400.00",https://i.postimg.cc/s24h1HsW/pharma-1.png,,
LUTON-0080,ACYCLOVIR 200MG,30,,,Luton Hospital,,,,1,30,https://i.postimg.cc/s24h1HsW/pharma-1.png,,
LUTON-0081,ACYCLOVIR 200MG TABS 25S (ACYCLOVIR DENK 200),120,,,Luton Hospital,,,,1,120,https://i.postimg.cc/s24h1HsW/pharma-1.png,,
LUTON-0082,ACYCLOVIR 250MG INJECTION,"1,800.00",,,Luton Hospital,,,,1,"1,800.00",https://i.postimg.cc/s24h1HsW/pharma-1.png,,
LUTON-0083,ACYCLOVIR 3%W/W CREAM,180,,,Luton Hospital,,,,1,180,https://i.postimg.cc/s24h1HsW/pharma-1.png,,
LUTON-0084,ACYCLOVIR 400MG,40,,,Luton Hospital,,,,1,40,https://i.postimg.cc/s24h1HsW/pharma-1.png,,
LUTON-0085,ACYCLOVIR 400MG (UNIVIR) TABS 10S,60,,,Luton Hospital,,,,1,60,https://i.postimg.cc/s24h1HsW/pharma-1.png,,
LUTON-0086,ACYCLOVIR 400MG (VIRUX),35,,,Luton Hospital,,,,1,35,https://i.postimg.cc/s24h1HsW/pharma-1.png,,
LUTON-0087,ACYCLOVIR 5 % CREAM 7 GRAMS (ACYCLOVIR DENK CREAM),"1,800.00",,,Luton Hospital,,,,1,"1,800.00",https://i.postimg.cc/s24h1HsW/pharma-1.png,,
LUTON-0088,ACYCLOVIR 5%W/W CREAM,150,,,Luton Hospital,,,,1,150,https://i.postimg.cc/s24h1HsW/pharma-1.png,,
LUTON-0089,ACYCLOVIR CREAM 10GM,280,,,Luton Hospital,,,,1,280,https://i.postimg.cc/s24h1HsW/pharma-1.png,,
LUTON-0090,ACYCLOVIR CREAM 5% (VIREST ),250,,,Luton Hospital,,,,1,250,https://i.postimg.cc/s24h1HsW/pharma-1.png,,
LUTON-0091,ACYCLOVIR CREAM 5GM,150,,,Luton Hospital,,,,1,150,https://i.postimg.cc/s24h1HsW/pharma-1.png,,
LUTON-0092,ADAPALENE & CLINDAMYCIN GEL 15GM (LACNE),850,,,Luton Hospital,,,,1,850,https://i.postimg.cc/s24h1HsW/pharma-1.png,,
LUTON-0093,ADAPALENE GEL 15G (KLENZIT),800,,,Luton Hospital,,,,1,800,https://i.postimg.cc/s24h1HsW/pharma-1.png,,
LUTON-0094,ADAPALENE/CLINDAMYCIN GEL 15G (KLENZIT C),"1,400.00",,,Luton Hospital,,,,1,"1,400.00",https://i.postimg.cc/s24h1HsW/pharma-1.png,,
LUTON-0095,ADDITRACE,"1,250.00",,,Luton Hospital,,,,1,"1,250.00",https://i.postimg.cc/s24h1HsW/pharma-1.png,,
LUTON-0096,ADENOSINE 6MG/2ML INJ,"1,950.00",,,Luton Hospital,,,,1,"1,950.00",https://i.postimg.cc/s24h1HsW/pharma-1.png,,
LUTON-0097,ADJUSTABLE ELBOW CRUTCHES ADULT PER PAIR,"3,750.00",,,Luton Hospital,,,,1,"3,750.00",https://i.postimg.cc/s24h1HsW/pharma-1.png,,
LUTON-0098,ADJUSTABLE ELBOW CRUTCHES PAEDS PER PAIR,"3,750.00",,,Luton Hospital,,,,1,"3,750.00",https://i.postimg.cc/s24h1HsW/pharma-1.png,,
LUTON-0099,ADRENALINE 1MG/ML,100,,,Luton Hospital,,,,1,100,https://i.postimg.cc/s24h1HsW/pharma-1.png,,
LUTON-0100,ADULT DIAPERS- EXTRA LARGE,260,,,Luton Hospital,,,,1,260,https://i.postimg.cc/s24h1HsW/pharma-1.png,,
LUTON-0101,ADULT DIAPERS- LARGE,260,,,Luton Hospital,,,,1,260,https://i.postimg.cc/s24h1HsW/pharma-1.png,,
LUTON-0102,ADVANCE RESCUE (LACTOBACILLUS+LACTOCOCCUS),65,,,Luton Hospital,,,,1,65,https://i.postimg.cc/s24h1HsW/pharma-1.png,,
LUTON-0103,AEROCHAMBER CHILD SPACER,"9,110.00",,,Luton Hospital,,,,1,"9,110.00",https://i.postimg.cc/s24h1HsW/pharma-1.png,,
LUTON-0104,AEROCHAMBER PAED SPACER,"9,110.00",,,Luton Hospital,,,,1,"9,110.00",https://i.postimg.cc/s24h1HsW/pharma-1.png,,
LUTON-0105,AEROSPACER ADULT + 6YRS,"2,400.00",,,Luton Hospital,,,,1,"2,400.00",https://i.postimg.cc/s24h1HsW/pharma-1.png,,
LUTON-0106,AIR GUARD MACHINE FILTER,"2,565.00",,,Luton Hospital,,,,1,"2,565.00",https://i.postimg.cc/s24h1HsW/pharma-1.png,,
LUTON-0107,AIRMUNE EFFERSCENT TABS,"2,000.00",,,Luton Hospital,,,,1,"2,000.00",https://i.postimg.cc/s24h1HsW/pharma-1.png,,
LUTON-0108,AIRWAY 0,150,,,Luton Hospital,,,,1,150,https://i.postimg.cc/s24h1HsW/pharma-1.png,,
LUTON-0109,AIRWAY 00,150,,,Luton Hospital,,,,1,150,https://i.postimg.cc/s24h1HsW/pharma-1.png,,
LUTON-0110,AIRWAY 000,150,,,Luton Hospital,,,,1,150,https://i.postimg.cc/s24h1HsW/pharma-1.png,,
LUTON-0111,AIRWAY GUEDEL STERILE 1,200,,,Luton Hospital,,,,1,200,https://i.postimg.cc/s24h1HsW/pharma-1.png,,
LUTON-0112,AIRWAY GUEDEL STERILE 2,200,,,Luton Hospital,,,,1,200,https://i.postimg.cc/s24h1HsW/pharma-1.png,,
LUTON-0113,AIRWAY GUEDEL STERILE 3,200,,,Luton Hospital,,,,1,200,https://i.postimg.cc/s24h1HsW/pharma-1.png,,
LUTON-0114,AIRWAY SIZE 5,150,,,Luton Hospital,,,,1,150,https://i.postimg.cc/s24h1HsW/pharma-1.png,,
LUTON-0115,AIRWAYS SIZE 4,150,,,Luton Hospital,,,,1,150,https://i.postimg.cc/s24h1HsW/pharma-1.png,,
LUTON-0116,ALBENDAZOLE 400MG SUSPENSION (ALBEN),125,,,Luton Hospital,,,,1,125,https://i.postimg.cc/s24h1HsW/pharma-1.png,,
LUTON-0117,ALBENDAZOLE 400MG TABLET (ABZ),70,,,Luton Hospital,,,,1,70,https://i.postimg.cc/s24h1HsW/pharma-1.png,,
LUTON-0118,ALBENDAZOLE 400MG TABLET (ZENTEL),320,,,Luton Hospital,,,,1,320,https://i.postimg.cc/s24h1HsW/pharma-1.png,,
LUTON-0119,ALBENDAZOLE SUSPENSION (ABZ) 400MG/10ML,100,,,Luton Hospital,,,,1,100,https://i.postimg.cc/s24h1HsW/pharma-1.png,,
LUTON-0120,ALBENDAZOLE SUSPENSION 10ML (ZENTEL),300,,,Luton Hospital,,,,1,300,https://i.postimg.cc/s24h1HsW/pharma-1.png,,
LUTON-0121,ALBUTEROL/IPRATROPIUM LIQUID (COMBIVENT),250,,,Luton Hospital,,,,1,250,https://i.postimg.cc/s24h1HsW/pharma-1.png,,
LUTON-0122,ALCHOHOL SWABS 100,500,,,Luton Hospital,,,,1,500,https://i.postimg.cc/s24h1HsW/pharma-1.png,,
LUTON-0123,ALFLUZOSIN 10MG TABS (XATRAL),90,,,Luton Hospital,,,,1,90,https://i.postimg.cc/s24h1HsW/pharma-1.png,,
LUTON-0124,ALGINATE,0,,,Luton Hospital,,,,1,0,https://i.postimg.cc/s24h1HsW/pharma-1.png,,
LUTON-0125,ALICTON EAR SPRAY 10ML,900,,,Luton Hospital,,,,1,900,https://i.postimg.cc/s24h1HsW/pharma-1.png,,
LUTON-0126,ALLANTOIN/HEPARIN/EXTRACTUM CEPAE 20GM GEL (CONTRATUBEX),"1,800.00",,,Luton Hospital,,,,1,"1,800.00",https://i.postimg.cc/s24h1HsW/pharma-1.png,,
LUTON-0127,ALLIS,0,,,Luton Hospital,,,,1,0,https://i.postimg.cc/s24h1HsW/pharma-1.png,,
LUTON-0128,ALLOPURINOL 100MG,20,,,Luton Hospital,,,,1,20,https://i.postimg.cc/s24h1HsW/pharma-1.png,,
LUTON-0129,ALLOPURINOL 300MG (ALEZE) 30S,25,,,Luton Hospital,,,,1,25,https://i.postimg.cc/s24h1HsW/pharma-1.png,,
LUTON-0130,ALLUCID (G MARK) TABS 100S,5,,,Luton Hospital,,,,1,5,https://i.postimg.cc/s24h1HsW/pharma-1.png,,
LUTON-0131,ALOE INVISIBLE SUNSCREEN 80ML,"3,500.00",,,Luton Hospital,,,,1,"3,500.00",https://i.postimg.cc/s24h1HsW/pharma-1.png,,
LUTON-0132,ALOE VERA KOKUM BUTTER GLYCERINE LIQUID PARAFFIN SOAP 75GM (AQUASOFT),750,,,Luton Hospital,,,,1,750,https://i.postimg.cc/s24h1HsW/pharma-1.png,,
LUTON-0133,ALPHA AMYLASE 100MG+PAPAIN 100MG+LIPASE 25MG+SIMETHICONE 30MG( PEPSOL ),40,,,Luton Hospital,,,,1,40,https://i.postimg.cc/s24h1HsW/pharma-1.png,,
LUTON-0134,"ALPHA AMYLASE, PAPAIN, LIPASE AND SIMETHICONE EFFERVESCENT TABS (GASTROZYME )",80,,,Luton Hospital,,,,1,80,https://i.postimg.cc/s24h1HsW/pharma-1.png,,
LUTON-0135,ALPHA KETOANALOGUE TABLETS (KETO-CKD),94,,,Luton Hospital,,,,1,94,https://i.postimg.cc/s24h1HsW/pharma-1.png,,
LUTON-0136,ALPHA KETOANALOGUE TABLETS 10S (FIGOMON DS),150,,,Luton Hospital,,,,1,150,https://i.postimg.cc/s24h1HsW/pharma-1.png,,
LUTON-0137,ALPHA KETOANALOGUES & ESSENTIAL AMINO ACIDS TABLETS 10S (NEFROTH),50,,,Luton Hospital,,,,1,50,https://i.postimg.cc/s24h1HsW/pharma-1.png,,
LUTON-0138,ALPHA LIPOIC ACID /METHYLCOBALAMIN CAPS (CACHINERVE),60,,,Luton Hospital,,,,1,60,https://i.postimg.cc/s24h1HsW/pharma-1.png,,
LUTON-0139,"ALPHA LIPOIC, METHYLCOBALAMIN, BIOTIN, SELENIUM, ZINC, BENFOTIAMINE & GLA VEG CAPSULES 30S (NERVICRA)",75,,,Luton Hospital,,,,1,75,https://i.postimg.cc/s24h1HsW/pharma-1.png,,
LUTON-0140,ALPHA PLUS 2,"1,050.00",,,Luton Hospital,,,,1,"1,050.00",https://i.postimg.cc/s24h1HsW/pharma-1.png,,
LUTON-0141,ALPRAZOLAM 0.25MG (ALZOLAM 0.25),35,,,Luton Hospital,,,,1,35,https://i.postimg.cc/s24h1HsW/pharma-1.png,,
LUTON-0142,ALPRAZOLAM 0.5MG (ALZOLAM 0.5),55,,,Luton Hospital,,,,1,55,https://i.postimg.cc/s24h1HsW/pharma-1.png,,
LUTON-0143,ALPRAZOLAM 0.5MG 100S,50,,,Luton Hospital,,,,1,50,https://i.postimg.cc/s24h1HsW/pharma-1.png,,
LUTON-0144,ALUGEL SYRUP 100ML,150,,,Luton Hospital,,,,1,150,https://i.postimg.cc/s24h1HsW/pharma-1.png,,
LUTON-0145,ALUMINIUM ASSET TAGS,0,,,Luton Hospital,,,,1,0,https://i.postimg.cc/s24h1HsW/pharma-1.png,,
LUTON-0146,ALUMINIUM HYDROXIDE 300MG/MAGNESIUM HYDROXIDE 150MG/SIMETHICONE 125MG (OMIS GEL),300,,,Luton Hospital,,,,1,300,https://i.postimg.cc/s24h1HsW/pharma-1.png,,
LUTON-0147,ALVOGYL,0,,,Luton Hospital,,,,1,0,https://i.postimg.cc/s24h1HsW/pharma-1.png,,
LUTON-0148,AMALGAM SPILL (VENTURA),"4,001.00",,,Luton Hospital,,,,1,"4,001.00",https://i.postimg.cc/s24h1HsW/pharma-1.png,,
LUTON-0149,AMALGAMATOR,"28,001.00",,,Luton Hospital,,,,1,"28,001.00",https://i.postimg.cc/s24h1HsW/pharma-1.png,,
LUTON-0150,AMANTADINE 100MG CAPS 56S,250,,,Luton Hospital,,,,1,250,https://i.postimg.cc/s24h1HsW/pharma-1.png,,
LUTON-0151,AMBROXOL 15MG/5ML 100ML SYRUP,350,,,Luton Hospital,,,,1,350,https://i.postimg.cc/s24h1HsW/pharma-1.png,,
LUTON-0152,AMBROXOL HYDROCHLORIDE 15MG/5ML (MUCOSOLVAN SYRUP),700,,,Luton Hospital,,,,1,700,https://i.postimg.cc/s24h1HsW/pharma-1.png,,
LUTON-0153,AMBROXOL MUCLYTIC EXPECTORANT SYRUP 15MG/5ML (SEKROL),550,,,Luton Hospital,,,,1,550,https://i.postimg.cc/s24h1HsW/pharma-1.png,,
LUTON-0154,AMBROXOL MUCOLYTIC EXPECTORANT 30MG/5ML (SEKROL),850,,,Luton Hospital,,,,1,850,https://i.postimg.cc/s24h1HsW/pharma-1.png,,
LUTON-0155,AMBROXOL/SALBUTAMOL/GUAIFENESIN/RACEMENTHOL SYRUP(BROZELIN),450,,,Luton Hospital,,,,1,450,https://i.postimg.cc/s24h1HsW/pharma-1.png,,
LUTON-0156,AMBUBAG ADULT,"9,699.00",,,Luton Hospital,,,,1,"9,699.00",https://i.postimg.cc/s24h1HsW/pharma-1.png,,
LUTON-0157,AMBUBAG PAEDS,"9,311.00",,,Luton Hospital,,,,1,"9,311.00",https://i.postimg.cc/s24h1HsW/pharma-1.png,,
LUTON-0158,AMIKACIN 100MG INJ,108,,,Luton Hospital,,,,1,108,https://i.postimg.cc/s24h1HsW/pharma-1.png,,
LUTON-0159,AMIKACIN 125MG,750,,,Luton Hospital,,,,1,750,https://i.postimg.cc/s24h1HsW/pharma-1.png,,
LUTON-0160,AMIKACIN 500MG INJECTION (AMIKANEX),"1,500.00",,,Luton Hospital,,,,1,"1,500.00",https://i.postimg.cc/s24h1HsW/pharma-1.png,,
LUTON-0161,AMILORIDE 5MG/HCTZ 50MG TABS (MODURETIC),30,,,Luton Hospital,,,,1,30,https://i.postimg.cc/s24h1HsW/pharma-1.png,,
LUTON-0162,AMINOGARD GRANULES 5G 10S,140,,,Luton Hospital,,,,1,140,https://i.postimg.cc/s24h1HsW/pharma-1.png,,
LUTON-0163,AMINOGARD LIQUID 200ML,"1,250.00",,,Luton Hospital,,,,1,"1,250.00",https://i.postimg.cc/s24h1HsW/pharma-1.png,,
LUTON-0164,AMINOGUARD SUSPENSION,"1,150.00",,,Luton Hospital,,,,1,"1,150.00",https://i.postimg.cc/s24h1HsW/pharma-1.png,,
LUTON-0165,AMINOPHYLLINE 250MG/10ML INJECTION,400,,,Luton Hospital,,,,1,400,https://i.postimg.cc/s24h1HsW/pharma-1.png,,
LUTON-0166,AMINOPLASMA HEPA 10% SOLUTION 500ML (AMINOSTERIL),"3,350.00",,,Luton Hospital,,,,1,"3,350.00",https://i.postimg.cc/s24h1HsW/pharma-1.png,,
LUTON-0167,AMINOSIDINE 125MG/5ML 60ML SYP (DABORAL),400,,,Luton Hospital,,,,1,400,https://i.postimg.cc/s24h1HsW/pharma-1.png,,
LUTON-0168,AMINOSIDINE 125MG/5ML SYRUP,400,,,Luton Hospital,,,,1,400,https://i.postimg.cc/s24h1HsW/pharma-1.png,,
LUTON-0169,AMINOSIDINE 250MG 20S (DABORAL),70,,,Luton Hospital,,,,1,70,https://i.postimg.cc/s24h1HsW/pharma-1.png,,
LUTON-0170,AMINOSIDINE 250MG 20S (UNIBROL),55,,,Luton Hospital,,,,1,55,https://i.postimg.cc/s24h1HsW/pharma-1.png,,
LUTON-0171,AMINOSTERIL N HEPA 8% 500MG,"3,075.00",,,Luton Hospital,,,,1,"3,075.00",https://i.postimg.cc/s24h1HsW/pharma-1.png,,
LUTON-0172,AMINOSTERIL N HEPA 8% INFUSION,"3,075.00",,,Luton Hospital,,,,1,"3,075.00",https://i.postimg.cc/s24h1HsW/pharma-1.png,,
LUTON-0173,AMIODARONE 150MG/3ML INJECTION,600,,,Luton Hospital,,,,1,600,https://i.postimg.cc/s24h1HsW/pharma-1.png,,
LUTON-0174,AMIODARONE 200MG TABS (CARDARONE),130,,,Luton Hospital,,,,1,130,https://i.postimg.cc/s24h1HsW/pharma-1.png,,
LUTON-0175,AMIODARONE 50MG INJECTION (CARDARONE),500,,,Luton Hospital,,,,1,500,https://i.postimg.cc/s24h1HsW/pharma-1.png,,
LUTON-0176,AMITRIPTYLINE 25MG TABLETS,20,,,Luton Hospital,,,,1,20,https://i.postimg.cc/s24h1HsW/pharma-1.png,,
LUTON-0177,AMLODIPINE 10 MG ( AMLONG ),45,,,Luton Hospital,,,,1,45,https://i.postimg.cc/s24h1HsW/pharma-1.png,,
LUTON-0178,AMLODIPINE 10MG TABS ( AMLONG ),65,,,Luton Hospital,,,,1,65,https://i.postimg.cc/s24h1HsW/pharma-1.png,,
LUTON-0179,AMLODIPINE 10MG (NORVASC 10MG),120,,,Luton Hospital,,,,1,120,https://i.postimg.cc/s24h1HsW/pharma-1.png,,
LUTON-0180,AMLODIPINE 10MG (NORVATIS),15,,,Luton Hospital,,,,1,15,https://i.postimg.cc/s24h1HsW/pharma-1.png,,
LUTON-0181,AMLODIPINE 10MG +VALSARTAN 160MG ( EXFORGE 10/160 ),135,,,Luton Hospital,,,,1,135,https://i.postimg.cc/s24h1HsW/pharma-1.png,,
LUTON-0182,AMLODIPINE 10MG TABS,45,,,Luton Hospital,,,,1,45,https://i.postimg.cc/s24h1HsW/pharma-1.png,,
LUTON-0183,AMLODIPINE 10MG TABS (AMLODENK 10),35,,,Luton Hospital,,,,1,35,https://i.postimg.cc/s24h1HsW/pharma-1.png,,
LUTON-0184,"AMLODIPINE 10MG, VALSARTAN 160MG AND HCTZ 25MG TABS 28S (EXFORGE HCT)",200,,,Luton Hospital,,,,1,200,https://i.postimg.cc/s24h1HsW/pharma-1.png,,
LUTON-0185,AMLODIPINE 2.5MG/LOSARTAN 50MG (ASOMEX LT),"3,480.00",,,Luton Hospital,,,,1,"3,480.00",https://i.postimg.cc/s24h1HsW/pharma-1.png,,
LUTON-0186,AMLODIPINE 5MG (ASOMEX),80,,,Luton Hospital,,,,1,80,https://i.postimg.cc/s24h1HsW/pharma-1.png,,
LUTON-0187,AMLODIPINE 5MG (NORVASC 5MG),95,,,Luton Hospital,,,,1,95,https://i.postimg.cc/s24h1HsW/pharma-1.png,,
LUTON-0188,AMLODIPINE 5MG +VALSARTAN 160MG ( EXFORGE 5/160 ),130,,,Luton Hospital,,,,1,130,https://i.postimg.cc/s24h1HsW/pharma-1.png,,
LUTON-0189,AMLODIPINE 5MG AND ATORVASTATIN 10MG TABS 30S (AMLOGOOD AT 10),50,,,Luton Hospital,,,,1,50,https://i.postimg.cc/s24h1HsW/pharma-1.png,,
LUTON-0190,AMLODIPINE 5MG TAB (AMLODENK 5),25,,,Luton Hospital,,,,1,25,https://i.postimg.cc/s24h1HsW/pharma-1.png,,
LUTON-0191,AMLODIPINE 5MG TABS,25,,,Luton Hospital,,,,1,25,https://i.postimg.cc/s24h1HsW/pharma-1.png,,
LUTON-0192,AMLODIPINE 5MG TABS (AMLODENK 5),25,,,Luton Hospital,,,,1,25,https://i.postimg.cc/s24h1HsW/pharma-1.png,,
LUTON-0193,AMLODIPINE 5MG(PROVASK),20,,,Luton Hospital,,,,1,20,https://i.postimg.cc/s24h1HsW/pharma-1.png,,
LUTON-0194,AMLODIPINE 5MG/NEBIVOLOL 5MG (AMLOCIP NB),65,,,Luton Hospital,,,,1,65,https://i.postimg.cc/s24h1HsW/pharma-1.png,,
LUTON-0195,AMLODIPINE/LOSARTAN/HCTZ (AMLOZAAR H),96,,,Luton Hospital,,,,1,96,https://i.postimg.cc/s24h1HsW/pharma-1.png,,
LUTON-0196,AMLODIPINE/LOSARTAN/HCTZ (LOSARGOOD AM H),60,,,Luton Hospital,,,,1,60,https://i.postimg.cc/s24h1HsW/pharma-1.png,,
LUTON-0197,AMOKLAVIN 1GM,120,,,Luton Hospital,,,,1,120,https://i.postimg.cc/s24h1HsW/pharma-1.png,,
LUTON-0198,AMOLAB-5(AMLODIPINE 5MG),10,,,Luton Hospital,,,,1,10,https://i.postimg.cc/s24h1HsW/pharma-1.png,,
LUTON-0199,AMOXICILIN 125MG/CLAVULANIC ACID 31.25MG SUSP (CLAVULIN 156MG/5ML),750,,,Luton Hospital,,,,1,750,https://i.postimg.cc/s24h1HsW/pharma-1.png,,
LUTON-0200,AMOXICILIN 200MG/CLAVULANIC ACID 28.5 (CLAVULIN 228/5ML),660,,,Luton Hospital,,,,1,660,https://i.postimg.cc/s24h1HsW/pharma-1.png,,
LUTON-0201,AMOXICILLIN-CLAVULANIC ACID 228MG SUSP (CORCLAV 228),550,,,Luton Hospital,,,,1,550,https://i.postimg.cc/s24h1HsW/pharma-1.png,,
LUTON-0202,AMOXICILLIN-CLAVULANIC ACID 228MG/5ML (CLAVULIN),700,,,Luton Hospital,,,,1,700,https://i.postimg.cc/s24h1HsW/pharma-1.png,,
LUTON-0203,AMOXICILLIN-CLAVULANIC ACID 228MG/5ML (CLAXY-228.5),550,,,Luton Hospital,,,,1,550,https://i.postimg.cc/s24h1HsW/pharma-1.png,,
LUTON-0204,AMOXICILLIN-CLAVULANIC ACID 457MG SUSP (CORCLAV 457),800,,,Luton Hospital,,,,1,800,https://i.postimg.cc/s24h1HsW/pharma-1.png,,
LUTON-0205,AMOXICILLIN-CLAVULANIC ACID 457MG/5ML SUSP (CLAVULIN),"1,100.00",,,Luton Hospital,,,,1,"1,100.00",https://i.postimg.cc/s24h1HsW/pharma-1.png,,
LUTON-0206,AMOXICILLIN-CLAVULANIC ACID 625 14S (FLEMMING),600,,,Luton Hospital,,,,1,600,https://i.postimg.cc/s24h1HsW/pharma-1.png,,
LUTON-0207,AMOXICILLIN 250MG/5ML SYRUP 100ML GSK (AMOXIL FORTE),780,,,Luton Hospital,,,,1,780,https://i.postimg.cc/s24h1HsW/pharma-1.png,,
LUTON-0208,AMOXICILLIN /CLAVULANIC ACID 1.2GM INJ,950,,,Luton Hospital,,,,1,950,https://i.postimg.cc/s24h1HsW/pharma-1.png,,
LUTON-0209,AMOXICILLIN 1000MG + CLARITHROMYCIN 500MG +LANZOPRAZOLE 30MG H PYLORI KIT 7S,"1,900.00",,,Luton Hospital,,,,1,"1,900.00",https://i.postimg.cc/s24h1HsW/pharma-1.png,,
LUTON-0210,AMOXICILLIN 1000MG/CLARITHROMYCIN 500MG/LANSOPRAZOLE 30MG H PYLORI (SIGN KIT),"3,000.00",,,Luton Hospital,,,,1,"3,000.00",https://i.postimg.cc/s24h1HsW/pharma-1.png,,
LUTON-0211,AMOXICILLIN 1000MG/CLARITHROMYCIN 500MG/LANSOPRAZOLE 30MG TABS H PYLORI (SIGN KIT 14S),"4,850.00",,,Luton Hospital,,,,1,"4,850.00",https://i.postimg.cc/s24h1HsW/pharma-1.png,,
LUTON-0212,AMOXICILLIN 125MG/5ML (MOXACIL) 100ML,100,,,Luton Hospital,,,,1,100,https://i.postimg.cc/s24h1HsW/pharma-1.png,,
LUTON-0213,AMOXICILLIN 125MG/5ML 100ML SUSP(RIVAMOX),165,,,Luton Hospital,,,,1,165,https://i.postimg.cc/s24h1HsW/pharma-1.png,,
LUTON-0214,AMOXICILLIN 125MG/5ML 100ML SUSPENSION(AMOXIL GSK),360,,,Luton Hospital,,,,1,360,https://i.postimg.cc/s24h1HsW/pharma-1.png,,
LUTON-0215,AMOXICILLIN 125MG/5ML SUSPENSION 100ML (PENAMOX),270,,,Luton Hospital,,,,1,270,https://i.postimg.cc/s24h1HsW/pharma-1.png,,
LUTON-0216,AMOXICILLIN 200MG/CLAVULANIC ACID 28.5 (CLANOXY 228MG/5ML),150,,,Luton Hospital,,,,1,150,https://i.postimg.cc/s24h1HsW/pharma-1.png,,
LUTON-0217,AMOXICILLIN 250MG,20,,,Luton Hospital,,,,1,20,https://i.postimg.cc/s24h1HsW/pharma-1.png,,
LUTON-0218,AMOXICILLIN 250MG AND FLUCLOXACILLIN 250MG CAPS 20S (FLAMOX 500MG),25,,,Luton Hospital,,,,1,25,https://i.postimg.cc/s24h1HsW/pharma-1.png,,
LUTON-0219,AMOXICILLIN 250MG CAPS 100S,10,,,Luton Hospital,,,,1,10,https://i.postimg.cc/s24h1HsW/pharma-1.png,,
LUTON-0220,AMOXICILLIN 250MG CAPSULES,10,,,Luton Hospital,,,,1,10,https://i.postimg.cc/s24h1HsW/pharma-1.png,,
LUTON-0221,AMOXICILLIN 250MG CAPSULES,10,,,Luton Hospital,,,,1,10,https://i.postimg.cc/s24h1HsW/pharma-1.png,,
LUTON-0222,AMOXICILLIN 250MG DISPERSIBLE TABLETS,20,,,Luton Hospital,,,,1,20,https://i.postimg.cc/s24h1HsW/pharma-1.png,,
LUTON-0223,AMOXICILLIN 250MG DISPERSIBLE TABLETS,20,,,Luton Hospital,,,,1,20,https://i.postimg.cc/s24h1HsW/pharma-1.png,,
LUTON-0224,AMOXICILLIN 250MG/5ML (MOXACIL) 100ML,270,,,Luton Hospital,,,,1,270,https://i.postimg.cc/s24h1HsW/pharma-1.png,,
LUTON-0225,AMOXICILLIN 250MG/5ML 100ML SUSP(RIVAMOX),218,,,Luton Hospital,,,,1,218,https://i.postimg.cc/s24h1HsW/pharma-1.png,,
LUTON-0226,AMOXICILLIN 250MG/5ML 100ML SUSPENSION(AMOXIL FORTE GSK),780,,,Luton Hospital,,,,1,780,https://i.postimg.cc/s24h1HsW/pharma-1.png,,
LUTON-0227,AMOXICILLIN 500MG (GSK),30,,,Luton Hospital,,,,1,30,https://i.postimg.cc/s24h1HsW/pharma-1.png,,
LUTON-0228,AMOXICILLIN 500MG (PENAMOX 500MG),25,,,Luton Hospital,,,,1,25,https://i.postimg.cc/s24h1HsW/pharma-1.png,,
LUTON-0229,AMOXICILLIN 500MG CAPS 100S,20,,,Luton Hospital,,,,1,20,https://i.postimg.cc/s24h1HsW/pharma-1.png,,
LUTON-0230,AMOXICILLIN 500MG CAPSULES,10,,,Luton Hospital,,,,1,10,https://i.postimg.cc/s24h1HsW/pharma-1.png,,
LUTON-0231,AMOXICILLIN 600MG/CLAVULANIC ACID 42.9MG SUSPENSION (AUGMENTIN ES),"2,450.00",,,Luton Hospital,,,,1,"2,450.00",https://i.postimg.cc/s24h1HsW/pharma-1.png,,
LUTON-0232,AMOXICILLIN ND CLAVULANIC ACID 228.5MG/5ML 100ML (CLAMOXIN 228.5),270,,,Luton Hospital,,,,1,270,https://i.postimg.cc/s24h1HsW/pharma-1.png,,
LUTON-0233,AMOXICILLIN/ CLAVULANIC ACID 1000MG TABS 10S ( BEECLAV 1G),75,,,Luton Hospital,,,,1,75,https://i.postimg.cc/s24h1HsW/pharma-1.png,,
LUTON-0234,AMOXICILLIN/ CLAVULANIC ACID 228.5 DT (CLEDOMOX),375,,,Luton Hospital,,,,1,375,https://i.postimg.cc/s24h1HsW/pharma-1.png,,
LUTON-0235,AMOXICILLIN/ CLAVULANIC ACID 625MG,45,,,Luton Hospital,,,,1,45,https://i.postimg.cc/s24h1HsW/pharma-1.png,,
LUTON-0236,AMOXICILLIN/ CLAVULANIC ACID 625MG ( RAPICLAV 625 ),50,,,Luton Hospital,,,,1,50,https://i.postimg.cc/s24h1HsW/pharma-1.png,,
LUTON-0237,AMOXICILLIN/CLAVULANIC ACID 1.2G INJ,900,,,Luton Hospital,,,,1,900,https://i.postimg.cc/s24h1HsW/pharma-1.png,,
LUTON-0238,AMOXICILLIN/CLAVULANIC ACID 1.2G INJ(AUGMENTIN),"1,290.00",,,Luton Hospital,,,,1,"1,290.00",https://i.postimg.cc/s24h1HsW/pharma-1.png,,
LUTON-0239,AMOXICILLIN/CLAVULANIC ACID 1000MG 14S (CURAM),152,,,Luton Hospital,,,,1,152,https://i.postimg.cc/s24h1HsW/pharma-1.png,,
LUTON-0240,AMOXICILLIN/CLAVULANIC ACID 156MG SUSP (NEOCLAV 156 MG),800,,,Luton Hospital,,,,1,800,https://i.postimg.cc/s24h1HsW/pharma-1.png,,
LUTON-0241,AMOXICILLIN/CLAVULANIC ACID 156MG/5ML 100ML SUSP(ULMENTIN),400,,,Luton Hospital,,,,1,400,https://i.postimg.cc/s24h1HsW/pharma-1.png,,
LUTON-0242,AMOXICILLIN/CLAVULANIC ACID 156MG/ML SUSP 100ML,300,,,Luton Hospital,,,,1,300,https://i.postimg.cc/s24h1HsW/pharma-1.png,,
LUTON-0243,AMOXICILLIN/CLAVULANIC ACID 1G 10S ( RAPICLAV 1GM),67,,,Luton Hospital,,,,1,67,https://i.postimg.cc/s24h1HsW/pharma-1.png,,
LUTON-0244,AMOXICILLIN/CLAVULANIC ACID 1G 14S (CLAVULIN),120,,,Luton Hospital,,,,1,120,https://i.postimg.cc/s24h1HsW/pharma-1.png,,
LUTON-0245,AMOXICILLIN/CLAVULANIC ACID 1GM 14S (AUGMENTIN),260,,,Luton Hospital,,,,1,260,https://i.postimg.cc/s24h1HsW/pharma-1.png,,
LUTON-0246,AMOXICILLIN/CLAVULANIC ACID 228MG/5ML 100ML (FLEMING),500,,,Luton Hospital,,,,1,500,https://i.postimg.cc/s24h1HsW/pharma-1.png,,
LUTON-0247,AMOXICILLIN/CLAVULANIC ACID 228MG/5ML (AUGMENTIN),"1,100.00",,,Luton Hospital,,,,1,"1,100.00",https://i.postimg.cc/s24h1HsW/pharma-1.png,,
LUTON-0248,AMOXICILLIN/CLAVULANIC ACID 228MG/5ML SUSP (DAFRACLAV),750,,,Luton Hospital,,,,1,750,https://i.postimg.cc/s24h1HsW/pharma-1.png,,
LUTON-0249,AMOXICILLIN/CLAVULANIC ACID 375MG 10S,60,,,Luton Hospital,,,,1,60,https://i.postimg.cc/s24h1HsW/pharma-1.png,,
LUTON-0250,AMOXICILLIN/CLAVULANIC ACID 375MG(AUGMENTIN),110,,,Luton Hospital,,,,1,110,https://i.postimg.cc/s24h1HsW/pharma-1.png,,
LUTON-0251,AMOXICILLIN/CLAVULANIC ACID 375MG(BACTOCLAV),30,,,Luton Hospital,,,,1,30,https://i.postimg.cc/s24h1HsW/pharma-1.png,,
LUTON-0252,AMOXICILLIN/CLAVULANIC ACID 457/5ML 70ML SUSP(FLEMING),700,,,Luton Hospital,,,,1,700,https://i.postimg.cc/s24h1HsW/pharma-1.png,,
LUTON-0253,AMOXICILLIN/CLAVULANIC ACID 457MG/5ML (AUGMENTIN),"1,400.00",,,Luton Hospital,,,,1,"1,400.00",https://i.postimg.cc/s24h1HsW/pharma-1.png,,
LUTON-0254,AMOXICILLIN/CLAVULANIC ACID 457MG/5ML 100ML SUSP (DAFRACLAV),"1,200.00",,,Luton Hospital,,,,1,"1,200.00",https://i.postimg.cc/s24h1HsW/pharma-1.png,,
LUTON-0255,AMOXICILLIN/CLAVULANIC ACID 457MG/5ML 100ML SUSPENSION (CLAVULIN),"1,000.00",,,Luton Hospital,,,,1,"1,000.00",https://i.postimg.cc/s24h1HsW/pharma-1.png,,
LUTON-0256,AMOXICILLIN/CLAVULANIC ACID 457MG/5ML 100ML(JULMENTIN),500,,,Luton Hospital,,,,1,500,https://i.postimg.cc/s24h1HsW/pharma-1.png,,
LUTON-0257,AMOXICILLIN/CLAVULANIC ACID 625MG 14S (AUGMENTIN),140,,,Luton Hospital,,,,1,140,https://i.postimg.cc/s24h1HsW/pharma-1.png,,
LUTON-0258,AMOXICILLIN/CLAVULANIC ACID 625MG 14S (CLAVULIN),100,,,Luton Hospital,,,,1,100,https://i.postimg.cc/s24h1HsW/pharma-1.png,,
LUTON-0259,AMOXICILLIN/CLAVULANIC ACID 625MG 14S (WINCLAV),50,,,Luton Hospital,,,,1,50,https://i.postimg.cc/s24h1HsW/pharma-1.png,,
LUTON-0260,AMOXICILLIN+CLAVULANATE 1.2GM ( KOACT ),720,,,Luton Hospital,,,,1,720,https://i.postimg.cc/s24h1HsW/pharma-1.png,,
LUTON-0261,AMOXICILLIN+CLAVULANATE 625MG ( DAFRACLAV )14S,55,,,Luton Hospital,,,,1,55,https://i.postimg.cc/s24h1HsW/pharma-1.png,,
LUTON-0262,AMOXICILLIN+CLAVULANIC ACID 1GM 10S (CLAVAM 1000),60,,,Luton Hospital,,,,1,60,https://i.postimg.cc/s24h1HsW/pharma-1.png,,
LUTON-0263,AMOXICILLIN+CLAVULANIC ACID 1GM 10S (CORCLAV 1000),120,,,Luton Hospital,,,,1,120,https://i.postimg.cc/s24h1HsW/pharma-1.png,,
LUTON-0264,AMOXICLAV 1000MG TABLETS CLAXY 1 GM TABS,120,,,Luton Hospital,,,,1,120,https://i.postimg.cc/s24h1HsW/pharma-1.png,,
LUTON-0265,AMOXIL SYRUP FORTE (250MG/5ML) 100ML,780,,,Luton Hospital,,,,1,780,https://i.postimg.cc/s24h1HsW/pharma-1.png,,
LUTON-0266,AMOXILLIN 1000MG + CLARITHROMYCIN 500MG + ESOMEPRAZOLE 20MG H PYLORI KIT,"2,800.00",,,Luton Hospital,,,,1,"2,800.00",https://i.postimg.cc/s24h1HsW/pharma-1.png,,
LUTON-0267,AMOXYCILLIN DISPERSIBLE TABS 250MG,30,,,Luton Hospital,,,,1,30,https://i.postimg.cc/s24h1HsW/pharma-1.png,,
LUTON-0268,AMPHOTERICIN B 50MG,800,,,Luton Hospital,,,,1,800,https://i.postimg.cc/s24h1HsW/pharma-1.png,,
LUTON-0269,AMPICILLIN/CLOXACILLIN 250MG/5ML 100ML SUSPENSION (MEDICLOAMP),200,,,Luton Hospital,,,,1,200,https://i.postimg.cc/s24h1HsW/pharma-1.png,,
LUTON-0270,AMPICILLIN/CLOXACILLIN 500MG,15,,,Luton Hospital,,,,1,15,https://i.postimg.cc/s24h1HsW/pharma-1.png,,
LUTON-0271,AMPICILLIN/CLOXACILLIN 90MG/0.6 ML NEONATAL DROPS 8ML (AMPICLOX),450,,,Luton Hospital,,,,1,450,https://i.postimg.cc/s24h1HsW/pharma-1.png,,
LUTON-0272,AMPICILLIN/CLOXACILLIN NEONATAL DROPS,450,,,Luton Hospital,,,,1,450,https://i.postimg.cc/s24h1HsW/pharma-1.png,,
LUTON-0273,AMPICLOX 250MG/5ML (SUSP 100ML),950,,,Luton Hospital,,,,1,950,https://i.postimg.cc/s24h1HsW/pharma-1.png,,
LUTON-0274,AMPICLOX 500MG CAPS 100S,30,,,Luton Hospital,,,,1,30,https://i.postimg.cc/s24h1HsW/pharma-1.png,,
LUTON-0275,AMPLICILLIN/CLOXACILLIN 250MG/5ML 100ML,800,,,Luton Hospital,,,,1,800,https://i.postimg.cc/s24h1HsW/pharma-1.png,,
LUTON-0276,AMPLICOX 500MG,15,,,Luton Hospital,,,,1,15,https://i.postimg.cc/s24h1HsW/pharma-1.png,,
LUTON-0277,AMPLICOX 500MG (DAWA),15,,,Luton Hospital,,,,1,15,https://i.postimg.cc/s24h1HsW/pharma-1.png,,
LUTON-0278,AMYLASE+PROTEASE+LIPASE ( PAL-DIGEST ) 30S,42,,,Luton Hospital,,,,1,42,https://i.postimg.cc/s24h1HsW/pharma-1.png,,
LUTON-0279,ANCHOR FAST,"3,790.00",,,Luton Hospital,,,,1,"3,790.00",https://i.postimg.cc/s24h1HsW/pharma-1.png,,
LUTON-0280,ANCHOR FAST (PAEDS),"5,046.00",,,Luton Hospital,,,,1,"5,046.00",https://i.postimg.cc/s24h1HsW/pharma-1.png,,
LUTON-0281,ANIOSGEL 75ML,500,,,Luton Hospital,,,,1,500,https://i.postimg.cc/s24h1HsW/pharma-1.png,,
LUTON-0282,ANKLE SUPPORT (L),"1,000.00",,,Luton Hospital,,,,1,"1,000.00",https://i.postimg.cc/s24h1HsW/pharma-1.png,,
LUTON-0283,ANKLE SUPPORT (M),"1,000.00",,,Luton Hospital,,,,1,"1,000.00",https://i.postimg.cc/s24h1HsW/pharma-1.png,,
LUTON-0284,ANTACID & ANTIFLATULENT SUSPENSION 100ML (NILACID ),350,,,Luton Hospital,,,,1,350,https://i.postimg.cc/s24h1HsW/pharma-1.png,,
LUTON-0285,ANTACID (MAGNOMINT) TABS,5,,,Luton Hospital,,,,1,5,https://i.postimg.cc/s24h1HsW/pharma-1.png,,
LUTON-0286,ANTACID (RELCER GEL),520,,,Luton Hospital,,,,1,520,https://i.postimg.cc/s24h1HsW/pharma-1.png,,
LUTON-0287,ANTACID 170ML (DIGEVA F),311,,,Luton Hospital,,,,1,311,https://i.postimg.cc/s24h1HsW/pharma-1.png,,
LUTON-0288,ANTACID SUSPENSION 200ML (GAVISCON PEPERMINT),850,,,Luton Hospital,,,,1,850,https://i.postimg.cc/s24h1HsW/pharma-1.png,,
LUTON-0289,ANTACID TABLETS 24S (GAVISCON DOUBLE ACTION),85,,,Luton Hospital,,,,1,85,https://i.postimg.cc/s24h1HsW/pharma-1.png,,
LUTON-0290,ANTENATAL & POSTNATAL CHILD WELFARE BOOK,0,,,Luton Hospital,,,,1,0,https://i.postimg.cc/s24h1HsW/pharma-1.png,,
LUTON-0291,ANTENATAL SUPPLEMENT (FENZA) 30S,"1,700.00",,,Luton Hospital,,,,1,"1,700.00",https://i.postimg.cc/s24h1HsW/pharma-1.png,,
LUTON-0292,ANTI-D IMMUNUGLOBULIN INJECTION,"9,000.00",,,Luton Hospital,,,,1,"9,000.00",https://i.postimg.cc/s24h1HsW/pharma-1.png,,
LUTON-0293,ANTI-RABIES INJECTION,"1,300.00",,,Luton Hospital,,,,1,"1,300.00",https://i.postimg.cc/s24h1HsW/pharma-1.png,,
LUTON-0294,ANTI EMBOLISM STOCKINGS M,"4,050.00",,,Luton Hospital,,,,1,"4,050.00",https://i.postimg.cc/s24h1HsW/pharma-1.png,,
LUTON-0295,ANTI EMBOLYSM STOCKINGS (TED) LARGE,"3,000.00",,,Luton Hospital,,,,1,"3,000.00",https://i.postimg.cc/s24h1HsW/pharma-1.png,,
LUTON-0296,ANTI EMBOLYSM STOCKINGS (TED) MEDIUM,"3,000.00",,,Luton Hospital,,,,1,"3,000.00",https://i.postimg.cc/s24h1HsW/pharma-1.png,,
LUTON-0297,ANTI EMBOLYSM STOCKINGS (TED) SMALL,"3,475.00",,,Luton Hospital,,,,1,"3,475.00",https://i.postimg.cc/s24h1HsW/pharma-1.png,,
LUTON-0298,ANTI RABIES,"1,300.00",,,Luton Hospital,,,,1,"1,300.00",https://i.postimg.cc/s24h1HsW/pharma-1.png,,
LUTON-0299,ANTI RHO-D IG 300MCG (RHOCLONE),"6,300.00",,,Luton Hospital,,,,1,"6,300.00",https://i.postimg.cc/s24h1HsW/pharma-1.png,,
LUTON-0300,ANTIHAEMORRHOIDS SUPPOSITORIES (ANOMEX),80,,,Luton Hospital,,,,1,80,https://i.postimg.cc/s24h1HsW/pharma-1.png,,
LUTON-0301,ANTIHEMORRHOIDAL CREAM (SEDIPROCT),432,,,Luton Hospital,,,,1,432,https://i.postimg.cc/s24h1HsW/pharma-1.png,,
LUTON-0302,ANTIINFLAMATORY ENZYME(KONTAB),45,,,Luton Hospital,,,,1,45,https://i.postimg.cc/s24h1HsW/pharma-1.png,,
LUTON-0303,ANTIOXIDANT TABS (YINDETOX),"1,500.00",,,Luton Hospital,,,,1,"1,500.00",https://i.postimg.cc/s24h1HsW/pharma-1.png,,
LUTON-0304,ANTISCALANT LIQUID,"25,000.00",,,Luton Hospital,,,,1,"25,000.00",https://i.postimg.cc/s24h1HsW/pharma-1.png,,
LUTON-0305,ANUSOL SUPPOSITORIES,135,,,Luton Hospital,,,,1,135,https://i.postimg.cc/s24h1HsW/pharma-1.png,,
LUTON-0306,ANUSOL OINTMENT,"1,500.00",,,Luton Hospital,,,,1,"1,500.00",https://i.postimg.cc/s24h1HsW/pharma-1.png,,
LUTON-0307,ANUSTAT 15G OINTMENT,600,,,Luton Hospital,,,,1,600,https://i.postimg.cc/s24h1HsW/pharma-1.png,,
LUTON-0308,APIXABAN 2.5MG TABS,125,,,Luton Hospital,,,,1,125,https://i.postimg.cc/s24h1HsW/pharma-1.png,,
LUTON-0309,APIXABAN 2.5MG TABS (PIXALIS 2.5),120,,,Luton Hospital,,,,1,120,https://i.postimg.cc/s24h1HsW/pharma-1.png,,
LUTON-0310,APIXABAN 5 MG TABS,110,,,Luton Hospital,,,,1,110,https://i.postimg.cc/s24h1HsW/pharma-1.png,,
LUTON-0311,APIXABAN 5MG TABS 20S (XABAN 5MG ),90,,,Luton Hospital,,,,1,90,https://i.postimg.cc/s24h1HsW/pharma-1.png,,
LUTON-0312,APPLICATOR TIPS(DENTAL),0,,,Luton Hospital,,,,1,0,https://i.postimg.cc/s24h1HsW/pharma-1.png,,
LUTON-0313,APROVASC 300MG/10MG 28S,172,,,Luton Hospital,,,,1,172,https://i.postimg.cc/s24h1HsW/pharma-1.png,,
LUTON-0314,AQUACEL AG DRESSING,"1,350.00",,,Luton Hospital,,,,1,"1,350.00",https://i.postimg.cc/s24h1HsW/pharma-1.png,,
LUTON-0315,AQUEOUS CREAM 100GM,83,,,Luton Hospital,,,,1,83,https://i.postimg.cc/s24h1HsW/pharma-1.png,,
LUTON-0316,AQUEOUS CREAM 500GM,450,,,Luton Hospital,,,,1,450,https://i.postimg.cc/s24h1HsW/pharma-1.png,,
LUTON-0317,ARACHIS/CHLOROBUTANOL 10ML EAR DROPS (CERUMOL),450,,,Luton Hospital,,,,1,450,https://i.postimg.cc/s24h1HsW/pharma-1.png,,
LUTON-0318,ARGAN HYDRATING MOISTURIZER 100ML,"2,250.00",,,Luton Hospital,,,,1,"2,250.00",https://i.postimg.cc/s24h1HsW/pharma-1.png,,
LUTON-0319,ARIPIPRAZOLE 10MG TABS,55,,,Luton Hospital,,,,1,55,https://i.postimg.cc/s24h1HsW/pharma-1.png,,
LUTON-0320,ARIPIPRAZOLE 15MG TABS,75,,,Luton Hospital,,,,1,75,https://i.postimg.cc/s24h1HsW/pharma-1.png,,
LUTON-0321,ARIPIPRAZOLE 30MG TABS,140,,,Luton Hospital,,,,1,140,https://i.postimg.cc/s24h1HsW/pharma-1.png,,
LUTON-0322,ARMSLING,"1,000.00",,,Luton Hospital,,,,1,"1,000.00",https://i.postimg.cc/s24h1HsW/pharma-1.png,,
LUTON-0323,ARMSLING (L),"1,000.00",,,Luton Hospital,,,,1,"1,000.00",https://i.postimg.cc/s24h1HsW/pharma-1.png,,
LUTON-0324,ARMSLING (M),"1,000.00",,,Luton Hospital,,,,1,"1,000.00",https://i.postimg.cc/s24h1HsW/pharma-1.png,,
LUTON-0325,ARMSLING (PEAD),"1,000.00",,,Luton Hospital,,,,1,"1,000.00",https://i.postimg.cc/s24h1HsW/pharma-1.png,,
LUTON-0326,ARMSLING (S),"1,000.00",,,Luton Hospital,,,,1,"1,000.00",https://i.postimg.cc/s24h1HsW/pharma-1.png,,
LUTON-0327,ARMSLING UNIVERSAL,"1,200.00",,,Luton Hospital,,,,1,"1,200.00",https://i.postimg.cc/s24h1HsW/pharma-1.png,,
LUTON-0328,ARTELAC ADVANCED LIPIDS EYE DROPS,"1,575.00",,,Luton Hospital,,,,1,"1,575.00",https://i.postimg.cc/s24h1HsW/pharma-1.png,,
LUTON-0329,"ARTELAC INTENSE REBALANCE EYE DROPS(0.15% HYALURONIC ACID,0.5%POLYETHYLENEGLYCOL 8000,VIT B12)","1,440.00",,,Luton Hospital,,,,1,"1,440.00",https://i.postimg.cc/s24h1HsW/pharma-1.png,,
LUTON-0330,ARTELAC MOISTURE EYE DROPS(3.2MG HYPROMELLOSE),465,,,Luton Hospital,,,,1,465,https://i.postimg.cc/s24h1HsW/pharma-1.png,,
LUTON-0331,ARTEMETHER 20/ LUMEFANTRINE 120MG (18S),330,,,Luton Hospital,,,,1,330,https://i.postimg.cc/s24h1HsW/pharma-1.png,,
LUTON-0332,ARTEMETHER 20/ LUMEFANTRINE 120MG (6S),202.5,,,Luton Hospital,,,,1,202.5,https://i.postimg.cc/s24h1HsW/pharma-1.png,,
LUTON-0333,ARTEMETHER 20/ LUMEFANTRINE 120MG 24S (PACK),400,,,Luton Hospital,,,,1,400,https://i.postimg.cc/s24h1HsW/pharma-1.png,,
LUTON-0334,ARTEMETHER 20/LUMEFANTRINE 120 (COARTEM) 24S,450,,,Luton Hospital,,,,1,450,https://i.postimg.cc/s24h1HsW/pharma-1.png,,
LUTON-0335,ARTEMETHER 20/LUMEFANTRINE 120 (LONART DISPERSIBLE) PER TABLET,30,,,Luton Hospital,,,,1,30,https://i.postimg.cc/s24h1HsW/pharma-1.png,,
LUTON-0336,ARTEMETHER 80MG/1ML INJECTION,400,,,Luton Hospital,,,,1,400,https://i.postimg.cc/s24h1HsW/pharma-1.png,,
LUTON-0337,ARTEMETHER LUMEFANTRINE 20/120MG (LONART 20/120) 24S,450,,,Luton Hospital,,,,1,450,https://i.postimg.cc/s24h1HsW/pharma-1.png,,
LUTON-0338,ARTEMETHER/LUMEFANTRINE 60ML 20/120 SUSPENSION (LONART 60ML),300,,,Luton Hospital,,,,1,300,https://i.postimg.cc/s24h1HsW/pharma-1.png,,
LUTON-0339,ARTEMETHER/LUMEFANTRINE 80/480 (ARTEFAN),450,,,Luton Hospital,,,,1,450,https://i.postimg.cc/s24h1HsW/pharma-1.png,,
LUTON-0340,ARTEMETHER/LUMEFANTRINE 80/480 (LONART DS) 6S,500,,,Luton Hospital,,,,1,500,https://i.postimg.cc/s24h1HsW/pharma-1.png,,
LUTON-0341,ARTEQUICK TABS 4S,225,,,Luton Hospital,,,,1,225,https://i.postimg.cc/s24h1HsW/pharma-1.png,,
LUTON-0342,ARTERY FORCEPS 25CM (CURVED),"1,000.00",,,Luton Hospital,,,,1,"1,000.00",https://i.postimg.cc/s24h1HsW/pharma-1.png,,
LUTON-0343,ARTERY FORCEPS 25CM (STRAIGHT),"1,000.00",,,Luton Hospital,,,,1,"1,000.00",https://i.postimg.cc/s24h1HsW/pharma-1.png,,
LUTON-0344,ARTESUNATE 120MG INJECTION,850,,,Luton Hospital,,,,1,850,https://i.postimg.cc/s24h1HsW/pharma-1.png,,
LUTON-0345,ARTESUNATE 60MG INJECTION,450,,,Luton Hospital,,,,1,450,https://i.postimg.cc/s24h1HsW/pharma-1.png,,
LUTON-0346,ARTIFICIAL TEARS,400,,,Luton Hospital,,,,1,400,https://i.postimg.cc/s24h1HsW/pharma-1.png,,
LUTON-0347,ARTIFICIAL TEARS WITH LANOLIN (DURATEARS),"1,350.00",,,Luton Hospital,,,,1,"1,350.00",https://i.postimg.cc/s24h1HsW/pharma-1.png,,
LUTON-0348,ARTOVASTATIN 10MG,6,,,Luton Hospital,,,,1,6,https://i.postimg.cc/s24h1HsW/pharma-1.png,,
LUTON-0349,ARTOVASTATIN 20MG,16,,,Luton Hospital,,,,1,16,https://i.postimg.cc/s24h1HsW/pharma-1.png,,
LUTON-0350,ASCORBIC ACID 1000MG,30,,,Luton Hospital,,,,1,30,https://i.postimg.cc/s24h1HsW/pharma-1.png,,
LUTON-0351,ASCORBIC ACID 100MG,10,,,Luton Hospital,,,,1,10,https://i.postimg.cc/s24h1HsW/pharma-1.png,,
LUTON-0352,ASCORBIC ACID 250MG,0,,,Luton Hospital,,,,1,0,https://i.postimg.cc/s24h1HsW/pharma-1.png,,
LUTON-0353,ASCORBIC ACID 500MG,20,,,Luton Hospital,,,,1,20,https://i.postimg.cc/s24h1HsW/pharma-1.png,,
LUTON-0354,ASCORIL D 100ML,550,,,Luton Hospital,,,,1,550,https://i.postimg.cc/s24h1HsW/pharma-1.png,,
LUTON-0355,ASCORIL SYRUP 200ML,550,,,Luton Hospital,,,,1,550,https://i.postimg.cc/s24h1HsW/pharma-1.png,,
LUTON-0356,ASHTON POWDER,23,,,Luton Hospital,,,,1,23,https://i.postimg.cc/s24h1HsW/pharma-1.png,,
LUTON-0357,ASOMEX 2.5MG TABS 30S,71,,,Luton Hospital,,,,1,71,https://i.postimg.cc/s24h1HsW/pharma-1.png,,
LUTON-0358,ASOMEX 5MG TABS 30S,105,,,Luton Hospital,,,,1,105,https://i.postimg.cc/s24h1HsW/pharma-1.png,,
LUTON-0359,ASOMEX D2.5MG TABS 30S,80,,,Luton Hospital,,,,1,80,https://i.postimg.cc/s24h1HsW/pharma-1.png,,
LUTON-0360,ASTYMIN 200ML,355,,,Luton Hospital,,,,1,355,https://i.postimg.cc/s24h1HsW/pharma-1.png,,
LUTON-0361,ASTYMIN FORTE CAPSULES,41,,,Luton Hospital,,,,1,41,https://i.postimg.cc/s24h1HsW/pharma-1.png,,
LUTON-0362,ATAZANAVIR 300MG/RITONAVIR 100MG,10,,,Luton Hospital,,,,1,10,https://i.postimg.cc/s24h1HsW/pharma-1.png,,
LUTON-0363,ATAZANAVIR 300MG/RITONAVIR 100MG (ATV/R),"2,000.00",,,Luton Hospital,,,,1,"2,000.00",https://i.postimg.cc/s24h1HsW/pharma-1.png,,
LUTON-0364,ATENOLOL 100MG/CHLORTALIDONE 25MG TABS (TENORIC 100MG),45,,,Luton Hospital,,,,1,45,https://i.postimg.cc/s24h1HsW/pharma-1.png,,
LUTON-0365,ATENOLOL 50MG,30,,,Luton Hospital,,,,1,30,https://i.postimg.cc/s24h1HsW/pharma-1.png,,
LUTON-0366,ATENOLOL 50MG/CHLORTALIDONE 25MG TABS (TENORIC 50MG),24,,,Luton Hospital,,,,1,24,https://i.postimg.cc/s24h1HsW/pharma-1.png,,
LUTON-0367,ATORID 10MG,35,,,Luton Hospital,,,,1,35,https://i.postimg.cc/s24h1HsW/pharma-1.png,,
LUTON-0368,ATORID 20MG,45,,,Luton Hospital,,,,1,45,https://i.postimg.cc/s24h1HsW/pharma-1.png,,
LUTON-0369,ATORVASTATIN (ATSATAT 20) 30S,13,,,Luton Hospital,,,,1,13,https://i.postimg.cc/s24h1HsW/pharma-1.png,,
LUTON-0370,ATORVASTATIN 10MG,20,,,Luton Hospital,,,,1,20,https://i.postimg.cc/s24h1HsW/pharma-1.png,,
LUTON-0371,ATORVASTATIN 20MG,25,,,Luton Hospital,,,,1,25,https://i.postimg.cc/s24h1HsW/pharma-1.png,,
LUTON-0372,ATORVASTATIN 20MG +EZETIMIBE 10MG ( ATORID -20 EZ ),50,,,Luton Hospital,,,,1,50,https://i.postimg.cc/s24h1HsW/pharma-1.png,,
LUTON-0373,ATORVASTATIN 20MG +EZETIMIBE 10MG TABS 30S ( AZTOR EZ 10MG),100,,,Luton Hospital,,,,1,100,https://i.postimg.cc/s24h1HsW/pharma-1.png,,
LUTON-0374,ATORVASTATIN 20MG TABS (LIPILAB),30,,,Luton Hospital,,,,1,30,https://i.postimg.cc/s24h1HsW/pharma-1.png,,
LUTON-0375,ATORVASTATIN 40MG TABS,40,,,Luton Hospital,,,,1,40,https://i.postimg.cc/s24h1HsW/pharma-1.png,,
LUTON-0376,ATORVASTATIN 40MG TABS (AZTOR 40),110,,,Luton Hospital,,,,1,110,https://i.postimg.cc/s24h1HsW/pharma-1.png,,
LUTON-0377,ATORVASTATIN 40MG TABS 30S ( LIPITOR 40 ),140,,,Luton Hospital,,,,1,140,https://i.postimg.cc/s24h1HsW/pharma-1.png,,
LUTON-0378,ATORVASTATIN 80 MG ( LIPITOR 80 ),187,,,Luton Hospital,,,,1,187,https://i.postimg.cc/s24h1HsW/pharma-1.png,,
LUTON-0379,ATORVASTATIN 80 MG ( LIPIGLAX 80 ),50,,,Luton Hospital,,,,1,50,https://i.postimg.cc/s24h1HsW/pharma-1.png,,
LUTON-0380,ATORVASTATIN 80MG (LIPITAS 80),140,,,Luton Hospital,,,,1,140,https://i.postimg.cc/s24h1HsW/pharma-1.png,,
LUTON-0381,ATORVASTATIN 80MG TABS (ATORID-80),115,,,Luton Hospital,,,,1,115,https://i.postimg.cc/s24h1HsW/pharma-1.png,,
LUTON-0382,ATOVAQUONE 250MG / PROGUANIL TABLETS 12S (MALANIL ADULT),400,,,Luton Hospital,,,,1,400,https://i.postimg.cc/s24h1HsW/pharma-1.png,,
LUTON-0383,ATOVAQUONE 62.5MG / PROGUANIL 25MG TABLETS 12S (MALANIL PAED),350,,,Luton Hospital,,,,1,350,https://i.postimg.cc/s24h1HsW/pharma-1.png,,
LUTON-0384,ATOVASTATIN 20MG (CHOLESTROM )30S,37,,,Luton Hospital,,,,1,37,https://i.postimg.cc/s24h1HsW/pharma-1.png,,
LUTON-0385,ATRACURIUM 10MG/ML INJECTION,975,,,Luton Hospital,,,,1,975,https://i.postimg.cc/s24h1HsW/pharma-1.png,,
LUTON-0386,"ATRACURIUM 10MG/ML, 5ML (HAMELN)","3,000.00",,,Luton Hospital,,,,1,"3,000.00",https://i.postimg.cc/s24h1HsW/pharma-1.png,,
LUTON-0387,ATROPINE 1MG/ML INJECTION,300,,,Luton Hospital,,,,1,300,https://i.postimg.cc/s24h1HsW/pharma-1.png,,
LUTON-0388,ATROPINE 0.6MG/1ML INJ,300,,,Luton Hospital,,,,1,300,https://i.postimg.cc/s24h1HsW/pharma-1.png,,
LUTON-0389,ATROPINE EYE,340,,,Luton Hospital,,,,1,340,https://i.postimg.cc/s24h1HsW/pharma-1.png,,
LUTON-0390,AUGMENTIN ES 600/42.9MG 100ML,"2,375.00",,,Luton Hospital,,,,1,"2,375.00",https://i.postimg.cc/s24h1HsW/pharma-1.png,,
LUTON-0391,AUTOCLAVE REEL 4 INCH,"5,000.00",,,Luton Hospital,,,,1,"5,000.00",https://i.postimg.cc/s24h1HsW/pharma-1.png,,
LUTON-0392,AUTOCLAVE REEL 6 INCH,"6,000.00",,,Luton Hospital,,,,1,"6,000.00",https://i.postimg.cc/s24h1HsW/pharma-1.png,,
LUTON-0393,AUTOCLAVE REEL 8 INCH,"7,000.00",,,Luton Hospital,,,,1,"7,000.00",https://i.postimg.cc/s24h1HsW/pharma-1.png,,
LUTON-0394,AUTOCLAVE TAPE,500,,,Luton Hospital,,,,1,500,https://i.postimg.cc/s24h1HsW/pharma-1.png,,
LUTON-0395,AUTOCLAVING ENVELOPE,25,,,Luton Hospital,,,,1,25,https://i.postimg.cc/s24h1HsW/pharma-1.png,,
LUTON-0396,AUXILIARY CRUTCH (MEDIUM),"3,750.00",,,Luton Hospital,,,,1,"3,750.00",https://i.postimg.cc/s24h1HsW/pharma-1.png,,
LUTON-0397,AUXILIARY CRUTCH (PAED),"3,000.00",,,Luton Hospital,,,,1,"3,000.00",https://i.postimg.cc/s24h1HsW/pharma-1.png,,
LUTON-0398,AUXILIARY CRUTCHES(SMALL),"6,650.00",,,Luton Hospital,,,,1,"6,650.00",https://i.postimg.cc/s24h1HsW/pharma-1.png,,
LUTON-0399,AVALIFE FEMIFLORA CAPS,90,,,Luton Hospital,,,,1,90,https://i.postimg.cc/s24h1HsW/pharma-1.png,,
LUTON-0400,AXE BRAND UNIVERSAL OIL (DRUGS),68,,,Luton Hospital,,,,1,68,https://i.postimg.cc/s24h1HsW/pharma-1.png,,
LUTON-0401,AXILLARY CRUTCH,"3,000.00",,,Luton Hospital,,,,1,"3,000.00",https://i.postimg.cc/s24h1HsW/pharma-1.png,,
LUTON-0402,AZATHIOPRINE 50MG (IMURAN),180,,,Luton Hospital,,,,1,180,https://i.postimg.cc/s24h1HsW/pharma-1.png,,
LUTON-0403,AZATHIOPRINE 50MG TABS 56S,40,,,Luton Hospital,,,,1,40,https://i.postimg.cc/s24h1HsW/pharma-1.png,,
LUTON-0404,AZELASTINE EYE DROPS 10ML,"1,500.00",,,Luton Hospital,,,,1,"1,500.00",https://i.postimg.cc/s24h1HsW/pharma-1.png,,
LUTON-0405,AZITHROMYCIN (AZIX) 500MG,675,,,Luton Hospital,,,,1,675,https://i.postimg.cc/s24h1HsW/pharma-1.png,,
LUTON-0406,"AZITHROMYCIN , AMOXICILLIN AND OMEPRAZOLE H PYLORI KIT (HELIGONE KIT)","2,400.00",,,Luton Hospital,,,,1,"2,400.00",https://i.postimg.cc/s24h1HsW/pharma-1.png,,
LUTON-0407,AZITHROMYCIN 15ML,150,,,Luton Hospital,,,,1,150,https://i.postimg.cc/s24h1HsW/pharma-1.png,,
LUTON-0408,AZITHROMYCIN 15ML(ZITHROX),360,,,Luton Hospital,,,,1,360,https://i.postimg.cc/s24h1HsW/pharma-1.png,,
LUTON-0409,AZITHROMYCIN 200MG(ZIM) 3S,168,,,Luton Hospital,,,,1,168,https://i.postimg.cc/s24h1HsW/pharma-1.png,,
LUTON-0410,AZITHROMYCIN 200MG/5ML 15ML SUSP(ZAHA),200,,,Luton Hospital,,,,1,200,https://i.postimg.cc/s24h1HsW/pharma-1.png,,
LUTON-0411,AZITHROMYCIN 200MG/5ML 15ML SUSPENSION (AZALTIC),250,,,Luton Hospital,,,,1,250,https://i.postimg.cc/s24h1HsW/pharma-1.png,,
LUTON-0412,AZITHROMYCIN 200MG/5ML 15ML SUSPENSION (ZITHROMAX),980,,,Luton Hospital,,,,1,980,https://i.postimg.cc/s24h1HsW/pharma-1.png,,
LUTON-0413,AZITHROMYCIN 200MG/5ML 30ML (XOLIDE SUSP),250,,,Luton Hospital,,,,1,250,https://i.postimg.cc/s24h1HsW/pharma-1.png,,
LUTON-0414,AZITHROMYCIN 200MG/5ML 30ML SUSPENSION (ZITHROMAX),"1,665.00",,,Luton Hospital,,,,1,"1,665.00",https://i.postimg.cc/s24h1HsW/pharma-1.png,,
LUTON-0415,AZITHROMYCIN 250MG,115,,,Luton Hospital,,,,1,115,https://i.postimg.cc/s24h1HsW/pharma-1.png,,
LUTON-0416,AZITHROMYCIN 250MG (ZITHROX) 6S,200,,,Luton Hospital,,,,1,200,https://i.postimg.cc/s24h1HsW/pharma-1.png,,
LUTON-0417,AZITHROMYCIN 250MG(MAZIT),173,,,Luton Hospital,,,,1,173,https://i.postimg.cc/s24h1HsW/pharma-1.png,,
LUTON-0418,AZITHROMYCIN 500MG ( ZETRO )3S,310,,,Luton Hospital,,,,1,310,https://i.postimg.cc/s24h1HsW/pharma-1.png,,
LUTON-0419,AZITHROMYCIN 500MG (ATM),300,,,Luton Hospital,,,,1,300,https://i.postimg.cc/s24h1HsW/pharma-1.png,,
LUTON-0420,AZITHROMYCIN 500MG (AZBACT) 3S,250,,,Luton Hospital,,,,1,250,https://i.postimg.cc/s24h1HsW/pharma-1.png,,
LUTON-0421,AZITHROMYCIN 500MG (ZITHROX) TABS,300,,,Luton Hospital,,,,1,300,https://i.postimg.cc/s24h1HsW/pharma-1.png,,
LUTON-0422,AZITHROMYCIN 500MG (ZYNOSI),150,,,Luton Hospital,,,,1,150,https://i.postimg.cc/s24h1HsW/pharma-1.png,,
LUTON-0423,AZITHROMYCIN 500MG TABS 3S (ZITHROMAX),"1,650.00",,,Luton Hospital,,,,1,"1,650.00",https://i.postimg.cc/s24h1HsW/pharma-1.png,,
LUTON-0424,AZITHROMYCIN SUSP 15ML(ATM),228,,,Luton Hospital,,,,1,228,https://i.postimg.cc/s24h1HsW/pharma-1.png,,
LUTON-0425,AZITHROMYCIN TABLETS (ROZITH)+ROZITH SUSPENSION,200,,,Luton Hospital,,,,1,200,https://i.postimg.cc/s24h1HsW/pharma-1.png,,
LUTON-0426,BABY DIAPERS- MAXI,47,,,Luton Hospital,,,,1,47,https://i.postimg.cc/s24h1HsW/pharma-1.png,,
LUTON-0427,BABYMOL SUSPENSION 100ML,360,,,Luton Hospital,,,,1,360,https://i.postimg.cc/s24h1HsW/pharma-1.png,,
LUTON-0428,BACILLUS CALMETTE-GUERIN (BCG),300,,,Luton Hospital,,,,1,300,https://i.postimg.cc/s24h1HsW/pharma-1.png,,
LUTON-0429,BACILLUS CLAUSII 200 MILLION/5ML WITH CORDYCEPTIN 2MG 6S (BACEP),225,,,Luton Hospital,,,,1,225,https://i.postimg.cc/s24h1HsW/pharma-1.png,,
LUTON-0430,BACILLUS CLAUSII 2BILLION CFU SATCHETS 10S (C-QUASH),90,,,Luton Hospital,,,,1,90,https://i.postimg.cc/s24h1HsW/pharma-1.png,,
LUTON-0431,BACILLUS CLAUSII 2BILLION/5ML (BACIZIN),100,,,Luton Hospital,,,,1,100,https://i.postimg.cc/s24h1HsW/pharma-1.png,,
LUTON-0432,BACILLUS CLAUSII 2BILLION/5ML (ENTEROGERMINA),155,,,Luton Hospital,,,,1,155,https://i.postimg.cc/s24h1HsW/pharma-1.png,,
LUTON-0433,BACILLUS CLAUSII 2BILLION/5ML (PATOPRO),100,,,Luton Hospital,,,,1,100,https://i.postimg.cc/s24h1HsW/pharma-1.png,,
LUTON-0434,BACILLUS CLAUSII SPORES 2B CFU/5ML (BIOGERMINA),150,,,Luton Hospital,,,,1,150,https://i.postimg.cc/s24h1HsW/pharma-1.png,,
LUTON-0435,BACILLUS CLAUSII SPORES 2B CFU/5ML (CLASIPRO),100,,,Luton Hospital,,,,1,100,https://i.postimg.cc/s24h1HsW/pharma-1.png,,
LUTON-0436,BACKAUS TOWEL CLAMP 13CM,0,,,Luton Hospital,,,,1,0,https://i.postimg.cc/s24h1HsW/pharma-1.png,,
LUTON-0437,BACLOFEN 10MG,30,,,Luton Hospital,,,,1,30,https://i.postimg.cc/s24h1HsW/pharma-1.png,,
LUTON-0438,BALLENGER SPONGE HOLDING FORCESPS 18CM CURVED,0,,,Luton Hospital,,,,1,0,https://i.postimg.cc/s24h1HsW/pharma-1.png,,
LUTON-0439,BARICITINIB 4MG,"1,200.00",,,Luton Hospital,,,,1,"1,200.00",https://i.postimg.cc/s24h1HsW/pharma-1.png,,
LUTON-0440,BARIUM SULPHATE 1 KG,"9,500.00",,,Luton Hospital,,,,1,"9,500.00",https://i.postimg.cc/s24h1HsW/pharma-1.png,,
LUTON-0441,BATTERY AA SIZE,0,,,Luton Hospital,,,,1,0,https://i.postimg.cc/s24h1HsW/pharma-1.png,,
LUTON-0442,BATTERY AAA SIZE,0,,,Luton Hospital,,,,1,0,https://i.postimg.cc/s24h1HsW/pharma-1.png,,
LUTON-0443,BD MICROFINE PEN NEEDLE 32G*4MM 100S,50,,,Luton Hospital,,,,1,50,https://i.postimg.cc/s24h1HsW/pharma-1.png,,
LUTON-0444,BECLODIP LOTION,490,,,Luton Hospital,,,,1,490,https://i.postimg.cc/s24h1HsW/pharma-1.png,,
LUTON-0445,BECLOGEN CREAM 15GM,60,,,Luton Hospital,,,,1,60,https://i.postimg.cc/s24h1HsW/pharma-1.png,,
LUTON-0446,BECLOMETASONE/NEOMYCIN/CLOTRIMAZOLE EAR DROP10ML (OTOBIOTIC),250,,,Luton Hospital,,,,1,250,https://i.postimg.cc/s24h1HsW/pharma-1.png,,
LUTON-0447,BECLOMETHASONE INHALER 100MCGS 200DOSES(DECOMIT),570,,,Luton Hospital,,,,1,570,https://i.postimg.cc/s24h1HsW/pharma-1.png,,
LUTON-0448,BECLOMETHASONE LEVOSALBUTAMOL INHALER(AEROCORT),"1,200.00",,,Luton Hospital,,,,1,"1,200.00",https://i.postimg.cc/s24h1HsW/pharma-1.png,,
LUTON-0449,BECLOMETHASONE SPRAY 50MCGS (DECOMIT),825,,,Luton Hospital,,,,1,825,https://i.postimg.cc/s24h1HsW/pharma-1.png,,
LUTON-0450,"BECLOMETHASONE, MICONAZOLE N NEOMYCIN(BECLOMIN OINT)",250,,,Luton Hospital,,,,1,250,https://i.postimg.cc/s24h1HsW/pharma-1.png,,
LUTON-0451,BECOACTIN SYRUP,428,,,Luton Hospital,,,,1,428,https://i.postimg.cc/s24h1HsW/pharma-1.png,,
LUTON-0452,BED PAN,"2,000.00",,,Luton Hospital,,,,1,"2,000.00",https://i.postimg.cc/s24h1HsW/pharma-1.png,,
LUTON-0453,BED PROTECTOR PER PIECE),200,,,Luton Hospital,,,,1,200,https://i.postimg.cc/s24h1HsW/pharma-1.png,,
LUTON-0454,BEECOX MR,130,,,Luton Hospital,,,,1,130,https://i.postimg.cc/s24h1HsW/pharma-1.png,,
LUTON-0455,BEECOX PLUS,80,,,Luton Hospital,,,,1,80,https://i.postimg.cc/s24h1HsW/pharma-1.png,,
LUTON-0456,BEMPEDOIC ACID 180MG TABLETS (BEMPETOL),125,,,Luton Hospital,,,,1,125,https://i.postimg.cc/s24h1HsW/pharma-1.png,,
LUTON-0457,BEMPEDOIC ACID 180MG TABS (BEMPETOL),90,,,Luton Hospital,,,,1,90,https://i.postimg.cc/s24h1HsW/pharma-1.png,,
LUTON-0458,BENDROFLUMETHIAZIDE 5MG (BENDURIC),300,,,Luton Hospital,,,,1,300,https://i.postimg.cc/s24h1HsW/pharma-1.png,,
LUTON-0459,BENYLIN 4 FLU 200ML SYRUP,"2,000.00",,,Luton Hospital,,,,1,"2,000.00",https://i.postimg.cc/s24h1HsW/pharma-1.png,,
LUTON-0460,BENYLIN CHESTY 100ML,"1,000.00",,,Luton Hospital,,,,1,"1,000.00",https://i.postimg.cc/s24h1HsW/pharma-1.png,,
LUTON-0461,BENYLIN DRY COUGH SYRUP 100ML,"1,000.00",,,Luton Hospital,,,,1,"1,000.00",https://i.postimg.cc/s24h1HsW/pharma-1.png,,
LUTON-0462,BENYLIN ORIGINAL COUGH SYRUP 100ML,"1,000.00",,,Luton Hospital,,,,1,"1,000.00",https://i.postimg.cc/s24h1HsW/pharma-1.png,,
LUTON-0463,BENYLIN PAEDIATRIC SYRUP 100ML,"1,000.00",,,Luton Hospital,,,,1,"1,000.00",https://i.postimg.cc/s24h1HsW/pharma-1.png,,
LUTON-0464,BENYLIN WITH CODEINE 100ML SYRUP,"1,800.00",,,Luton Hospital,,,,1,"1,800.00",https://i.postimg.cc/s24h1HsW/pharma-1.png,,
LUTON-0465,BENZATHINE PENICILLIN 2.4 MEGA INJECTION (PANADUR),300,,,Luton Hospital,,,,1,300,https://i.postimg.cc/s24h1HsW/pharma-1.png,,
LUTON-0466,BENZHEXOL 5MG,10,,,Luton Hospital,,,,1,10,https://i.postimg.cc/s24h1HsW/pharma-1.png,,
LUTON-0467,BENZOYL PEROXIDE 5% GEL 20G (PERNEX AC 5%),700,,,Luton Hospital,,,,1,700,https://i.postimg.cc/s24h1HsW/pharma-1.png,,
LUTON-0468,BENZOYL PEROXIDE GEL 5% 20G (PRITTI GEL),475,,,Luton Hospital,,,,1,475,https://i.postimg.cc/s24h1HsW/pharma-1.png,,
LUTON-0469,BENZOYL PEROXIDE SOAP 75G (PERNEX SOAP),"1,570.00",,,Luton Hospital,,,,1,"1,570.00",https://i.postimg.cc/s24h1HsW/pharma-1.png,,
LUTON-0470,BENZYDAMINE HCL/CHLORHEXIDINE 200ML (ANDOLEX C ),"2,700.00",,,Luton Hospital,,,,1,"2,700.00",https://i.postimg.cc/s24h1HsW/pharma-1.png,,
LUTON-0471,BENZYDAMINE HCL/CHLORHEXIDINE 200ML (ORALEX C MOUTH WASH),"1,550.00",,,Luton Hospital,,,,1,"1,550.00",https://i.postimg.cc/s24h1HsW/pharma-1.png,,
LUTON-0472,BENZYDAMINE HCL/CHLORHEXIDINE 30ML (ANDOLEX C SPRAY),"2,500.00",,,Luton Hospital,,,,1,"2,500.00",https://i.postimg.cc/s24h1HsW/pharma-1.png,,
LUTON-0473,BENZYDAMINE HCL/CHLORHEXIDINE 30ML (FARDOBEN MOUTH SPRAY),800,,,Luton Hospital,,,,1,800,https://i.postimg.cc/s24h1HsW/pharma-1.png,,
LUTON-0474,BENZYDAMINE HCL/CHLORHEXIDINE 30ML (ORALEX C MOUTH SPRAY),"1,500.00",,,Luton Hospital,,,,1,"1,500.00",https://i.postimg.cc/s24h1HsW/pharma-1.png,,
LUTON-0475,BENZYL BENZOATE LOTION 100ML( SCABEES),200,,,Luton Hospital,,,,1,200,https://i.postimg.cc/s24h1HsW/pharma-1.png,,
LUTON-0476,BENZYLPENICILLIN 1MU INJECTION (XPEN 1MU),200,,,Luton Hospital,,,,1,200,https://i.postimg.cc/s24h1HsW/pharma-1.png,,
LUTON-0477,BENZYLPENICILLIN 5MU INJECTION (XPEN 5MU),300,,,Luton Hospital,,,,1,300,https://i.postimg.cc/s24h1HsW/pharma-1.png,,
LUTON-0478,BETADINE ANTISEPTIC SOLUTION 500ML,"1,500.00",,,Luton Hospital,,,,1,"1,500.00",https://i.postimg.cc/s24h1HsW/pharma-1.png,,
LUTON-0479,BETAHISTINE DIHYDROCHLORIDE 8MG(BETASERC),60,,,Luton Hospital,,,,1,60,https://i.postimg.cc/s24h1HsW/pharma-1.png,,
LUTON-0480,BETAMETHASONE OINTMENT 15GM (LAEOVATE OINTMENT),70,,,Luton Hospital,,,,1,70,https://i.postimg.cc/s24h1HsW/pharma-1.png,,
LUTON-0481,BETAMETHASONE 1% CREAM (DAWAVATE) 15G,150,,,Luton Hospital,,,,1,150,https://i.postimg.cc/s24h1HsW/pharma-1.png,,
LUTON-0482,BETAMETHASONE 4MG INJ,"2,000.00",,,Luton Hospital,,,,1,"2,000.00",https://i.postimg.cc/s24h1HsW/pharma-1.png,,
LUTON-0483,BETAMETHASONE CREAM 15GM (LAEOVATE CREAM),70,,,Luton Hospital,,,,1,70,https://i.postimg.cc/s24h1HsW/pharma-1.png,,
LUTON-0484,BETAMETHASONE PROPIONATE + SODIUM PHOSPHATE (DIPROFOS),875,,,Luton Hospital,,,,1,875,https://i.postimg.cc/s24h1HsW/pharma-1.png,,
LUTON-0485,BETAMETHASONE PROPIONATE + SODIUM PHOSPHATE (KRIDOFOS),"1,050.00",,,Luton Hospital,,,,1,"1,050.00",https://i.postimg.cc/s24h1HsW/pharma-1.png,,
LUTON-0486,BETAMETHASONE VALERATE 0.1% OINTMENT 15G (BETASON),150,,,Luton Hospital,,,,1,150,https://i.postimg.cc/s24h1HsW/pharma-1.png,,
LUTON-0487,BETAMETHASONE VALERATE 0.1% OINTMENT 15G (ELYVATE),150,,,Luton Hospital,,,,1,150,https://i.postimg.cc/s24h1HsW/pharma-1.png,,
LUTON-0488,BETAMETHASONE/CLOTRIMAZOLE/GENTAMYCIN CREAM (XTRADERM),250,,,Luton Hospital,,,,1,250,https://i.postimg.cc/s24h1HsW/pharma-1.png,,
LUTON-0489,BETAMETHASONE/CLOTRIMAZOLE/GENTAMYCIN CREAM 30GM (SKDERM),180,,,Luton Hospital,,,,1,180,https://i.postimg.cc/s24h1HsW/pharma-1.png,,
LUTON-0490,BETAMETHASONE/DEXCHLORPHENIRAMINE (CELEBET),17,,,Luton Hospital,,,,1,17,https://i.postimg.cc/s24h1HsW/pharma-1.png,,
LUTON-0491,BETAMETHASONE/GENTAMYCIN 15GMS(DIPROGENTA),861,,,Luton Hospital,,,,1,861,https://i.postimg.cc/s24h1HsW/pharma-1.png,,
LUTON-0492,BETAMETHASONE/SALICYLIC ACID OINTMENT 30GM (ENTEZMA OINTMENT),250,,,Luton Hospital,,,,1,250,https://i.postimg.cc/s24h1HsW/pharma-1.png,,
LUTON-0493,BETAMETHASONE/SALICYLIC ACID(DIPROSALIC),"1,052.00",,,Luton Hospital,,,,1,"1,052.00",https://i.postimg.cc/s24h1HsW/pharma-1.png,,
LUTON-0494,BETAMETHASONE/SALICYLIC ACID(DIPROSALIC) 10G,650,,,Luton Hospital,,,,1,650,https://i.postimg.cc/s24h1HsW/pharma-1.png,,
LUTON-0495,BIB HOLDER (METALLIC),0,,,Luton Hospital,,,,1,0,https://i.postimg.cc/s24h1HsW/pharma-1.png,,
LUTON-0496,BICALUTAMIDE 50MG,65,,,Luton Hospital,,,,1,65,https://i.postimg.cc/s24h1HsW/pharma-1.png,,
LUTON-0497,BICARBONATE CATRIDGE A2F,976,,,Luton Hospital,,,,1,976,https://i.postimg.cc/s24h1HsW/pharma-1.png,,
LUTON-0498,BIFILAC PRE AND PROBIOTIC CAPSULES,150,,,Luton Hospital,,,,1,150,https://i.postimg.cc/s24h1HsW/pharma-1.png,,
LUTON-0499,BIFOCAL LENSE,"6,000.00",,,Luton Hospital,,,,1,"6,000.00",https://i.postimg.cc/s24h1HsW/pharma-1.png,,
LUTON-0500,BIFONAZOLE 15MG GEL,525,,,Luton Hospital,,,,1,525,https://i.postimg.cc/s24h1HsW/pharma-1.png,,
LUTON-0501,BIFONAZOLE 1G 15ML (CANESPOR),"1,050.00",,,Luton Hospital,,,,1,"1,050.00",https://i.postimg.cc/s24h1HsW/pharma-1.png,,
LUTON-0502,BIG KIDNEY DISH,0,,,Luton Hospital,,,,1,0,https://i.postimg.cc/s24h1HsW/pharma-1.png,,
LUTON-0503,BILASTINE 20MG TABS 30S (BILASTEN ),50,,,Luton Hospital,,,,1,50,https://i.postimg.cc/s24h1HsW/pharma-1.png,,
LUTON-0504,BILASTINE 20MG TABS (BILASON),160,,,Luton Hospital,,,,1,160,https://i.postimg.cc/s24h1HsW/pharma-1.png,,
LUTON-0505,BIMATOPROST 0.01% EYE DROPS (LUMIGAN),"2,800.00",,,Luton Hospital,,,,1,"2,800.00",https://i.postimg.cc/s24h1HsW/pharma-1.png,,
LUTON-0506,BIO OIL 200ML,"1,373.00",,,Luton Hospital,,,,1,"1,373.00",https://i.postimg.cc/s24h1HsW/pharma-1.png,,
LUTON-0507,BIODERMA SENSI-BIO DS CREAM 40ML,"3,800.00",,,Luton Hospital,,,,1,"3,800.00",https://i.postimg.cc/s24h1HsW/pharma-1.png,,
LUTON-0508,BIOFOLIC,45,,,Luton Hospital,,,,1,45,https://i.postimg.cc/s24h1HsW/pharma-1.png,,
LUTON-0509,BIOGAIA BABY DROPS 5ML,"2,100.00",,,Luton Hospital,,,,1,"2,100.00",https://i.postimg.cc/s24h1HsW/pharma-1.png,,
LUTON-0510,BIOGAIA TABS 30S,95,,,Luton Hospital,,,,1,95,https://i.postimg.cc/s24h1HsW/pharma-1.png,,
LUTON-0511,BIPERIDEN HCL 2MG (AKINETON ) 50S,70,,,Luton Hospital,,,,1,70,https://i.postimg.cc/s24h1HsW/pharma-1.png,,
LUTON-0512,BISACODYL,15,,,Luton Hospital,,,,1,15,https://i.postimg.cc/s24h1HsW/pharma-1.png,,
LUTON-0513,BISACODYL 10MG SUPPOSITORIES 12S (DULCOLAX SUPPOSITORIES),150,,,Luton Hospital,,,,1,150,https://i.postimg.cc/s24h1HsW/pharma-1.png,,
LUTON-0514,BISACODYL 5MG,10,,,Luton Hospital,,,,1,10,https://i.postimg.cc/s24h1HsW/pharma-1.png,,
LUTON-0515,BISACODYL 5MG (DULCOLAX),30,,,Luton Hospital,,,,1,30,https://i.postimg.cc/s24h1HsW/pharma-1.png,,
LUTON-0516,BISACODYL 5MG TABLETS 10X10S,97.5,,,Luton Hospital,,,,1,97.5,https://i.postimg.cc/s24h1HsW/pharma-1.png,,
LUTON-0517,BISOPROLOL 2.5MG TABS (BISOCARD 2.5),20,,,Luton Hospital,,,,1,20,https://i.postimg.cc/s24h1HsW/pharma-1.png,,
LUTON-0518,BISOPROLOL 5 MG ( CONCOR )30S,35,,,Luton Hospital,,,,1,35,https://i.postimg.cc/s24h1HsW/pharma-1.png,,
LUTON-0519,BISOPROLOL 5MG,48,,,Luton Hospital,,,,1,48,https://i.postimg.cc/s24h1HsW/pharma-1.png,,
LUTON-0520,BLADE HOLDER,0,,,Luton Hospital,,,,1,0,https://i.postimg.cc/s24h1HsW/pharma-1.png,,
LUTON-0521,BLOOD GAS BOTTLE,0,,,Luton Hospital,,,,1,0,https://i.postimg.cc/s24h1HsW/pharma-1.png,,
LUTON-0522,BLOOD GAS CASSETTES,0,,,Luton Hospital,,,,1,0,https://i.postimg.cc/s24h1HsW/pharma-1.png,,
LUTON-0523,BLOOD GLUCOSE TEST STRIPS (ACCUCHECK) 50S,"2,100.00",,,Luton Hospital,,,,1,"2,100.00",https://i.postimg.cc/s24h1HsW/pharma-1.png,,
LUTON-0524,BLOOD GROUPING TILE,"1,001.00",,,Luton Hospital,,,,1,"1,001.00",https://i.postimg.cc/s24h1HsW/pharma-1.png,,
LUTON-0525,BLOOD LINE (PAIR),900,,,Luton Hospital,,,,1,900,https://i.postimg.cc/s24h1HsW/pharma-1.png,,
LUTON-0526,BLOOD SOLUSET,450,,,Luton Hospital,,,,1,450,https://i.postimg.cc/s24h1HsW/pharma-1.png,,
LUTON-0527,BOND (META),0,,,Luton Hospital,,,,1,0,https://i.postimg.cc/s24h1HsW/pharma-1.png,,
LUTON-0528,BONE AND JOINT SUPPLIMENT TABS 30S,32.5,,,Luton Hospital,,,,1,32.5,https://i.postimg.cc/s24h1HsW/pharma-1.png,,
LUTON-0529,BONE WAX,0,,,Luton Hospital,,,,1,0,https://i.postimg.cc/s24h1HsW/pharma-1.png,,
LUTON-0530,BONELESS CHICKEN,"1,000.00",,,Luton Hospital,,,,1,"1,000.00",https://i.postimg.cc/s24h1HsW/pharma-1.png,,
LUTON-0531,BONIUM,23,,,Luton Hospital,,,,1,23,https://i.postimg.cc/s24h1HsW/pharma-1.png,,
LUTON-0532,BONJELA GEL ADULT 15G,"1,700.00",,,Luton Hospital,,,,1,"1,700.00",https://i.postimg.cc/s24h1HsW/pharma-1.png,,
LUTON-0533,BONJELA TEETHING GEL 15ML (PAEDIATRIC),"1,650.00",,,Luton Hospital,,,,1,"1,650.00",https://i.postimg.cc/s24h1HsW/pharma-1.png,,
LUTON-0534,BONNISAN LIQUID 120ML,360,,,Luton Hospital,,,,1,360,https://i.postimg.cc/s24h1HsW/pharma-1.png,,
LUTON-0535,BORIC ACID EAR DROPS (BIODEAL),75,,,Luton Hospital,,,,1,75,https://i.postimg.cc/s24h1HsW/pharma-1.png,,
LUTON-0536,BOSENTAS 62.5MG,370,,,Luton Hospital,,,,1,370,https://i.postimg.cc/s24h1HsW/pharma-1.png,,
LUTON-0537,BP CUFFS,0,,,Luton Hospital,,,,1,0,https://i.postimg.cc/s24h1HsW/pharma-1.png,,
LUTON-0538,BP MACHINE,"3,750.00",,,Luton Hospital,,,,1,"3,750.00",https://i.postimg.cc/s24h1HsW/pharma-1.png,,
LUTON-0539,BRACKET BOND +COMPOSITE,0,,,Luton Hospital,,,,1,0,https://i.postimg.cc/s24h1HsW/pharma-1.png,,
LUTON-0540,BRACKETS AND BUCCAL TUBES,0,,,Luton Hospital,,,,1,0,https://i.postimg.cc/s24h1HsW/pharma-1.png,,
LUTON-0541,BRAIN SWAB RAY,"1,800.00",,,Luton Hospital,,,,1,"1,800.00",https://i.postimg.cc/s24h1HsW/pharma-1.png,,
LUTON-0542,BRANDED PATIENT GOWNS,"2,580.00",,,Luton Hospital,,,,1,"2,580.00",https://i.postimg.cc/s24h1HsW/pharma-1.png,,
LUTON-0543,BRANTA (LOSARTAN + AMLODIPINE),67.5,,,Luton Hospital,,,,1,67.5,https://i.postimg.cc/s24h1HsW/pharma-1.png,,
LUTON-0544,BREATHING CIRCUIT- NEONATAL,"6,750.00",,,Luton Hospital,,,,1,"6,750.00",https://i.postimg.cc/s24h1HsW/pharma-1.png,,
LUTON-0545,BREATHING CIRCUIT- PAEDS,"6,750.00",,,Luton Hospital,,,,1,"6,750.00",https://i.postimg.cc/s24h1HsW/pharma-1.png,,
LUTON-0546,BREATHING CIRCUIT ADULT,"6,500.00",,,Luton Hospital,,,,1,"6,500.00",https://i.postimg.cc/s24h1HsW/pharma-1.png,,
LUTON-0547,BRIVARACETAM 25MG TABS 10S (BRIVETAM 25MG ),90,,,Luton Hospital,,,,1,90,https://i.postimg.cc/s24h1HsW/pharma-1.png,,
LUTON-0548,BRIVARACETAM 50MG TABS 10S (BRIVETAM 50MG ),100,,,Luton Hospital,,,,1,100,https://i.postimg.cc/s24h1HsW/pharma-1.png,,
LUTON-0549,BRO-ZEDEX 100ML,400,,,Luton Hospital,,,,1,400,https://i.postimg.cc/s24h1HsW/pharma-1.png,,
LUTON-0550,BROMAZEPAM 1.5MG TABS (LEXOTANIL),70,,,Luton Hospital,,,,1,70,https://i.postimg.cc/s24h1HsW/pharma-1.png,,
LUTON-0551,BROMAZEPAM 3MG TABS (LEXOTANIL 3MG ),70,,,Luton Hospital,,,,1,70,https://i.postimg.cc/s24h1HsW/pharma-1.png,,
LUTON-0552,BROMHEXIDINE 2MG/GUAIPHENESIN 50MG/SALBUTAMOL1MG BRONCHODILATOR 100ML SYRUP (VIFEX),225,,,Luton Hospital,,,,1,225,https://i.postimg.cc/s24h1HsW/pharma-1.png,,
LUTON-0553,BROMHEXINE/PSEUDOEPHEDRINE (SOLVIN PLUS) TABLETS,13,,,Luton Hospital,,,,1,13,https://i.postimg.cc/s24h1HsW/pharma-1.png,,
LUTON-0554,BROMHEXINE/PSEUDOEPHEDRINE 120ML SYRUP (SOLVIN PLUS 120ML),304,,,Luton Hospital,,,,1,304,https://i.postimg.cc/s24h1HsW/pharma-1.png,,
LUTON-0555,BROMHEXINE/PSEUDOEPHEDRINE 60ML SYRUP (SOLVIN PLUS),300,,,Luton Hospital,,,,1,300,https://i.postimg.cc/s24h1HsW/pharma-1.png,,
LUTON-0556,BROMOCRIPTINE 2.5MG,78,,,Luton Hospital,,,,1,78,https://i.postimg.cc/s24h1HsW/pharma-1.png,,
LUTON-0557,BUDESONIDE /FORMOTEROL FUMARATE 80/4 TURBOHALER (SYMBICORT),"2,397.00",,,Luton Hospital,,,,1,"2,397.00",https://i.postimg.cc/s24h1HsW/pharma-1.png,,
LUTON-0558,BUDESONIDE 0.25MG/ML NEBULIZER,400,,,Luton Hospital,,,,1,400,https://i.postimg.cc/s24h1HsW/pharma-1.png,,
LUTON-0559,BUDESONIDE 100MCGS INHALER(BUDECORT),"1,150.00",,,Luton Hospital,,,,1,"1,150.00",https://i.postimg.cc/s24h1HsW/pharma-1.png,,
LUTON-0560,BUDESONIDE 200MCGS INHALER( BUDECORT),"1,800.00",,,Luton Hospital,,,,1,"1,800.00",https://i.postimg.cc/s24h1HsW/pharma-1.png,,
LUTON-0561,BUDESONIDE/ FORMOTEROL 160/4.5 ( SYMBICORT) 60DOSES,"3,171.00",,,Luton Hospital,,,,1,"3,171.00",https://i.postimg.cc/s24h1HsW/pharma-1.png,,
LUTON-0562,BUDESONIDE/ FORMOTEROL 320/4.5 ( SYMBICORT) 60DOSES,"6,150.00",,,Luton Hospital,,,,1,"6,150.00",https://i.postimg.cc/s24h1HsW/pharma-1.png,,
LUTON-0563,BUDESONIDE/FORMOTEROL 100MCG INHALER (FORALIN),"1,900.00",,,Luton Hospital,,,,1,"1,900.00",https://i.postimg.cc/s24h1HsW/pharma-1.png,,
LUTON-0564,BUDESONIDE/FORMOTEROL 200MCG INHALER (FORALIN),"3,750.00",,,Luton Hospital,,,,1,"3,750.00",https://i.postimg.cc/s24h1HsW/pharma-1.png,,
LUTON-0565,BUDESONIDE/FORMOTEROL 400MCG INHALER (FORALIN),"4,200.00",,,Luton Hospital,,,,1,"4,200.00",https://i.postimg.cc/s24h1HsW/pharma-1.png,,
LUTON-0566,BULKOT MIXI CRM,150,,,Luton Hospital,,,,1,150,https://i.postimg.cc/s24h1HsW/pharma-1.png,,
LUTON-0567,"BUPIVACAINE INJECTION , PLAIN 0.5%, 5ML","1,250.00",,,Luton Hospital,,,,1,"1,250.00",https://i.postimg.cc/s24h1HsW/pharma-1.png,,
LUTON-0568,"BURS ASSORTED(ROUND,SHAMFER,STRAIGHT,FISHER,LONG&SHORT LONG TAPERED)",0,,,Luton Hospital,,,,1,0,https://i.postimg.cc/s24h1HsW/pharma-1.png,,
LUTON-0569,"BURS ASSORTED(ROUND,SHAMFER,STRAIGHT,FISHER,LONG&SHORT ROUND)",200,,,Luton Hospital,,,,1,200,https://i.postimg.cc/s24h1HsW/pharma-1.png,,
LUTON-0570,"BURS ASSORTED(ROUND,SHAMFER,STRAIGHT,FISHER,LONG&SHORT SHAMMFER)",200,,,Luton Hospital,,,,1,200,https://i.postimg.cc/s24h1HsW/pharma-1.png,,
LUTON-0571,CABERGOLINE 0.5MG (CABGOLIN ),800,,,Luton Hospital,,,,1,800,https://i.postimg.cc/s24h1HsW/pharma-1.png,,
LUTON-0572,CABERGOLINE 0.5MG TABS 4S (CABERLIN),750,,,Luton Hospital,,,,1,750,https://i.postimg.cc/s24h1HsW/pharma-1.png,,
LUTON-0573,CABGOLIN 0.5MG TABS (CABERGOLINE),800,,,Luton Hospital,,,,1,800,https://i.postimg.cc/s24h1HsW/pharma-1.png,,
LUTON-0574,"CAFFEINE CITRATE 20MG/ML, 3ML","2,100.00",,,Luton Hospital,,,,1,"2,100.00",https://i.postimg.cc/s24h1HsW/pharma-1.png,,
LUTON-0575,CALAMINE LOTION 100ML,105,,,Luton Hospital,,,,1,105,https://i.postimg.cc/s24h1HsW/pharma-1.png,,
LUTON-0576,CALCIA (CALCIUM CHEWABLE TABLETS),45,,,Luton Hospital,,,,1,45,https://i.postimg.cc/s24h1HsW/pharma-1.png,,
LUTON-0577,CALCIPOTRIOL/BETAMETHASONE OINTMENT 10G (SORID),"2,400.00",,,Luton Hospital,,,,1,"2,400.00",https://i.postimg.cc/s24h1HsW/pharma-1.png,,
LUTON-0578,CALCIUM +MAGNESIUM+ZINC+BORON+VITD3+COPPER+VITK+SELENIUM ( CALCITIVA )30S,40,,,Luton Hospital,,,,1,40,https://i.postimg.cc/s24h1HsW/pharma-1.png,,
LUTON-0579,CALCIUM 400MG/VIT D 200I.U (VITACAL),30,,,Luton Hospital,,,,1,30,https://i.postimg.cc/s24h1HsW/pharma-1.png,,
LUTON-0580,CALCIUM AND VITAMIN D3 CHEWABLE TABLETS 30S (IDEOS),60,,,Luton Hospital,,,,1,60,https://i.postimg.cc/s24h1HsW/pharma-1.png,,
LUTON-0581,CALCIUM C OMEGA SUPPLEMENTS (OSTEOCARE PLUS OMEGA 3),"2,800.00",,,Luton Hospital,,,,1,"2,800.00",https://i.postimg.cc/s24h1HsW/pharma-1.png,,
LUTON-0582,CALCIUM CHEWABLE TABLETS SUPPLEMENTS (PURECAL),60,,,Luton Hospital,,,,1,60,https://i.postimg.cc/s24h1HsW/pharma-1.png,,
LUTON-0583,CALCIUM CHLORIDE INJE,700,,,Luton Hospital,,,,1,700,https://i.postimg.cc/s24h1HsW/pharma-1.png,,
LUTON-0584,"CALCIUM CITRATE, MAGNESIUM, ZINC AND VITAMIN D3 TABLETS 30S (SARACAL TABS)",40,,,Luton Hospital,,,,1,40,https://i.postimg.cc/s24h1HsW/pharma-1.png,,
LUTON-0585,CALCIUM DOBESILATE 500MG (CALDOBERG),130,,,Luton Hospital,,,,1,130,https://i.postimg.cc/s24h1HsW/pharma-1.png,,
LUTON-0586,"CALCIUM GLUCONATE 10%, 100MG/ML 10ML",300,,,Luton Hospital,,,,1,300,https://i.postimg.cc/s24h1HsW/pharma-1.png,,
LUTON-0587,CALCIUM POLYSTYRENE SULPHONATE ORAL POWDER 15GM (K-CHEK),360,,,Luton Hospital,,,,1,360,https://i.postimg.cc/s24h1HsW/pharma-1.png,,
LUTON-0588,CALCIUM SUPPLEMENT (CALCI DENK),"2,250.00",,,Luton Hospital,,,,1,"2,250.00",https://i.postimg.cc/s24h1HsW/pharma-1.png,,
LUTON-0589,CALCIUM SUPPLEMENT (OSTEONORX),12,,,Luton Hospital,,,,1,12,https://i.postimg.cc/s24h1HsW/pharma-1.png,,
LUTON-0590,CALCIUM SUPPLEMENT 200ML (MZ-CAL PLUS SUSPENSION),600,,,Luton Hospital,,,,1,600,https://i.postimg.cc/s24h1HsW/pharma-1.png,,
LUTON-0591,CALCIUM SUPPLEMENT SYRUP 200ML (PURECAL),700,,,Luton Hospital,,,,1,700,https://i.postimg.cc/s24h1HsW/pharma-1.png,,
LUTON-0592,CALCIUM SUPPLEMENTS (JOINT FIX) COMBI 20S,"1,012.50",,,Luton Hospital,,,,1,"1,012.50",https://i.postimg.cc/s24h1HsW/pharma-1.png,,
LUTON-0593,CALCIUM SUPPLEMENTS (MAXCAL) 30S,45,,,Luton Hospital,,,,1,45,https://i.postimg.cc/s24h1HsW/pharma-1.png,,
LUTON-0594,CALCIUM SUPPLEMENTS (MZ-CAL PLUS TABS),25,,,Luton Hospital,,,,1,25,https://i.postimg.cc/s24h1HsW/pharma-1.png,,
LUTON-0595,CALCIUM SUPPLEMENTS TABLETS (ZEDCAL),30,,,Luton Hospital,,,,1,30,https://i.postimg.cc/s24h1HsW/pharma-1.png,,
LUTON-0596,CALCIUM SUPPLEMENTS TABS (OSTEOCARE),45,,,Luton Hospital,,,,1,45,https://i.postimg.cc/s24h1HsW/pharma-1.png,,
LUTON-0597,"CALCIUM, MAGNESIUM, ZINC AND VITAMIN D CHEWABLE TABLETS (TRICAL) 15S",600,,,Luton Hospital,,,,1,600,https://i.postimg.cc/s24h1HsW/pharma-1.png,,
LUTON-0598,"CALCIUM, MAGNESIUM, ZINC AND VITAMIN D CHEWABLE TABLETS 30S (PATOCAL)","1,800.00",,,Luton Hospital,,,,1,"1,800.00",https://i.postimg.cc/s24h1HsW/pharma-1.png,,
LUTON-0599,"CALCIUM, MAGNESIUM, ZINC AND VITAMIN D3 TABLETS (SALICRA)",60,,,Luton Hospital,,,,1,60,https://i.postimg.cc/s24h1HsW/pharma-1.png,,
LUTON-0600,"CALCIUM, VIT D3 AND VIT K EFFERVESCENT TABS 20S (D3 FIZZ","1,600.00",,,Luton Hospital,,,,1,"1,600.00",https://i.postimg.cc/s24h1HsW/pharma-1.png,,
LUTON-0601,"CALCIUM, VIT D3, COPPER, MAGNESIUM, XINC AND MANGANESE TABS 30S (RUDCAL)",35,,,Luton Hospital,,,,1,35,https://i.postimg.cc/s24h1HsW/pharma-1.png,,
LUTON-0602,"CALCIUM, VITAMIN D, MAGNESIUM WITH GLUCOSAMINE (OSTEOCARE PLUS GLUCOSAMINE)","3,500.00",,,Luton Hospital,,,,1,"3,500.00",https://i.postimg.cc/s24h1HsW/pharma-1.png,,
LUTON-0603,"CALCIUM, VITAMIN D3, MAGNESIUM & ZINC TABLETS (CALCICURE)",40,,,Luton Hospital,,,,1,40,https://i.postimg.cc/s24h1HsW/pharma-1.png,,
LUTON-0604,CALCIUM/MAGNESIUM/ZINC/VITAMIN D SYRUP(ZEDCAL 200ML),792,,,Luton Hospital,,,,1,792,https://i.postimg.cc/s24h1HsW/pharma-1.png,,
LUTON-0605,CALCIUM/PHOSPHORUS/MG/ZN/VIT D3,10,,,Luton Hospital,,,,1,10,https://i.postimg.cc/s24h1HsW/pharma-1.png,,
LUTON-0606,CALCULATOR,"1,501.00",,,Luton Hospital,,,,1,"1,501.00",https://i.postimg.cc/s24h1HsW/pharma-1.png,,
LUTON-0607,CANDESARTAN 16MG/HCTZ 12.5 MG TABS (ATACAND PLUS) 28S,138,,,Luton Hospital,,,,1,138,https://i.postimg.cc/s24h1HsW/pharma-1.png,,
LUTON-0608,CANDESARTAN CILEXETIL 8MG (ADVANT),66,,,Luton Hospital,,,,1,66,https://i.postimg.cc/s24h1HsW/pharma-1.png,,
LUTON-0609,CANDID EAR DROPS 15ML,235,,,Luton Hospital,,,,1,235,https://i.postimg.cc/s24h1HsW/pharma-1.png,,
LUTON-0610,CANULATED SCREW,"22,500.00",,,Luton Hospital,,,,1,"22,500.00",https://i.postimg.cc/s24h1HsW/pharma-1.png,,
LUTON-0611,CANULLA G16 (BRANULA),100,,,Luton Hospital,,,,1,100,https://i.postimg.cc/s24h1HsW/pharma-1.png,,
LUTON-0612,CANULLA G18 (BRANULA),100,,,Luton Hospital,,,,1,100,https://i.postimg.cc/s24h1HsW/pharma-1.png,,
LUTON-0613,CANULLA G20 (BRANULA),100,,,Luton Hospital,,,,1,100,https://i.postimg.cc/s24h1HsW/pharma-1.png,,
LUTON-0614,CANULLA G22 (BRANULA),50,,,Luton Hospital,,,,1,50,https://i.postimg.cc/s24h1HsW/pharma-1.png,,
LUTON-0615,CANULLA G24 (BRANULA),100,,,Luton Hospital,,,,1,100,https://i.postimg.cc/s24h1HsW/pharma-1.png,,
LUTON-0616,CANULLA G26 (BRANULA),50,,,Luton Hospital,,,,1,50,https://i.postimg.cc/s24h1HsW/pharma-1.png,,
LUTON-0617,CAPSAICIN CREAM 0.075%W/W 45GM TUBE,360,,,Luton Hospital,,,,1,360,https://i.postimg.cc/s24h1HsW/pharma-1.png,,
LUTON-0618,CARBAMAZEPINE 200MG (NEUROTOL),10,,,Luton Hospital,,,,1,10,https://i.postimg.cc/s24h1HsW/pharma-1.png,,
LUTON-0619,CARBETOCIN 100MCG/ML (PABAL) 5S,"5,415.00",,,Luton Hospital,,,,1,"5,415.00",https://i.postimg.cc/s24h1HsW/pharma-1.png,,
LUTON-0620,CARBETOCIN INJECTION 100MCG/ML,"3,000.00",,,Luton Hospital,,,,1,"3,000.00",https://i.postimg.cc/s24h1HsW/pharma-1.png,,
LUTON-0621,CARBIMAZOLE 5MG,20,,,Luton Hospital,,,,1,20,https://i.postimg.cc/s24h1HsW/pharma-1.png,,
LUTON-0622,CARBOCISTEINE 2% 125ML SYRUP (RHINATHIOL INFANT 125ML),378,,,Luton Hospital,,,,1,378,https://i.postimg.cc/s24h1HsW/pharma-1.png,,
LUTON-0623,CARBOCISTEINE 5% 125ML SYRUP (RHINATHIOL ADULT 125ML),720,,,Luton Hospital,,,,1,720,https://i.postimg.cc/s24h1HsW/pharma-1.png,,
LUTON-0624,CARBOCISTEINE/ PROMETHAZINE 125ML SYRUP (RHINATHIOL ADULT),426,,,Luton Hospital,,,,1,426,https://i.postimg.cc/s24h1HsW/pharma-1.png,,
LUTON-0625,CARBOCYSTEINE AND PROMETHAZINE COUGH SYRUP 100ML (ISOCET-P),180,,,Luton Hospital,,,,1,180,https://i.postimg.cc/s24h1HsW/pharma-1.png,,
LUTON-0626,CARBOFERON CAPS,20,,,Luton Hospital,,,,1,20,https://i.postimg.cc/s24h1HsW/pharma-1.png,,
LUTON-0627,CARBOFERON SYRUP,440,,,Luton Hospital,,,,1,440,https://i.postimg.cc/s24h1HsW/pharma-1.png,,
LUTON-0628,CARBOMER 980/POLYACRYLIC ACID EYE GEL 10G (SICCAPOS EYE GEL),768,,,Luton Hospital,,,,1,768,https://i.postimg.cc/s24h1HsW/pharma-1.png,,
LUTON-0629,CARBOPROST TROMETHAMINE 250MG,"3,000.00",,,Luton Hospital,,,,1,"3,000.00",https://i.postimg.cc/s24h1HsW/pharma-1.png,,
LUTON-0630,CARBOXYMETHYLCELLULOSE ARTIFICIAL TEARS (REFRESH TEARS),"1,136.00",,,Luton Hospital,,,,1,"1,136.00",https://i.postimg.cc/s24h1HsW/pharma-1.png,,
LUTON-0631,CAREPERILIN,10,,,Luton Hospital,,,,1,10,https://i.postimg.cc/s24h1HsW/pharma-1.png,,
LUTON-0632,CARMELLOSE SODIUM EYE DROPS 1% 10ML (KOMFORT XTRA),550,,,Luton Hospital,,,,1,550,https://i.postimg.cc/s24h1HsW/pharma-1.png,,
LUTON-0633,CARTIL OMEGA CAPS,90,,,Luton Hospital,,,,1,90,https://i.postimg.cc/s24h1HsW/pharma-1.png,,
LUTON-0634,CARVEDILOL 10MG CONTROLLED RELEASE TABS (CARVIDAY 10),80,,,Luton Hospital,,,,1,80,https://i.postimg.cc/s24h1HsW/pharma-1.png,,
LUTON-0635,CARVEDILOL 12.5MG,60,,,Luton Hospital,,,,1,60,https://i.postimg.cc/s24h1HsW/pharma-1.png,,
LUTON-0636,CARVEDILOL 12.5MG(CARCA) 28S,80,,,Luton Hospital,,,,1,80,https://i.postimg.cc/s24h1HsW/pharma-1.png,,
LUTON-0637,CARVEDILOL 25MG (CARDOZ),45,,,Luton Hospital,,,,1,45,https://i.postimg.cc/s24h1HsW/pharma-1.png,,
LUTON-0638,CARVEDILOL 25MG TABS 30S (CARCA),90,,,Luton Hospital,,,,1,90,https://i.postimg.cc/s24h1HsW/pharma-1.png,,
LUTON-0639,CARVEDILOL 3.125MG,32,,,Luton Hospital,,,,1,32,https://i.postimg.cc/s24h1HsW/pharma-1.png,,
LUTON-0640,CARVEDILOL 3.125MG (CARVICARD),32,,,Luton Hospital,,,,1,32,https://i.postimg.cc/s24h1HsW/pharma-1.png,,
LUTON-0641,CARVEDILOL 40MG CONTROLLED RELEASE TABS 30S (CARVIDAY 40),150,,,Luton Hospital,,,,1,150,https://i.postimg.cc/s24h1HsW/pharma-1.png,,
LUTON-0642,CARVEDILOL 6.25MG ( CARCA )30S,40,,,Luton Hospital,,,,1,40,https://i.postimg.cc/s24h1HsW/pharma-1.png,,
LUTON-0643,CARVEDILOL 6.25MG (VIDOL),35,,,Luton Hospital,,,,1,35,https://i.postimg.cc/s24h1HsW/pharma-1.png,,
LUTON-0644,CARVEDILOL 6.25MG(CARVICARD),15,,,Luton Hospital,,,,1,15,https://i.postimg.cc/s24h1HsW/pharma-1.png,,
LUTON-0645,CARVEDILOL 6.25MG(VIDOL) 28S,35,,,Luton Hospital,,,,1,35,https://i.postimg.cc/s24h1HsW/pharma-1.png,,
LUTON-0646,CARVICARD 12.5MG,20,,,Luton Hospital,,,,1,20,https://i.postimg.cc/s24h1HsW/pharma-1.png,,
LUTON-0647,CARVICARD 25MG,27,,,Luton Hospital,,,,1,27,https://i.postimg.cc/s24h1HsW/pharma-1.png,,
LUTON-0648,CASODEX TABLETS 50GM 28S,509,,,Luton Hospital,,,,1,509,https://i.postimg.cc/s24h1HsW/pharma-1.png,,
LUTON-0649,CASTOR OIL,150,,,Luton Hospital,,,,1,150,https://i.postimg.cc/s24h1HsW/pharma-1.png,,
LUTON-0650,CASTOR WHEELS 5INCH WITH BRAKES & MOUNTING PLATE,"2,552.00",,,Luton Hospital,,,,1,"2,552.00",https://i.postimg.cc/s24h1HsW/pharma-1.png,,
LUTON-0651,CATAFLAM DROPS,"1,200.00",,,Luton Hospital,,,,1,"1,200.00",https://i.postimg.cc/s24h1HsW/pharma-1.png,,
LUTON-0652,CATGUT CHROMIC 2/0,638,,,Luton Hospital,,,,1,638,https://i.postimg.cc/s24h1HsW/pharma-1.png,,
LUTON-0653,CATHETER MOUNT,540,,,Luton Hospital,,,,1,540,https://i.postimg.cc/s24h1HsW/pharma-1.png,,
LUTON-0654,CATHETER MOUNT ADULT,540,,,Luton Hospital,,,,1,540,https://i.postimg.cc/s24h1HsW/pharma-1.png,,
LUTON-0655,CATHETER MOUNT PAEDS,540,,,Luton Hospital,,,,1,540,https://i.postimg.cc/s24h1HsW/pharma-1.png,,
LUTON-0656,CAUSTIC PENCIL 40%,225,,,Luton Hospital,,,,1,225,https://i.postimg.cc/s24h1HsW/pharma-1.png,,
LUTON-0657,CAUSTIC PENCIL 95%,240,,,Luton Hospital,,,,1,240,https://i.postimg.cc/s24h1HsW/pharma-1.png,,
LUTON-0658,CAVIT-TEMPORARY FILLING MATERIAL,0,,,Luton Hospital,,,,1,0,https://i.postimg.cc/s24h1HsW/pharma-1.png,,
LUTON-0659,CEF-CLAVE SUSPENSION,450,,,Luton Hospital,,,,1,450,https://i.postimg.cc/s24h1HsW/pharma-1.png,,
LUTON-0660,CEFADROXIL 125MG/5ML 100ML SUSP (VEDROX),400,,,Luton Hospital,,,,1,400,https://i.postimg.cc/s24h1HsW/pharma-1.png,,
LUTON-0661,CEFADROXIL 125MG/5ML 60ML SUSP (VEDROX),250,,,Luton Hospital,,,,1,250,https://i.postimg.cc/s24h1HsW/pharma-1.png,,
LUTON-0662,CEFADROXIL 1GM TABLETS 10S (ACTIDROX 1GM),135,,,Luton Hospital,,,,1,135,https://i.postimg.cc/s24h1HsW/pharma-1.png,,
LUTON-0663,CEFADROXIL 250MG/5ML SYRUP (DROX),504,,,Luton Hospital,,,,1,504,https://i.postimg.cc/s24h1HsW/pharma-1.png,,
LUTON-0664,CEFADROXIL 500MG,53,,,Luton Hospital,,,,1,53,https://i.postimg.cc/s24h1HsW/pharma-1.png,,
LUTON-0665,CEFALEXIN 250MG CAPS 100S,10,,,Luton Hospital,,,,1,10,https://i.postimg.cc/s24h1HsW/pharma-1.png,,
LUTON-0666,CEFALEXIN 500MG CAPS 100S,15,,,Luton Hospital,,,,1,15,https://i.postimg.cc/s24h1HsW/pharma-1.png,,
LUTON-0667,CEFAZOLIN 1GM,556,,,Luton Hospital,,,,1,556,https://i.postimg.cc/s24h1HsW/pharma-1.png,,
LUTON-0668,CEFDINIR 300MG CAPS(LABNIR),75,,,Luton Hospital,,,,1,75,https://i.postimg.cc/s24h1HsW/pharma-1.png,,
LUTON-0669,CEFEPIME 1GM INJ (TOTACEF 1000),950,,,Luton Hospital,,,,1,950,https://i.postimg.cc/s24h1HsW/pharma-1.png,,
LUTON-0670,CEFIXIME 100MG/5ML (RIVAXIME 100MG/ 5ML),665,,,Luton Hospital,,,,1,665,https://i.postimg.cc/s24h1HsW/pharma-1.png,,
LUTON-0671,CEFIXIME 200MG (BACTIFIX),45,,,Luton Hospital,,,,1,45,https://i.postimg.cc/s24h1HsW/pharma-1.png,,
LUTON-0672,CEFIXIME 200MG (ORCEF) 12S,34.5,,,Luton Hospital,,,,1,34.5,https://i.postimg.cc/s24h1HsW/pharma-1.png,,
LUTON-0673,CEFIXIME 200MG +CLAVULANIC ACID 325MG ( C & C ),85,,,Luton Hospital,,,,1,85,https://i.postimg.cc/s24h1HsW/pharma-1.png,,
LUTON-0674,CEFIXIME 200MG 10S,40,,,Luton Hospital,,,,1,40,https://i.postimg.cc/s24h1HsW/pharma-1.png,,
LUTON-0675,CEFIXIME 200MG TABLETS (TAXIM-O 200),140,,,Luton Hospital,,,,1,140,https://i.postimg.cc/s24h1HsW/pharma-1.png,,
LUTON-0676,CEFIXIME 400 MG ( XIFIX ) 10S,160,,,Luton Hospital,,,,1,160,https://i.postimg.cc/s24h1HsW/pharma-1.png,,
LUTON-0677,CEFIXIME 400 MG TABS 5S (SEFIXI 400),150,,,Luton Hospital,,,,1,150,https://i.postimg.cc/s24h1HsW/pharma-1.png,,
LUTON-0678,CEFIXIME 400MG (ORCEF) 6S,160,,,Luton Hospital,,,,1,160,https://i.postimg.cc/s24h1HsW/pharma-1.png,,
LUTON-0679,CEFIXIME 400MG TABLETS (TAXIM-O 400),160,,,Luton Hospital,,,,1,160,https://i.postimg.cc/s24h1HsW/pharma-1.png,,
LUTON-0680,CEFOTAXIME INJ,"1,500.00",,,Luton Hospital,,,,1,"1,500.00",https://i.postimg.cc/s24h1HsW/pharma-1.png,,
LUTON-0681,CEFOTAXIME INJECTION 1000MG VIAL 10ML,250,,,Luton Hospital,,,,1,250,https://i.postimg.cc/s24h1HsW/pharma-1.png,,
LUTON-0682,CEFPDOXIME 100MG ( AUROPODOX )10S,75,,,Luton Hospital,,,,1,75,https://i.postimg.cc/s24h1HsW/pharma-1.png,,
LUTON-0683,CEFPDOXIME 200MG ( AUROPODOX )10S,100,,,Luton Hospital,,,,1,100,https://i.postimg.cc/s24h1HsW/pharma-1.png,,
LUTON-0684,CEFPODOXIME 200MG (SWITCH ),135,,,Luton Hospital,,,,1,135,https://i.postimg.cc/s24h1HsW/pharma-1.png,,
LUTON-0685,CEFPODOXIME 200MG/5ML (ORELOX),"2,403.00",,,Luton Hospital,,,,1,"2,403.00",https://i.postimg.cc/s24h1HsW/pharma-1.png,,
LUTON-0686,CEFPODOXIME 40MG/5ML 100ML SUSP (ORELOX),"3,126.00",,,Luton Hospital,,,,1,"3,126.00",https://i.postimg.cc/s24h1HsW/pharma-1.png,,
LUTON-0687,CEFPODOXIME 40MG/5ML 50ML SUSP (ORELOX),"1,599.00",,,Luton Hospital,,,,1,"1,599.00",https://i.postimg.cc/s24h1HsW/pharma-1.png,,
LUTON-0688,CEFPODOXIME PROXETIL 40MG/5ML SUSPENSION (XIMEPROX),690,,,Luton Hospital,,,,1,690,https://i.postimg.cc/s24h1HsW/pharma-1.png,,
LUTON-0689,CEFTAZIDIME 1 GM ( AUROMITAZ ),"1,067.00",,,Luton Hospital,,,,1,"1,067.00",https://i.postimg.cc/s24h1HsW/pharma-1.png,,
LUTON-0690,CEFTAZIDIME 1 GM [XTRAZID],900,,,Luton Hospital,,,,1,900,https://i.postimg.cc/s24h1HsW/pharma-1.png,,
LUTON-0691,CEFTAZIDIME 1G,800,,,Luton Hospital,,,,1,800,https://i.postimg.cc/s24h1HsW/pharma-1.png,,
LUTON-0692,CEFTAZIDIME 1GM,800,,,Luton Hospital,,,,1,800,https://i.postimg.cc/s24h1HsW/pharma-1.png,,
LUTON-0693,CEFTRIAXONE + SALBACTAM (SEFIX) INJ,"1,000.00",,,Luton Hospital,,,,1,"1,000.00",https://i.postimg.cc/s24h1HsW/pharma-1.png,,
LUTON-0694,CEFTRIAXONE 1 GM IV ( CETAFOR 1GM IV ),850,,,Luton Hospital,,,,1,850,https://i.postimg.cc/s24h1HsW/pharma-1.png,,
LUTON-0695,CEFTRIAXONE 1G INJECTION,700,,,Luton Hospital,,,,1,700,https://i.postimg.cc/s24h1HsW/pharma-1.png,,
LUTON-0696,CEFTRIAXONE 1G/SULBACTAM 500MG,"1,000.00",,,Luton Hospital,,,,1,"1,000.00",https://i.postimg.cc/s24h1HsW/pharma-1.png,,
LUTON-0697,CEFTRIAXONE 1GM,700,,,Luton Hospital,,,,1,700,https://i.postimg.cc/s24h1HsW/pharma-1.png,,
LUTON-0698,CEFTRIAXONE 1GM (IMAXONE),700,,,Luton Hospital,,,,1,700,https://i.postimg.cc/s24h1HsW/pharma-1.png,,
LUTON-0699,CEFTRIAXONE 1GM + SALBACTUM 500MG ( VITAXONE-S ),900,,,Luton Hospital,,,,1,900,https://i.postimg.cc/s24h1HsW/pharma-1.png,,
LUTON-0700,CEFTRIAXONE 1GM INJ,700,,,Luton Hospital,,,,1,700,https://i.postimg.cc/s24h1HsW/pharma-1.png,,
LUTON-0701,CEFTRIAXONE 1GM IV ( CETAFOR ),900,,,Luton Hospital,,,,1,900,https://i.postimg.cc/s24h1HsW/pharma-1.png,,
LUTON-0702,CEFTRIAXONE 2GM INJECTION (TOPCEF),900,,,Luton Hospital,,,,1,900,https://i.postimg.cc/s24h1HsW/pharma-1.png,,
LUTON-0703,CEFTRIAXONE 500 MG IV ( CETAFOR 500MG IV ),850,,,Luton Hospital,,,,1,850,https://i.postimg.cc/s24h1HsW/pharma-1.png,,
LUTON-0704,CEFTRIAXONE/SULBACTUM,700,,,Luton Hospital,,,,1,700,https://i.postimg.cc/s24h1HsW/pharma-1.png,,
LUTON-0705,CEFUROXIME 125MG + CLAVULANATE POTASSIUM 1.25MG DRY SYRUP 60ML ( CEFURONET CV SUSP),450,,,Luton Hospital,,,,1,450,https://i.postimg.cc/s24h1HsW/pharma-1.png,,
LUTON-0706,CEFUROXIME 125MG/5ML SUSPENSION (ZINNAT 125MG/5ML) 100ML,"2,100.00",,,Luton Hospital,,,,1,"2,100.00",https://i.postimg.cc/s24h1HsW/pharma-1.png,,
LUTON-0707,CEFUROXIME 125MG/5ML SUSPENSION 100ML (MYDAWA),"1,050.00",,,Luton Hospital,,,,1,"1,050.00",https://i.postimg.cc/s24h1HsW/pharma-1.png,,
LUTON-0708,CEFUROXIME 125MG/5ML SUSPENSION 70ML (SEFUR),600,,,Luton Hospital,,,,1,600,https://i.postimg.cc/s24h1HsW/pharma-1.png,,
LUTON-0709,CEFUROXIME 250 MG ( AUROXETL )10S,65,,,Luton Hospital,,,,1,65,https://i.postimg.cc/s24h1HsW/pharma-1.png,,
LUTON-0710,CEFUROXIME 250MG (CEUROX) TABS 10S,22.5,,,Luton Hospital,,,,1,22.5,https://i.postimg.cc/s24h1HsW/pharma-1.png,,
LUTON-0711,CEFUROXIME 250MG (PULMOCEF) 10S,45,,,Luton Hospital,,,,1,45,https://i.postimg.cc/s24h1HsW/pharma-1.png,,
LUTON-0712,CEFUROXIME 250MG (ZINNAT) 10S,160.5,,,Luton Hospital,,,,1,160.5,https://i.postimg.cc/s24h1HsW/pharma-1.png,,
LUTON-0713,CEFUROXIME 250MG (ZOCEF),30,,,Luton Hospital,,,,1,30,https://i.postimg.cc/s24h1HsW/pharma-1.png,,
LUTON-0714,CEFUROXIME 250MG 10S(PROXIMEXA),30,,,Luton Hospital,,,,1,30,https://i.postimg.cc/s24h1HsW/pharma-1.png,,
LUTON-0715,CEFUROXIME 250MG TABS (ZINNAT) 10S,125,,,Luton Hospital,,,,1,125,https://i.postimg.cc/s24h1HsW/pharma-1.png,,
LUTON-0716,CEFUROXIME 250MG/5ML SUSPENSION 50ML (ZINNAT),"2,150.00",,,Luton Hospital,,,,1,"2,150.00",https://i.postimg.cc/s24h1HsW/pharma-1.png,,
LUTON-0717,CEFUROXIME 500MG ( TRYOXIM )10S,100,,,Luton Hospital,,,,1,100,https://i.postimg.cc/s24h1HsW/pharma-1.png,,
LUTON-0718,CEFUROXIME 500MG (AUROXETIL),100,,,Luton Hospital,,,,1,100,https://i.postimg.cc/s24h1HsW/pharma-1.png,,
LUTON-0719,CEFUROXIME 500MG (CEFURIGHT) TABS 10S,80,,,Luton Hospital,,,,1,80,https://i.postimg.cc/s24h1HsW/pharma-1.png,,
LUTON-0720,CEFUROXIME 500MG (ZINAXIME),110,,,Luton Hospital,,,,1,110,https://i.postimg.cc/s24h1HsW/pharma-1.png,,
LUTON-0721,CEFUROXIME 500MG (ZINNAT 500MG),240,,,Luton Hospital,,,,1,240,https://i.postimg.cc/s24h1HsW/pharma-1.png,,
LUTON-0722,CEFUROXIME 500MG + CLAVULANATE POTASSIUM 125MG TABS 10S ( CEFURONET CV ),90,,,Luton Hospital,,,,1,90,https://i.postimg.cc/s24h1HsW/pharma-1.png,,
LUTON-0723,CEFUROXIME 500MG 10S (ALTACEF),250,,,Luton Hospital,,,,1,250,https://i.postimg.cc/s24h1HsW/pharma-1.png,,
LUTON-0724,CEFUROXIME 500MG 10S(CEFAXIL),50,,,Luton Hospital,,,,1,50,https://i.postimg.cc/s24h1HsW/pharma-1.png,,
LUTON-0725,CEFUROXIME 500MG 10S(PROXIMEXA),47,,,Luton Hospital,,,,1,47,https://i.postimg.cc/s24h1HsW/pharma-1.png,,
LUTON-0726,CEFUROXIME 500MG TABS (PULMOCEF 500),80,,,Luton Hospital,,,,1,80,https://i.postimg.cc/s24h1HsW/pharma-1.png,,
LUTON-0727,CEFUROXIME 750MG INJ (ZINACEF),"1,500.00",,,Luton Hospital,,,,1,"1,500.00",https://i.postimg.cc/s24h1HsW/pharma-1.png,,
LUTON-0728,CEFUROXIME 750MG INJECTION,600,,,Luton Hospital,,,,1,600,https://i.postimg.cc/s24h1HsW/pharma-1.png,,
LUTON-0729,CEFUROXIME 750MG INJECTION (CEFUKEN),700,,,Luton Hospital,,,,1,700,https://i.postimg.cc/s24h1HsW/pharma-1.png,,
LUTON-0730,CEFUROXIME SUSP 125/5ML 100ML,375,,,Luton Hospital,,,,1,375,https://i.postimg.cc/s24h1HsW/pharma-1.png,,
LUTON-0731,CEFUROXIME SUSP 125/5ML 50ML,240,,,Luton Hospital,,,,1,240,https://i.postimg.cc/s24h1HsW/pharma-1.png,,
LUTON-0732,CEFUROXIME SUSPENSION 125MG/5ML 50ML (MYDAWA),500,,,Luton Hospital,,,,1,500,https://i.postimg.cc/s24h1HsW/pharma-1.png,,
LUTON-0733,CELABET,20,,,Luton Hospital,,,,1,20,https://i.postimg.cc/s24h1HsW/pharma-1.png,,
LUTON-0734,CELECOXIB 100MG (CELONAL 100) 50S,30,,,Luton Hospital,,,,1,30,https://i.postimg.cc/s24h1HsW/pharma-1.png,,
LUTON-0735,CELECOXIB 200MG (CELCOXX) 50S,50,,,Luton Hospital,,,,1,50,https://i.postimg.cc/s24h1HsW/pharma-1.png,,
LUTON-0736,CELECOXIB 200MG +THIOCOLCHICOSIDE 8MG CAPS 20S ( THIOZONE C),95,,,Luton Hospital,,,,1,95,https://i.postimg.cc/s24h1HsW/pharma-1.png,,
LUTON-0737,CELECOXIB 200MG CAPS (CELONAL 200),35,,,Luton Hospital,,,,1,35,https://i.postimg.cc/s24h1HsW/pharma-1.png,,
LUTON-0738,CELESTAMINE,25,,,Luton Hospital,,,,1,25,https://i.postimg.cc/s24h1HsW/pharma-1.png,,
LUTON-0739,CELLULOSE HAEMOSTAT 25*51mm,"5,250.00",,,Luton Hospital,,,,1,"5,250.00",https://i.postimg.cc/s24h1HsW/pharma-1.png,,
LUTON-0740,CENTRAL VENOUS CATHETER 8FR,"6,000.00",,,Luton Hospital,,,,1,"6,000.00",https://i.postimg.cc/s24h1HsW/pharma-1.png,,
LUTON-0741,CEPHALEXIN 250MG 10S,52.5,,,Luton Hospital,,,,1,52.5,https://i.postimg.cc/s24h1HsW/pharma-1.png,,
LUTON-0742,CEPHALEXIN 500MG 10S,82.5,,,Luton Hospital,,,,1,82.5,https://i.postimg.cc/s24h1HsW/pharma-1.png,,
LUTON-0743,CERATOP 100G,"1,550.00",,,Luton Hospital,,,,1,"1,550.00",https://i.postimg.cc/s24h1HsW/pharma-1.png,,
LUTON-0744,CERAVE DAILY MOISTURIZING LOTION 236ML,"3,180.00",,,Luton Hospital,,,,1,"3,180.00",https://i.postimg.cc/s24h1HsW/pharma-1.png,,
LUTON-0745,CERAVE FACIAL MOISTURIZING LOTION SPF 30,"5,100.00",,,Luton Hospital,,,,1,"5,100.00",https://i.postimg.cc/s24h1HsW/pharma-1.png,,
LUTON-0746,CERAVE HYDRATING CLEANSER 236ML,"1,850.00",,,Luton Hospital,,,,1,"1,850.00",https://i.postimg.cc/s24h1HsW/pharma-1.png,,
LUTON-0747,CERAVE MOISTURIZING CREAM 340GM,"3,500.00",,,Luton Hospital,,,,1,"3,500.00",https://i.postimg.cc/s24h1HsW/pharma-1.png,,
LUTON-0748,CEREBROPROTEIN + METHYLCOBALAMIN (CERECARE) 10S,160,,,Luton Hospital,,,,1,160,https://i.postimg.cc/s24h1HsW/pharma-1.png,,
LUTON-0749,CEREBROPROTEIN HYDROLYSATE 90MG & CITICOLINE 750MG TABS 10S (PREVA 90 CT),175,,,Luton Hospital,,,,1,175,https://i.postimg.cc/s24h1HsW/pharma-1.png,,
LUTON-0750,CEREBROPROTEIN HYDROLYSATE 90MG TAB ( CEREGARD),190,,,Luton Hospital,,,,1,190,https://i.postimg.cc/s24h1HsW/pharma-1.png,,
LUTON-0751,CEREBROPROTEIN HYDROLYSATE CITICOLINE 60MG TAB ( CEREGARD PLUS),325,,,Luton Hospital,,,,1,325,https://i.postimg.cc/s24h1HsW/pharma-1.png,,
LUTON-0752,CEREBROPROTEIN HYDROLYSATE INJECTION 60MG (CEREGARD INJECTION),"2,100.00",,,Luton Hospital,,,,1,"2,100.00",https://i.postimg.cc/s24h1HsW/pharma-1.png,,
LUTON-0753,"CEREBROPROTEIN, MECOBALAMINE, VITAMINS TABS ( CEREGEN ORIGINAL)",165,,,Luton Hospital,,,,1,165,https://i.postimg.cc/s24h1HsW/pharma-1.png,,
LUTON-0754,CERTOFIX QUATTRO (CVC)-ADULT,"7,200.00",,,Luton Hospital,,,,1,"7,200.00",https://i.postimg.cc/s24h1HsW/pharma-1.png,,
LUTON-0755,CERTOFIX TRIO(CVC)-ADULT,"9,800.00",,,Luton Hospital,,,,1,"9,800.00",https://i.postimg.cc/s24h1HsW/pharma-1.png,,
LUTON-0756,CERTOFIX TRIO(CVC)-NEONATAL,"8,850.00",,,Luton Hospital,,,,1,"8,850.00",https://i.postimg.cc/s24h1HsW/pharma-1.png,,
LUTON-0757,CERTOFIX TRIO(CVC)-PAED,"10,500.00",,,Luton Hospital,,,,1,"10,500.00",https://i.postimg.cc/s24h1HsW/pharma-1.png,,
LUTON-0758,CERVICAL COLLAR LARGE,"2,000.00",,,Luton Hospital,,,,1,"2,000.00",https://i.postimg.cc/s24h1HsW/pharma-1.png,,
LUTON-0759,CERVICAL COLLAR MEDIUM,"2,000.00",,,Luton Hospital,,,,1,"2,000.00",https://i.postimg.cc/s24h1HsW/pharma-1.png,,
LUTON-0760,CERVICAL COLLAR NECK (MEDIUM),"2,000.00",,,Luton Hospital,,,,1,"2,000.00",https://i.postimg.cc/s24h1HsW/pharma-1.png,,
LUTON-0761,CERVICAL COLLAR SMALL,"2,000.00",,,Luton Hospital,,,,1,"2,000.00",https://i.postimg.cc/s24h1HsW/pharma-1.png,,
LUTON-0762,CETIRIZINE 60ML SYRUP(PIRICET),100,,,Luton Hospital,,,,1,100,https://i.postimg.cc/s24h1HsW/pharma-1.png,,
LUTON-0763,CETRIMIDE WITH LIGNOCAINE ANTISEPTIC BANDAGE (MISTDRESS SPRAY),"2,100.00",,,Luton Hospital,,,,1,"2,100.00",https://i.postimg.cc/s24h1HsW/pharma-1.png,,
LUTON-0764,CETRIZINE 10MG (ZYNCET) 50S,20,,,Luton Hospital,,,,1,20,https://i.postimg.cc/s24h1HsW/pharma-1.png,,
LUTON-0765,CETRIZINE 10MG TABS,10,,,Luton Hospital,,,,1,10,https://i.postimg.cc/s24h1HsW/pharma-1.png,,
LUTON-0766,CETRIZINE 10MG TABS (ZYRTEC),100,,,Luton Hospital,,,,1,100,https://i.postimg.cc/s24h1HsW/pharma-1.png,,
LUTON-0767,CETRIZINE 1MG/ML 60ML SYRUP (CURTEC),200,,,Luton Hospital,,,,1,200,https://i.postimg.cc/s24h1HsW/pharma-1.png,,
LUTON-0768,CETRIZINE 5MG/5ML 30ML,68,,,Luton Hospital,,,,1,68,https://i.postimg.cc/s24h1HsW/pharma-1.png,,
LUTON-0769,CETRIZINE SYRUP 60ML (5MG/5ML),160,,,Luton Hospital,,,,1,160,https://i.postimg.cc/s24h1HsW/pharma-1.png,,
LUTON-0770,CETRIZINE SYRUP 60ML (RHIZIN),150,,,Luton Hospital,,,,1,150,https://i.postimg.cc/s24h1HsW/pharma-1.png,,
LUTON-0771,CETRIZINE SYRUP 75ML (ZYRTEC 75ML),760,,,Luton Hospital,,,,1,760,https://i.postimg.cc/s24h1HsW/pharma-1.png,,
LUTON-0772,CETRIZINE/DEXTROMETHORPHAN SYRUP(DR TOUX),260,,,Luton Hospital,,,,1,260,https://i.postimg.cc/s24h1HsW/pharma-1.png,,
LUTON-0773,CETRIZINE/PSEUDOEPHEDRINE HYDROCHLORIDE 120(TRIZINE -D),30,,,Luton Hospital,,,,1,30,https://i.postimg.cc/s24h1HsW/pharma-1.png,,
LUTON-0774,CG8 + CATRIDGES (BLOOD CASSETTES),0,,,Luton Hospital,,,,1,0,https://i.postimg.cc/s24h1HsW/pharma-1.png,,
LUTON-0775,CHAGUO LANGU TABLETS,50,,,Luton Hospital,,,,1,50,https://i.postimg.cc/s24h1HsW/pharma-1.png,,
LUTON-0776,CHEMOPOT NEEDLES G 19,"2,700.00",,,Luton Hospital,,,,1,"2,700.00",https://i.postimg.cc/s24h1HsW/pharma-1.png,,
LUTON-0777,CHEMOPOT NEEDLES G20,"2,700.00",,,Luton Hospital,,,,1,"2,700.00",https://i.postimg.cc/s24h1HsW/pharma-1.png,,
LUTON-0778,CHERRYGUT PRE AND PROBIOTIC CAPSULES,100,,,Luton Hospital,,,,1,100,https://i.postimg.cc/s24h1HsW/pharma-1.png,,
LUTON-0779,CHEST DRAINAGE BOTTLE,"8,250.00",,,Luton Hospital,,,,1,"8,250.00",https://i.postimg.cc/s24h1HsW/pharma-1.png,,
LUTON-0780,CHEST TUBE 24G,"2,500.00",,,Luton Hospital,,,,1,"2,500.00",https://i.postimg.cc/s24h1HsW/pharma-1.png,,
LUTON-0781,CHEST TUBE CATHETER 16G (THORACIC CATHETER),"4,800.00",,,Luton Hospital,,,,1,"4,800.00",https://i.postimg.cc/s24h1HsW/pharma-1.png,,
LUTON-0782,CHEST TUBE CATHETER 20G (THORACIC CATHETER),"4,800.00",,,Luton Hospital,,,,1,"4,800.00",https://i.postimg.cc/s24h1HsW/pharma-1.png,,
LUTON-0783,CHEST TUBE CATHETER 24G (THORACIC CATHETER),"2,500.00",,,Luton Hospital,,,,1,"2,500.00",https://i.postimg.cc/s24h1HsW/pharma-1.png,,
LUTON-0784,CHEST TUBE CATHETER 28G (THORACIC CATHETER),"2,500.00",,,Luton Hospital,,,,1,"2,500.00",https://i.postimg.cc/s24h1HsW/pharma-1.png,,
LUTON-0785,CHEWABLE KIDS PROBIOTIC,55,,,Luton Hospital,,,,1,55,https://i.postimg.cc/s24h1HsW/pharma-1.png,,
LUTON-0786,CHICKEN POX (VALIRIX),"3,400.00",,,Luton Hospital,,,,1,"3,400.00",https://i.postimg.cc/s24h1HsW/pharma-1.png,,
LUTON-0787,CHLORAMPHENICAL 0.5%(IVYPHENICOL),30,,,Luton Hospital,,,,1,30,https://i.postimg.cc/s24h1HsW/pharma-1.png,,
LUTON-0788,CHLORHEXIDINE 0.2% 30MLS,90,,,Luton Hospital,,,,1,90,https://i.postimg.cc/s24h1HsW/pharma-1.png,,
LUTON-0789,CHLORHEXIDINE 5 LITRE SOLUTION (HIBITANE ),"3,750.00",,,Luton Hospital,,,,1,"3,750.00",https://i.postimg.cc/s24h1HsW/pharma-1.png,,
LUTON-0790,CHLORHEXIDINE 7.1% FOR CORD CARE (HEXICORD SOLUTION),300,,,Luton Hospital,,,,1,300,https://i.postimg.cc/s24h1HsW/pharma-1.png,,
LUTON-0791,CHLORHEXIDINE DIGLUCONATE GEL 10G,150,,,Luton Hospital,,,,1,150,https://i.postimg.cc/s24h1HsW/pharma-1.png,,
LUTON-0792,CHLORHEXIDINE DIGLUCONATE GEL 20G,300,,,Luton Hospital,,,,1,300,https://i.postimg.cc/s24h1HsW/pharma-1.png,,
LUTON-0793,CHLORHEXIDINE DIGLUCONATE GEL 7.1% 20GM FOR CORD CARE,350,,,Luton Hospital,,,,1,350,https://i.postimg.cc/s24h1HsW/pharma-1.png,,
LUTON-0794,CHLORHEXIDINE GLUCONATE 0.2% MOUTH WASH (REMIDINE M/WASH),400,,,Luton Hospital,,,,1,400,https://i.postimg.cc/s24h1HsW/pharma-1.png,,
LUTON-0795,CHLORHEXIDINE GLUCONATE DROPS (UMBICARE),350,,,Luton Hospital,,,,1,350,https://i.postimg.cc/s24h1HsW/pharma-1.png,,
LUTON-0796,CHLORHEXIDINE MOUTH WASH 0.2% 100ML (GLAXIDINE),300,,,Luton Hospital,,,,1,300,https://i.postimg.cc/s24h1HsW/pharma-1.png,,
LUTON-0797,CHLORHEXIDINE MOUTH WASH 100ML (ANDOLEX ANTI BACTERIAL),"2,300.00",,,Luton Hospital,,,,1,"2,300.00",https://i.postimg.cc/s24h1HsW/pharma-1.png,,
LUTON-0798,CHLORISCRUB,"3,300.00",,,Luton Hospital,,,,1,"3,300.00",https://i.postimg.cc/s24h1HsW/pharma-1.png,,
LUTON-0799,CHLORPHENILAMINE MALEATE SYRUP( PIRITON SYRUP),450,,,Luton Hospital,,,,1,450,https://i.postimg.cc/s24h1HsW/pharma-1.png,,
LUTON-0800,CHLORPHENIRAMINE 100ML,10,,,Luton Hospital,,,,1,10,https://i.postimg.cc/s24h1HsW/pharma-1.png,,
LUTON-0801,CHLORPHENIRAMINE 10MG INJECTION,200,,,Luton Hospital,,,,1,200,https://i.postimg.cc/s24h1HsW/pharma-1.png,,
LUTON-0802,CHLORPHENIRAMINE 10MG INJECTION( ALLERVIT ),200,,,Luton Hospital,,,,1,200,https://i.postimg.cc/s24h1HsW/pharma-1.png,,
LUTON-0803,CHLORPHENIRAMINE 10MG/ML,100,,,Luton Hospital,,,,1,100,https://i.postimg.cc/s24h1HsW/pharma-1.png,,
LUTON-0804,CHLORPHENIRAMINE 4MG (PIRITON),15,,,Luton Hospital,,,,1,15,https://i.postimg.cc/s24h1HsW/pharma-1.png,,
LUTON-0805,CHLORPHENIRAMINE 4MG TABLETS,10,,,Luton Hospital,,,,1,10,https://i.postimg.cc/s24h1HsW/pharma-1.png,,
LUTON-0806,CHLORPHENIRAMINE 60ML SYRUP (PIRICLOR),100,,,Luton Hospital,,,,1,100,https://i.postimg.cc/s24h1HsW/pharma-1.png,,
LUTON-0807,CHLORPHENIRAMINE 60ML SYRUP (PIRITON),350,,,Luton Hospital,,,,1,350,https://i.postimg.cc/s24h1HsW/pharma-1.png,,
LUTON-0808,CHLORPHENIRAMINE EXPECTORANT 100ML(PIRITON),500,,,Luton Hospital,,,,1,500,https://i.postimg.cc/s24h1HsW/pharma-1.png,,
LUTON-0809,CHLORPHENIRAMINE MALEATE INJ 10MG/ML,500,,,Luton Hospital,,,,1,500,https://i.postimg.cc/s24h1HsW/pharma-1.png,,
LUTON-0810,CHLORPHENIRAMINE SYRUP(DAWA- CPM)ACTIVE 60ML,45,,,Luton Hospital,,,,1,45,https://i.postimg.cc/s24h1HsW/pharma-1.png,,
LUTON-0811,"CHLORPHENIRAMINE, PARACETAMOL AND VITAMIN C SYRUP 100ML (APFLU)",225,,,Luton Hospital,,,,1,225,https://i.postimg.cc/s24h1HsW/pharma-1.png,,
LUTON-0812,CHLORPROMAZINE 100MG,10,,,Luton Hospital,,,,1,10,https://i.postimg.cc/s24h1HsW/pharma-1.png,,
LUTON-0813,CHLORPROMAZINE 25MG TABLETS,30,,,Luton Hospital,,,,1,30,https://i.postimg.cc/s24h1HsW/pharma-1.png,,
LUTON-0814,CHLORPROMAZINE 50MG/2ML,400,,,Luton Hospital,,,,1,400,https://i.postimg.cc/s24h1HsW/pharma-1.png,,
LUTON-0815,CHLORXOZAZONE 250/DICLOFENAC 50/PCM 500 (DOLOACT MR),35,,,Luton Hospital,,,,1,35,https://i.postimg.cc/s24h1HsW/pharma-1.png,,
LUTON-0816,CHOLECALCIFEROL VITAMIN D 60000 IU SATCHETS (D HIGH SATCHETS),150,,,Luton Hospital,,,,1,150,https://i.postimg.cc/s24h1HsW/pharma-1.png,,
LUTON-0817,CHOLESTYRAMINE SACHETS 4GM (QUESTRAN),220,,,Luton Hospital,,,,1,220,https://i.postimg.cc/s24h1HsW/pharma-1.png,,
LUTON-0818,CHOLINE SALICYLATE (ZYTEE GEL) 10ML,244.5,,,Luton Hospital,,,,1,244.5,https://i.postimg.cc/s24h1HsW/pharma-1.png,,
LUTON-0819,CHOLINE/LIDOCAINE/BENZALKONIUM (DENTOGEL),248,,,Luton Hospital,,,,1,248,https://i.postimg.cc/s24h1HsW/pharma-1.png,,
LUTON-0820,"CHONDROITIN, GLUCOSAMINE VITAMINS AND MINERAL SUPPLEMENT (COSAMINE +)",65,,,Luton Hospital,,,,1,65,https://i.postimg.cc/s24h1HsW/pharma-1.png,,
LUTON-0821,"CHONDROITIN, GLUCOSAMINE VITAMINS AND BOSWELLIA TABS 30S (PATOJOINT)","1,800.00",,,Luton Hospital,,,,1,"1,800.00",https://i.postimg.cc/s24h1HsW/pharma-1.png,,
LUTON-0822,"CHONDROITIN, GLUCOSAMINE, MSM, MULTIMINERALS AND ANTIOXIDANT TABS 10S (CARTIMOVE )",850,,,Luton Hospital,,,,1,850,https://i.postimg.cc/s24h1HsW/pharma-1.png,,
LUTON-0823,"CHRONDROITIN, CHOLECALCIFEROL, HYALURONIC ACID PLUS DIACEREIN TABS 10S (CARTIMOVE D)","1,100.00",,,Luton Hospital,,,,1,"1,100.00",https://i.postimg.cc/s24h1HsW/pharma-1.png,,
LUTON-0824,CIDEX,"1,801.00",,,Luton Hospital,,,,1,"1,801.00",https://i.postimg.cc/s24h1HsW/pharma-1.png,,
LUTON-0825,CILNIDIPINE 10MG (CILVAS) 30S,70,,,Luton Hospital,,,,1,70,https://i.postimg.cc/s24h1HsW/pharma-1.png,,
LUTON-0826,CILNIDIPINE 10MG TABS (CILNEED 10),50,,,Luton Hospital,,,,1,50,https://i.postimg.cc/s24h1HsW/pharma-1.png,,
LUTON-0827,CILNIDIPINE 10MG+NEBIVOLOL 5MG ( CILNEB 10/5 MG ) 30S,60,,,Luton Hospital,,,,1,60,https://i.postimg.cc/s24h1HsW/pharma-1.png,,
LUTON-0828,"CILNINIPINE 10MG, TELMISARTAN 80MG & CHLORTHALIDONE 12.5MG TABS (CILNITEL 80 CT",100,,,Luton Hospital,,,,1,100,https://i.postimg.cc/s24h1HsW/pharma-1.png,,
LUTON-0829,CILVAS 5MG,39,,,Luton Hospital,,,,1,39,https://i.postimg.cc/s24h1HsW/pharma-1.png,,
LUTON-0830,CINNARAZINE 25MG (STUGERON),30,,,Luton Hospital,,,,1,30,https://i.postimg.cc/s24h1HsW/pharma-1.png,,
LUTON-0831,CIPROFLOXACIN 200MG/100ML INJECTION,400,,,Luton Hospital,,,,1,400,https://i.postimg.cc/s24h1HsW/pharma-1.png,,
LUTON-0832,CIPROFLOXACIN 250MG TABLETS,10,,,Luton Hospital,,,,1,10,https://i.postimg.cc/s24h1HsW/pharma-1.png,,
LUTON-0833,CIPROFLOXACIN 500MG ( CIFRAN )20S,120,,,Luton Hospital,,,,1,120,https://i.postimg.cc/s24h1HsW/pharma-1.png,,
LUTON-0834,CIPROFLOXACIN 500MG (CIPRO DENK) 10S,135,,,Luton Hospital,,,,1,135,https://i.postimg.cc/s24h1HsW/pharma-1.png,,
LUTON-0835,CIPROFLOXACIN 500MG (CIPROBAY),330,,,Luton Hospital,,,,1,330,https://i.postimg.cc/s24h1HsW/pharma-1.png,,
LUTON-0836,CIPROFLOXACIN 500MG 100S,60,,,Luton Hospital,,,,1,60,https://i.postimg.cc/s24h1HsW/pharma-1.png,,
LUTON-0837,CIPROFLOXACIN 500MG TABLETS,40,,,Luton Hospital,,,,1,40,https://i.postimg.cc/s24h1HsW/pharma-1.png,,
LUTON-0838,CIPROFLOXACIN 500MG TABLETS (CIFRAN 500MG ),110,,,Luton Hospital,,,,1,110,https://i.postimg.cc/s24h1HsW/pharma-1.png,,
LUTON-0839,CIPROFLOXACIN 500MG(CIPROINTA),25,,,Luton Hospital,,,,1,25,https://i.postimg.cc/s24h1HsW/pharma-1.png,,
LUTON-0840,CIPROFLOXACIN EYE/EAR DROPS,275,,,Luton Hospital,,,,1,275,https://i.postimg.cc/s24h1HsW/pharma-1.png,,
LUTON-0841,CIPROFLOXACIN EYEDROPS 10ML (CEPROLEN),250,,,Luton Hospital,,,,1,250,https://i.postimg.cc/s24h1HsW/pharma-1.png,,
LUTON-0842,CIPROFLOXACIN OPHTHALMIC OINTMENT (CIPROCENT),450,,,Luton Hospital,,,,1,450,https://i.postimg.cc/s24h1HsW/pharma-1.png,,
LUTON-0843,CIPROFLOXACIN TABLETS 500MG,25,,,Luton Hospital,,,,1,25,https://i.postimg.cc/s24h1HsW/pharma-1.png,,
LUTON-0844,CIPROFLOXACIN/DEXAMETHASONE (CEPROLEN -D),355,,,Luton Hospital,,,,1,355,https://i.postimg.cc/s24h1HsW/pharma-1.png,,
LUTON-0845,CIPROFLOXACIN/DEXAMETHASONE EAR & EYE DROP 5ML (BEUFLOX-D),350,,,Luton Hospital,,,,1,350,https://i.postimg.cc/s24h1HsW/pharma-1.png,,
LUTON-0846,CIPROLAB 500MG TABLETS 10X10S,20,,,Luton Hospital,,,,1,20,https://i.postimg.cc/s24h1HsW/pharma-1.png,,
LUTON-0847,CIRRUS NEBULIZING SYSTEM,707,,,Luton Hospital,,,,1,707,https://i.postimg.cc/s24h1HsW/pharma-1.png,,
LUTON-0848,"CISATRACURIUM INJECTION, 20MG/10ML VIAL (CISATRA)","3,500.00",,,Luton Hospital,,,,1,"3,500.00",https://i.postimg.cc/s24h1HsW/pharma-1.png,,
LUTON-0849,"CISATRACURIUM INJECTION, 50MG/5ML VIAL (CISAGLAX)","1,000.00",,,Luton Hospital,,,,1,"1,000.00",https://i.postimg.cc/s24h1HsW/pharma-1.png,,
LUTON-0850,CITALOPRAM 20MG TABS,100,,,Luton Hospital,,,,1,100,https://i.postimg.cc/s24h1HsW/pharma-1.png,,
LUTON-0851,CLANAN 625,10,,,Luton Hospital,,,,1,10,https://i.postimg.cc/s24h1HsW/pharma-1.png,,
LUTON-0852,CLARITHROMYCIN 125MG/5ML 70ML SUSP,657,,,Luton Hospital,,,,1,657,https://i.postimg.cc/s24h1HsW/pharma-1.png,,
LUTON-0853,CLARITHROMYCIN 250/5ML SUSP,"1,170.00",,,Luton Hospital,,,,1,"1,170.00",https://i.postimg.cc/s24h1HsW/pharma-1.png,,
LUTON-0854,CLARITHROMYCIN 250MG,53,,,Luton Hospital,,,,1,53,https://i.postimg.cc/s24h1HsW/pharma-1.png,,
LUTON-0855,CLARITHROMYCIN 250MG/5ML 50ML SUSP (KLACID),"3,535.00",,,Luton Hospital,,,,1,"3,535.00",https://i.postimg.cc/s24h1HsW/pharma-1.png,,
LUTON-0856,CLARITHROMYCIN TABLETS 500MG,70,,,Luton Hospital,,,,1,70,https://i.postimg.cc/s24h1HsW/pharma-1.png,,
LUTON-0857,CLARITHROMYCIN TABLETS 500MG (CLARIWIN) 10S,70,,,Luton Hospital,,,,1,70,https://i.postimg.cc/s24h1HsW/pharma-1.png,,
LUTON-0858,CLARITHROMYCIN TABLETS 500MG (CLARIZED),45,,,Luton Hospital,,,,1,45,https://i.postimg.cc/s24h1HsW/pharma-1.png,,
LUTON-0859,CLARITYNE TABS,95,,,Luton Hospital,,,,1,95,https://i.postimg.cc/s24h1HsW/pharma-1.png,,
LUTON-0860,CLEAR T GEL 20G,660,,,Luton Hospital,,,,1,660,https://i.postimg.cc/s24h1HsW/pharma-1.png,,
LUTON-0861,CLEAR ZIP-LOCK BAGS SIZE 2,0,,,Luton Hospital,,,,1,0,https://i.postimg.cc/s24h1HsW/pharma-1.png,,
LUTON-0862,CLINDAMYCIN 100MG/CLOTRIMAZOLE 200MG PESSARIES (VAGID CL),"1,500.00",,,Luton Hospital,,,,1,"1,500.00",https://i.postimg.cc/s24h1HsW/pharma-1.png,,
LUTON-0863,CLINDAMYCIN 100MG/CLOTRIMAZOLE 200MG(NUCLIN-V),675,,,Luton Hospital,,,,1,675,https://i.postimg.cc/s24h1HsW/pharma-1.png,,
LUTON-0864,CLINDAMYCIN 100MG/TINIDAZOLE 500MG/CLOTRIMAZOLE 100MG PESSARIES 3S (VAGINORM),800,,,Luton Hospital,,,,1,800,https://i.postimg.cc/s24h1HsW/pharma-1.png,,
LUTON-0865,CLINDAMYCIN 150MG CAPS 100S,25,,,Luton Hospital,,,,1,25,https://i.postimg.cc/s24h1HsW/pharma-1.png,,
LUTON-0866,CLINDAMYCIN 300MG (DALACIN C),170,,,Luton Hospital,,,,1,170,https://i.postimg.cc/s24h1HsW/pharma-1.png,,
LUTON-0867,CLINDAMYCIN 300MG CAPS (DALACIN),144,,,Luton Hospital,,,,1,144,https://i.postimg.cc/s24h1HsW/pharma-1.png,,
LUTON-0868,CLINDAMYCIN 300MG CAPS 100S,40,,,Luton Hospital,,,,1,40,https://i.postimg.cc/s24h1HsW/pharma-1.png,,
LUTON-0869,CLINDAMYCIN 300MG CAPSULES (DACILLIN 300MG ),85,,,Luton Hospital,,,,1,85,https://i.postimg.cc/s24h1HsW/pharma-1.png,,
LUTON-0870,"CLINDAMYCIN 300MG/2ML, 2ML INJECTION",400,,,Luton Hospital,,,,1,400,https://i.postimg.cc/s24h1HsW/pharma-1.png,,
LUTON-0871,"CLINDAMYCIN 300MG/2ML, 4ML AMP (DALACIN C)","1,500.00",,,Luton Hospital,,,,1,"1,500.00",https://i.postimg.cc/s24h1HsW/pharma-1.png,,
LUTON-0872,"CLINDAMYCIN 600MG/4ML, 4ML INJECTION",800,,,Luton Hospital,,,,1,800,https://i.postimg.cc/s24h1HsW/pharma-1.png,,
LUTON-0873,CLINDAMYCIN PHOSPHATE GEL 25GM (PIPOFF GEL),450,,,Luton Hospital,,,,1,450,https://i.postimg.cc/s24h1HsW/pharma-1.png,,
LUTON-0874,CLINDAMYCIN/TRETINOIN (CLINDA T PLUS GEL) 20G,720,,,Luton Hospital,,,,1,720,https://i.postimg.cc/s24h1HsW/pharma-1.png,,
LUTON-0875,CLINICAL THERMOMETER,500,,,Luton Hospital,,,,1,500,https://i.postimg.cc/s24h1HsW/pharma-1.png,,
LUTON-0876,CLIPPERS,"12,000.00",,,Luton Hospital,,,,1,"12,000.00",https://i.postimg.cc/s24h1HsW/pharma-1.png,,
LUTON-0877,CLOBAZAM 10MG TABS,150,,,Luton Hospital,,,,1,150,https://i.postimg.cc/s24h1HsW/pharma-1.png,,
LUTON-0878,CLOBEDERM LOTION,180,,,Luton Hospital,,,,1,180,https://i.postimg.cc/s24h1HsW/pharma-1.png,,
LUTON-0879,CLOBETASOL PROPIONATE CREAM 30GM (CLOPRONE),200,,,Luton Hospital,,,,1,200,https://i.postimg.cc/s24h1HsW/pharma-1.png,,
LUTON-0880,CLOBETASOL PROPIONATE OINTMENT (CLOBEDERM),250,,,Luton Hospital,,,,1,250,https://i.postimg.cc/s24h1HsW/pharma-1.png,,
LUTON-0881,CLOBETASOL PROPIONATE OINTMENT(DERMOVATE),851,,,Luton Hospital,,,,1,851,https://i.postimg.cc/s24h1HsW/pharma-1.png,,
LUTON-0882,CLOBETASONE CREAM (EUMOVATE),837,,,Luton Hospital,,,,1,837,https://i.postimg.cc/s24h1HsW/pharma-1.png,,
LUTON-0883,CLOMIFENE 50MG (CLOMID) 10S,95,,,Luton Hospital,,,,1,95,https://i.postimg.cc/s24h1HsW/pharma-1.png,,
LUTON-0884,CLOMIFENE 50MG (CLOMITAB),45,,,Luton Hospital,,,,1,45,https://i.postimg.cc/s24h1HsW/pharma-1.png,,
LUTON-0885,CLOMIPRAMINE 25MG TABS (ANAFRANIL),50,,,Luton Hospital,,,,1,50,https://i.postimg.cc/s24h1HsW/pharma-1.png,,
LUTON-0886,CLONAZEPAM 0.5MG TABS (RIVOTRIL),23,,,Luton Hospital,,,,1,23,https://i.postimg.cc/s24h1HsW/pharma-1.png,,
LUTON-0887,CLONAZEPAM 2MG (RIVOTRIL),120,,,Luton Hospital,,,,1,120,https://i.postimg.cc/s24h1HsW/pharma-1.png,,
LUTON-0888,CLONIDINE TABS 100MCG (CATAPRESS),100,,,Luton Hospital,,,,1,100,https://i.postimg.cc/s24h1HsW/pharma-1.png,,
LUTON-0889,CLOPIDOGREL 75MG (CAPLOR),45,,,Luton Hospital,,,,1,45,https://i.postimg.cc/s24h1HsW/pharma-1.png,,
LUTON-0890,CLOPIDOGREL 75MG TABS (CLOPILET) 30S,90,,,Luton Hospital,,,,1,90,https://i.postimg.cc/s24h1HsW/pharma-1.png,,
LUTON-0891,CLOPIDOGREL 75MG/ASPRIN 75MG (CLOASP),60,,,Luton Hospital,,,,1,60,https://i.postimg.cc/s24h1HsW/pharma-1.png,,
LUTON-0892,CLOSED SUCTION SYSTEM SIZE 10,"3,675.00",,,Luton Hospital,,,,1,"3,675.00",https://i.postimg.cc/s24h1HsW/pharma-1.png,,
LUTON-0893,CLOSED SUCTION SYSTEM SIZE 12,"3,500.00",,,Luton Hospital,,,,1,"3,500.00",https://i.postimg.cc/s24h1HsW/pharma-1.png,,
LUTON-0894,CLOSED SUCTION SYSTEM SIZE 14,"3,675.00",,,Luton Hospital,,,,1,"3,675.00",https://i.postimg.cc/s24h1HsW/pharma-1.png,,
LUTON-0895,CLOTRIMAZOLE 100MG PESSARIES,100,,,Luton Hospital,,,,1,100,https://i.postimg.cc/s24h1HsW/pharma-1.png,,
LUTON-0896,CLOTRIMAZOLE 100MG PESSARIES (CANDID V6),600,,,Luton Hospital,,,,1,600,https://i.postimg.cc/s24h1HsW/pharma-1.png,,
LUTON-0897,CLOTRIMAZOLE 200MG PESSARIES 3S (CLOTRINE),150,,,Luton Hospital,,,,1,150,https://i.postimg.cc/s24h1HsW/pharma-1.png,,
LUTON-0898,CLOTRIMAZOLE CREAM 15GM TUBE (CLOZOLE/CLOTRINE),100,,,Luton Hospital,,,,1,100,https://i.postimg.cc/s24h1HsW/pharma-1.png,,
LUTON-0899,CLOTRIMAZOLE CREAM 20GM,100,,,Luton Hospital,,,,1,100,https://i.postimg.cc/s24h1HsW/pharma-1.png,,
LUTON-0900,CLOTRIMAZOLE CREAM 20GMS(CANDID CREAM),400,,,Luton Hospital,,,,1,400,https://i.postimg.cc/s24h1HsW/pharma-1.png,,
LUTON-0901,CLOTRIMAZOLE DUSTING POWDER 50GM (FUNBACT),120,,,Luton Hospital,,,,1,120,https://i.postimg.cc/s24h1HsW/pharma-1.png,,
LUTON-0902,CLOTRIMAZOLE MOUTH PAINT 15ML (CANDID),240,,,Luton Hospital,,,,1,240,https://i.postimg.cc/s24h1HsW/pharma-1.png,,
LUTON-0903,CLOTRIMAZOLE PESSARIES 100MG 6S (CANDID V6),600,,,Luton Hospital,,,,1,600,https://i.postimg.cc/s24h1HsW/pharma-1.png,,
LUTON-0904,CLOTRIMAZOLE PESSARIES 200MG (CLOTRINE) 6S,100,,,Luton Hospital,,,,1,100,https://i.postimg.cc/s24h1HsW/pharma-1.png,,
LUTON-0905,CLOTRIMAZOLE PESSARIES 200MG 3S (CANDID V3),480,,,Luton Hospital,,,,1,480,https://i.postimg.cc/s24h1HsW/pharma-1.png,,
LUTON-0906,CLOTRIMAZOLE PESSARIES 500MG (CANDID V1),345,,,Luton Hospital,,,,1,345,https://i.postimg.cc/s24h1HsW/pharma-1.png,,
LUTON-0907,CLOTRIMAZOLE POWDER 30GMS(CANDID POWDER),400,,,Luton Hospital,,,,1,400,https://i.postimg.cc/s24h1HsW/pharma-1.png,,
LUTON-0908,"CLOTRIMAZOLE, BECLOMETHASONE AND GENTAMICIN CREAM 15GM (CLOB BG)",120,,,Luton Hospital,,,,1,120,https://i.postimg.cc/s24h1HsW/pharma-1.png,,
LUTON-0909,CLOTRIMAZOLE/BECLOMETASONE 20ML LOTION(CANDID),231,,,Luton Hospital,,,,1,231,https://i.postimg.cc/s24h1HsW/pharma-1.png,,
LUTON-0910,CLOTRIMAZOLE/BECLOMETASONE CREAM(CLOB-B),90,,,Luton Hospital,,,,1,90,https://i.postimg.cc/s24h1HsW/pharma-1.png,,
LUTON-0911,CLOTRIMAZOLE/BECLOMETHASONE CREAM 15GM (CANDID B),280,,,Luton Hospital,,,,1,280,https://i.postimg.cc/s24h1HsW/pharma-1.png,,
LUTON-0912,CLOTRIMAZOLE/BECLOMETHASONE CREAM 30G (CANDID B),560,,,Luton Hospital,,,,1,560,https://i.postimg.cc/s24h1HsW/pharma-1.png,,
LUTON-0913,CLOTRIMAZOLE/BECLOMETHASONE/GENTAMICIN CREAM (BULKOT MIXI) 20G,150,,,Luton Hospital,,,,1,150,https://i.postimg.cc/s24h1HsW/pharma-1.png,,
LUTON-0914,CLOTRIMAZOLE/BETAMETHASONE CREAM (CLOZOLE B/CLOTRINE B),120,,,Luton Hospital,,,,1,120,https://i.postimg.cc/s24h1HsW/pharma-1.png,,
LUTON-0915,CLOTRIMAZOLE/BETAMETHASONE/NEOMYCIN CREAM 30GM (FUNBACT-A),200,,,Luton Hospital,,,,1,200,https://i.postimg.cc/s24h1HsW/pharma-1.png,,
LUTON-0916,CLOTRIMAZOLE/SELENIUM SHAMPOO(CANDID TV SHAMPOO),550,,,Luton Hospital,,,,1,550,https://i.postimg.cc/s24h1HsW/pharma-1.png,,
LUTON-0917,CO-AMOXICLAV 1000MG TABS ( MYDAWA ) 14S,60,,,Luton Hospital,,,,1,60,https://i.postimg.cc/s24h1HsW/pharma-1.png,,
LUTON-0918,CO-AMOXICLAV 1000MG TABS (ENHANCIN 1000 ),90,,,Luton Hospital,,,,1,90,https://i.postimg.cc/s24h1HsW/pharma-1.png,,
LUTON-0919,CO-AMOXICLAV 228MG/5ML SUSPENSION 70ML,300,,,Luton Hospital,,,,1,300,https://i.postimg.cc/s24h1HsW/pharma-1.png,,
LUTON-0920,CO-AMOXICLAV 457MG/5ML SUSPENSION 70ML,450,,,Luton Hospital,,,,1,450,https://i.postimg.cc/s24h1HsW/pharma-1.png,,
LUTON-0921,CO-AMOXICLAV 625MG (MYDAWA) 14S,60,,,Luton Hospital,,,,1,60,https://i.postimg.cc/s24h1HsW/pharma-1.png,,
LUTON-0922,CO-TRIMOXAXOLE 960MG TABS,40,,,Luton Hospital,,,,1,40,https://i.postimg.cc/s24h1HsW/pharma-1.png,,
LUTON-0923,CO-TRIMOXAZOLE 240MG TABS,30,,,Luton Hospital,,,,1,30,https://i.postimg.cc/s24h1HsW/pharma-1.png,,
LUTON-0924,CO-TRIMOXAZOLE 240MG/5ML 100ML SUSP (BIOTRIM),52.5,,,Luton Hospital,,,,1,52.5,https://i.postimg.cc/s24h1HsW/pharma-1.png,,
LUTON-0925,CO-TRIMOXAZOLE 240MG/5ML 50ML SUSP (BIOTRIM),52.5,,,Luton Hospital,,,,1,52.5,https://i.postimg.cc/s24h1HsW/pharma-1.png,,
LUTON-0926,CO-TRIMOXAZOLE 480MG TABS,30,,,Luton Hospital,,,,1,30,https://i.postimg.cc/s24h1HsW/pharma-1.png,,
LUTON-0927,CO-TRIMOXAZOLE SUSPENSION (ALPRIM),80,,,Luton Hospital,,,,1,80,https://i.postimg.cc/s24h1HsW/pharma-1.png,,
LUTON-0928,COARTEM 80/480,750,,,Luton Hospital,,,,1,750,https://i.postimg.cc/s24h1HsW/pharma-1.png,,
LUTON-0929,CODEINE+DOXYLAMINE(FOPYN),30,,,Luton Hospital,,,,1,30,https://i.postimg.cc/s24h1HsW/pharma-1.png,,
LUTON-0930,COFERB PLUS COUGH SYRUP 120ML,450,,,Luton Hospital,,,,1,450,https://i.postimg.cc/s24h1HsW/pharma-1.png,,
LUTON-0931,COLCHICINE 500MCG,10,,,Luton Hospital,,,,1,10,https://i.postimg.cc/s24h1HsW/pharma-1.png,,
LUTON-0932,COLDCAP CAPSULES,20,,,Luton Hospital,,,,1,20,https://i.postimg.cc/s24h1HsW/pharma-1.png,,
LUTON-0933,COLDCAP SYP 100ML,200,,,Luton Hospital,,,,1,200,https://i.postimg.cc/s24h1HsW/pharma-1.png,,
LUTON-0934,COLECALCIFEROL 5 MCG SYRUP (OSTEO-D),488,,,Luton Hospital,,,,1,488,https://i.postimg.cc/s24h1HsW/pharma-1.png,,
LUTON-0935,COLISTIMETHATE 1 MILLION IU INJECTION (COLOMYCIN),"1,100.00",,,Luton Hospital,,,,1,"1,100.00",https://i.postimg.cc/s24h1HsW/pharma-1.png,,
LUTON-0936,"COLLAGEN, CALCIUM CITRATE,MSM, HA, VIT D3, MECOBALAMIN, OMEGA 369, BOSWELLIA + OTHERS (HYCON OD)","2,850.00",,,Luton Hospital,,,,1,"2,850.00",https://i.postimg.cc/s24h1HsW/pharma-1.png,,
LUTON-0937,"COLLAGEN, ROSE HIP EXTRACT, GLUCOSAMINE AND VIT C SATCHETS (JOINTREAT SATCHETS)",250,,,Luton Hospital,,,,1,250,https://i.postimg.cc/s24h1HsW/pharma-1.png,,
LUTON-0938,COLLAR CUFFS UNIVERSAL,"5,400.00",,,Luton Hospital,,,,1,"5,400.00",https://i.postimg.cc/s24h1HsW/pharma-1.png,,
LUTON-0939,COLOPREP,"1,850.00",,,Luton Hospital,,,,1,"1,850.00",https://i.postimg.cc/s24h1HsW/pharma-1.png,,
LUTON-0940,COLOPREP ORANGE 2*177ML SYRUP,"1,850.00",,,Luton Hospital,,,,1,"1,850.00",https://i.postimg.cc/s24h1HsW/pharma-1.png,,
LUTON-0941,COLOSTOMY BAGS,"1,200.00",,,Luton Hospital,,,,1,"1,200.00",https://i.postimg.cc/s24h1HsW/pharma-1.png,,
LUTON-0942,COMBINED ORAL CONTRACEPTIVE (FEMIGIRL),250,,,Luton Hospital,,,,1,250,https://i.postimg.cc/s24h1HsW/pharma-1.png,,
LUTON-0943,COMBINED ORAL CONTRACEPTIVE (MICROGYNON FE),225,,,Luton Hospital,,,,1,225,https://i.postimg.cc/s24h1HsW/pharma-1.png,,
LUTON-0944,COMBINED ORAL CONTRACEPTIVE PILLS (MICROGYNON 30),450,,,Luton Hospital,,,,1,450,https://i.postimg.cc/s24h1HsW/pharma-1.png,,
LUTON-0945,COMBINED ORAL CONTRACEPTIVE PILLS 3 CYCLES (FEMIPLAN),400,,,Luton Hospital,,,,1,400,https://i.postimg.cc/s24h1HsW/pharma-1.png,,
LUTON-0946,COMPOSITE A1,0,,,Luton Hospital,,,,1,0,https://i.postimg.cc/s24h1HsW/pharma-1.png,,
LUTON-0947,COMPOSITE KIT,"7,000.00",,,Luton Hospital,,,,1,"7,000.00",https://i.postimg.cc/s24h1HsW/pharma-1.png,,
LUTON-0948,COMPOSITE KIT -OPAQUE WHITE,"1,700.00",,,Luton Hospital,,,,1,"1,700.00",https://i.postimg.cc/s24h1HsW/pharma-1.png,,
LUTON-0949,COMPOSITE KIT B1,"1,700.00",,,Luton Hospital,,,,1,"1,700.00",https://i.postimg.cc/s24h1HsW/pharma-1.png,,
LUTON-0950,COMPRESSION STOCKING (LARGE),"3,450.00",,,Luton Hospital,,,,1,"3,450.00",https://i.postimg.cc/s24h1HsW/pharma-1.png,,
LUTON-0951,COMPRESSION STOCKING (MEDIUM),"3,450.00",,,Luton Hospital,,,,1,"3,450.00",https://i.postimg.cc/s24h1HsW/pharma-1.png,,
LUTON-0952,COMPRESSION STOCKING (SMALL),"3,450.00",,,Luton Hospital,,,,1,"3,450.00",https://i.postimg.cc/s24h1HsW/pharma-1.png,,
LUTON-0953,COMPRESSIONAL SCREWS 3.5MM,"6,375.00",,,Luton Hospital,,,,1,"6,375.00",https://i.postimg.cc/s24h1HsW/pharma-1.png,,
LUTON-0954,CONTRACEPTIVE PILLS (FEMIPLAN ) PER CYLE,150,,,Luton Hospital,,,,1,150,https://i.postimg.cc/s24h1HsW/pharma-1.png,,
LUTON-0955,CONTRACTUBEX 50MG,"2,115.00",,,Luton Hospital,,,,1,"2,115.00",https://i.postimg.cc/s24h1HsW/pharma-1.png,,
LUTON-0956,COPE WELL SEMI ELEMENTAL DIET 400GM TIN,"2,850.00",,,Luton Hospital,,,,1,"2,850.00",https://i.postimg.cc/s24h1HsW/pharma-1.png,,
LUTON-0957,CORN CAPS 5S (FUTCARE),200,,,Luton Hospital,,,,1,200,https://i.postimg.cc/s24h1HsW/pharma-1.png,,
LUTON-0958,CORTICAL SCREWS,"3,750.00",,,Luton Hospital,,,,1,"3,750.00",https://i.postimg.cc/s24h1HsW/pharma-1.png,,
LUTON-0959,CORTIN SPRAY 10MLS,"1,620.00",,,Luton Hospital,,,,1,"1,620.00",https://i.postimg.cc/s24h1HsW/pharma-1.png,,
LUTON-0960,COTRIMOXAZOLE 240MG/5ML SUSPENSION (SEPTRIN) 100ML,510,,,Luton Hospital,,,,1,510,https://i.postimg.cc/s24h1HsW/pharma-1.png,,
LUTON-0961,COTRIMOXAZOLE 960MG TABS,40,,,Luton Hospital,,,,1,40,https://i.postimg.cc/s24h1HsW/pharma-1.png,,
LUTON-0962,COTRIMOXAZOLE 960MG TABS (COSATRIM DS),30,,,Luton Hospital,,,,1,30,https://i.postimg.cc/s24h1HsW/pharma-1.png,,
LUTON-0963,COTRIMOXAZOLE 960MG TABS (SEPTRIN DS),100,,,Luton Hospital,,,,1,100,https://i.postimg.cc/s24h1HsW/pharma-1.png,,
LUTON-0964,COTTON ROLL,0,,,Luton Hospital,,,,1,0,https://i.postimg.cc/s24h1HsW/pharma-1.png,,
LUTON-0965,COTTON WOOL 100GM,100,,,Luton Hospital,,,,1,100,https://i.postimg.cc/s24h1HsW/pharma-1.png,,
LUTON-0966,COTTON WOOL 200GM,150,,,Luton Hospital,,,,1,150,https://i.postimg.cc/s24h1HsW/pharma-1.png,,
LUTON-0967,COTTON WOOL 400GM,390,,,Luton Hospital,,,,1,390,https://i.postimg.cc/s24h1HsW/pharma-1.png,,
LUTON-0968,COUGH EXPECTORACT 100ML (UPACOF DRY COUGH),86,,,Luton Hospital,,,,1,86,https://i.postimg.cc/s24h1HsW/pharma-1.png,,
LUTON-0969,COUGH EXPECTORANT 100ML (ASCORIL),450,,,Luton Hospital,,,,1,450,https://i.postimg.cc/s24h1HsW/pharma-1.png,,
LUTON-0970,COUGH EXPECTORANT 100ML (COSCOF EXPECTORANT),237,,,Luton Hospital,,,,1,237,https://i.postimg.cc/s24h1HsW/pharma-1.png,,
LUTON-0971,COUGH EXPECTORANT 100ML (CADIPHEN),158,,,Luton Hospital,,,,1,158,https://i.postimg.cc/s24h1HsW/pharma-1.png,,
LUTON-0972,COUGH EXPECTORANT 100ML (CADISTIN EXPECTORANT),192,,,Luton Hospital,,,,1,192,https://i.postimg.cc/s24h1HsW/pharma-1.png,,
LUTON-0973,COUGH EXPECTORANT 100ML (DELASED DRY),150,,,Luton Hospital,,,,1,150,https://i.postimg.cc/s24h1HsW/pharma-1.png,,
LUTON-0974,COUGH EXPECTORANT 100ML (UPACOF),98,,,Luton Hospital,,,,1,98,https://i.postimg.cc/s24h1HsW/pharma-1.png,,
LUTON-0975,COUGH EXPECTORANT 100ML MUCOLYTIC SYRUP (DACOF),188,,,Luton Hospital,,,,1,188,https://i.postimg.cc/s24h1HsW/pharma-1.png,,
LUTON-0976,COUGH EXPECTORANT 100ML SUSP (ONACOF),169,,,Luton Hospital,,,,1,169,https://i.postimg.cc/s24h1HsW/pharma-1.png,,
LUTON-0977,COUGH EXPECTORANT 100ML SUSP(DUPLAZIN),173,,,Luton Hospital,,,,1,173,https://i.postimg.cc/s24h1HsW/pharma-1.png,,
LUTON-0978,COUGH EXPECTORANT 100ML SYRUP (BROMSAL),200,,,Luton Hospital,,,,1,200,https://i.postimg.cc/s24h1HsW/pharma-1.png,,
LUTON-0979,COUGH EXPECTORANT 100ML SYRUP (DELASED CHESTY),155,,,Luton Hospital,,,,1,155,https://i.postimg.cc/s24h1HsW/pharma-1.png,,
LUTON-0980,COUGH EXPECTORANT 100ML SYRUP (TRIMEX),195,,,Luton Hospital,,,,1,195,https://i.postimg.cc/s24h1HsW/pharma-1.png,,
LUTON-0981,COUGH EXPECTORANT 100ML SYRUP(ACTIFED DRY),606,,,Luton Hospital,,,,1,606,https://i.postimg.cc/s24h1HsW/pharma-1.png,,
LUTON-0982,COUGH EXPECTORANT 100ML SYRUP(ACTIFED WET),493,,,Luton Hospital,,,,1,493,https://i.postimg.cc/s24h1HsW/pharma-1.png,,
LUTON-0983,COUGH EXPECTORANT 100ML SYRUP(CADISTIN PLUS),248,,,Luton Hospital,,,,1,248,https://i.postimg.cc/s24h1HsW/pharma-1.png,,
LUTON-0984,COUGH EXPECTORANT 100ML SYRUP(DELASED PAED),200,,,Luton Hospital,,,,1,200,https://i.postimg.cc/s24h1HsW/pharma-1.png,,
LUTON-0985,COUGH EXPECTORANT 100ML(COSCOF-C 100ML),357,,,Luton Hospital,,,,1,357,https://i.postimg.cc/s24h1HsW/pharma-1.png,,
LUTON-0986,COUGH EXPECTORANT 100ML(IMACCOF),132,,,Luton Hospital,,,,1,132,https://i.postimg.cc/s24h1HsW/pharma-1.png,,
LUTON-0987,COUGH EXPECTORANT 60ML(COSCOF),250,,,Luton Hospital,,,,1,250,https://i.postimg.cc/s24h1HsW/pharma-1.png,,
LUTON-0988,COUGH LINCTUS WITH DEXTROMETHORPHAN 100ML (COSCOF-DM),450,,,Luton Hospital,,,,1,450,https://i.postimg.cc/s24h1HsW/pharma-1.png,,
LUTON-0989,COUGH SYRUP 100ML (TUSPRESS 100ML),186,,,Luton Hospital,,,,1,186,https://i.postimg.cc/s24h1HsW/pharma-1.png,,
LUTON-0990,COUGH SYRUP EXPECTORANT(IMACOF EXPECTORANT),132,,,Luton Hospital,,,,1,132,https://i.postimg.cc/s24h1HsW/pharma-1.png,,
LUTON-0991,COUGH SYRUP PAED(IMACOF PAED),132,,,Luton Hospital,,,,1,132,https://i.postimg.cc/s24h1HsW/pharma-1.png,,
LUTON-0992,COVERALL SUIT 3XL,"2,000.00",,,Luton Hospital,,,,1,"2,000.00",https://i.postimg.cc/s24h1HsW/pharma-1.png,,
LUTON-0993,COVERALL SUITS 2XL,"2,000.00",,,Luton Hospital,,,,1,"2,000.00",https://i.postimg.cc/s24h1HsW/pharma-1.png,,
LUTON-0994,COVERRALL SUIT XL,"1,500.00",,,Luton Hospital,,,,1,"1,500.00",https://i.postimg.cc/s24h1HsW/pharma-1.png,,
LUTON-0995,COW & GATE INFANT FORMULA 400GM TIN (0 - 6 MONTHS),"1,600.00",,,Luton Hospital,,,,1,"1,600.00",https://i.postimg.cc/s24h1HsW/pharma-1.png,,
LUTON-0996,COZEPAM,5,,,Luton Hospital,,,,1,5,https://i.postimg.cc/s24h1HsW/pharma-1.png,,
LUTON-0997,CRANBERRY EXTRACT SATCHETS WITH POT CITRATE AND D-MANNNOSE (URIMAS),200,,,Luton Hospital,,,,1,200,https://i.postimg.cc/s24h1HsW/pharma-1.png,,
LUTON-0998,CRANBERRY EXTRACT WITH PROBIOTIC CAPS (CRANWELL),80,,,Luton Hospital,,,,1,80,https://i.postimg.cc/s24h1HsW/pharma-1.png,,
LUTON-0999,"CRANBERRY, D-MANNOSE AND POTASSIUM MAGNESIUM CITRATE SATCHET (URIKIND KM",265,,,Luton Hospital,,,,1,265,https://i.postimg.cc/s24h1HsW/pharma-1.png,,
LUTON-1000,CRANBIOTIX CAPS,80,,,Luton Hospital,,,,1,80,https://i.postimg.cc/s24h1HsW/pharma-1.png,,
LUTON-1001,CRANMAX PROBIOTICS WITH CRANBERRY AND TURMERIC EXTRAXT SATCHETS,180,,,Luton Hospital,,,,1,180,https://i.postimg.cc/s24h1HsW/pharma-1.png,,
LUTON-1002,CREPE BANDAGE 2INCH,100,,,Luton Hospital,,,,1,100,https://i.postimg.cc/s24h1HsW/pharma-1.png,,
LUTON-1003,CREPE BANDAGE 3INCH,100,,,Luton Hospital,,,,1,100,https://i.postimg.cc/s24h1HsW/pharma-1.png,,
LUTON-1004,CREPE BANDAGE 4INCH,100,,,Luton Hospital,,,,1,100,https://i.postimg.cc/s24h1HsW/pharma-1.png,,
LUTON-1005,CREPE BANDAGE 6INCH,100,,,Luton Hospital,,,,1,100,https://i.postimg.cc/s24h1HsW/pharma-1.png,,
LUTON-1006,CROCKS,251,,,Luton Hospital,,,,1,251,https://i.postimg.cc/s24h1HsW/pharma-1.png,,
LUTON-1007,CROMOLYN SODIUM 2% EYE DROP (AUROCROME),390,,,Luton Hospital,,,,1,390,https://i.postimg.cc/s24h1HsW/pharma-1.png,,
LUTON-1008,CROTAMITON+ SULPHUR 60ML ( SCABION LOTION ),675,,,Luton Hospital,,,,1,675,https://i.postimg.cc/s24h1HsW/pharma-1.png,,
LUTON-1009,CURACEL 5CM *7.5CL,145,,,Luton Hospital,,,,1,145,https://i.postimg.cc/s24h1HsW/pharma-1.png,,
LUTON-1010,CURTAIN ROD INSTALLATION,0,,,Luton Hospital,,,,1,0,https://i.postimg.cc/s24h1HsW/pharma-1.png,,
LUTON-1011,CUTIMED GEL 25G,"1,335.00",,,Luton Hospital,,,,1,"1,335.00",https://i.postimg.cc/s24h1HsW/pharma-1.png,,
LUTON-1012,CVC 6FR,"9,750.00",,,Luton Hospital,,,,1,"9,750.00",https://i.postimg.cc/s24h1HsW/pharma-1.png,,
LUTON-1013,CYCLE-TONE TABLETS 30S,100,,,Luton Hospital,,,,1,100,https://i.postimg.cc/s24h1HsW/pharma-1.png,,
LUTON-1014,CYCLOPCSTOLATE HCL 1% 15ML (ALCON),"1,050.00",,,Luton Hospital,,,,1,"1,050.00",https://i.postimg.cc/s24h1HsW/pharma-1.png,,
LUTON-1015,CYPROHEPTADINE 200ML (CYPON),498,,,Luton Hospital,,,,1,498,https://i.postimg.cc/s24h1HsW/pharma-1.png,,
LUTON-1016,CYPROHEPTADINE 2MG/5ML 100ML SYRUP(CYPON),222,,,Luton Hospital,,,,1,222,https://i.postimg.cc/s24h1HsW/pharma-1.png,,
LUTON-1017,CYPROHEPTADINE FORTE CAPS (TRES ORIX),135,,,Luton Hospital,,,,1,135,https://i.postimg.cc/s24h1HsW/pharma-1.png,,
LUTON-1018,CYPROHEPTADINE SYRUP 100ML (TRES ORIX),850,,,Luton Hospital,,,,1,850,https://i.postimg.cc/s24h1HsW/pharma-1.png,,
LUTON-1019,CYPROHEPTADINE SYRUP 250ML (TRES ORIX),"1,395.00",,,Luton Hospital,,,,1,"1,395.00",https://i.postimg.cc/s24h1HsW/pharma-1.png,,
LUTON-1020,"CYPROHEPTADINE,CARNITINE, LYSINE AND COENZYME B12 CAPS (TRES ORIX FORTE)",70,,,Luton Hospital,,,,1,70,https://i.postimg.cc/s24h1HsW/pharma-1.png,,
LUTON-1021,DAFLON 1000MG 30S,110,,,Luton Hospital,,,,1,110,https://i.postimg.cc/s24h1HsW/pharma-1.png,,
LUTON-1022,DAPAGLIFLOZIN 10MG (DAPAZIN-10) 14S,150,,,Luton Hospital,,,,1,150,https://i.postimg.cc/s24h1HsW/pharma-1.png,,
LUTON-1023,DAPAGLIFLOZIN 10MG TABLETS (DAPAGOOD 10),130,,,Luton Hospital,,,,1,130,https://i.postimg.cc/s24h1HsW/pharma-1.png,,
LUTON-1024,DAPAGLIFLOZIN 10MG TABS 28S (FORXIGA 10),130,,,Luton Hospital,,,,1,130,https://i.postimg.cc/s24h1HsW/pharma-1.png,,
LUTON-1025,DAPAGLIFLOZIN 5MG + METFORMIN 500MG ( DAPAFLO M 5/500MG,70,,,Luton Hospital,,,,1,70,https://i.postimg.cc/s24h1HsW/pharma-1.png,,
LUTON-1026,"DAPAGLIFLOZIN, SITAGLIPTIN AND METFORMIN XR 10/100/1000 TABS (DAPEFY SM) 1GM",100,,,Luton Hospital,,,,1,100,https://i.postimg.cc/s24h1HsW/pharma-1.png,,
LUTON-1027,"DAPAGLIFLOZIN, SITAGLIPTIN AND METFORMIN XR 10/100/500 TABS (DAPEFY SM)",85,,,Luton Hospital,,,,1,85,https://i.postimg.cc/s24h1HsW/pharma-1.png,,
LUTON-1028,DAPIGA-10M,175,,,Luton Hospital,,,,1,175,https://i.postimg.cc/s24h1HsW/pharma-1.png,,
LUTON-1029,DAPIGA-10MG (DAPAGLIFOZIN),130,,,Luton Hospital,,,,1,130,https://i.postimg.cc/s24h1HsW/pharma-1.png,,
LUTON-1030,DAPIGA-5(DAPAGLIFLOZIN),110,,,Luton Hospital,,,,1,110,https://i.postimg.cc/s24h1HsW/pharma-1.png,,
LUTON-1031,DAPIGA-5M(DAPAGLIFLOZIN+METFORMIN),135,,,Luton Hospital,,,,1,135,https://i.postimg.cc/s24h1HsW/pharma-1.png,,
LUTON-1032,DAPIGA-5MF(DAPAGLIFLOZIN5MG+METFORMIN 1000MG),193,,,Luton Hospital,,,,1,193,https://i.postimg.cc/s24h1HsW/pharma-1.png,,
LUTON-1033,DAPIGA -10 (DAPAGLIFOZIN),130,,,Luton Hospital,,,,1,130,https://i.postimg.cc/s24h1HsW/pharma-1.png,,
LUTON-1034,DARK SPOT SERUM,"4,100.00",,,Luton Hospital,,,,1,"4,100.00",https://i.postimg.cc/s24h1HsW/pharma-1.png,,
LUTON-1035,DDA BOOK REGISTERS (NEW),850,,,Luton Hospital,,,,1,850,https://i.postimg.cc/s24h1HsW/pharma-1.png,,
LUTON-1036,DEEP FREEZE COLD GEL 35G,550,,,Luton Hospital,,,,1,550,https://i.postimg.cc/s24h1HsW/pharma-1.png,,
LUTON-1037,DEEP FREEZE COLD SPRAY 150ML CAN,"1,200.00",,,Luton Hospital,,,,1,"1,200.00",https://i.postimg.cc/s24h1HsW/pharma-1.png,,
LUTON-1038,DEEP HEAT RUB 15G,485,,,Luton Hospital,,,,1,485,https://i.postimg.cc/s24h1HsW/pharma-1.png,,
LUTON-1039,DEEP HEAT RUB 35G,420,,,Luton Hospital,,,,1,420,https://i.postimg.cc/s24h1HsW/pharma-1.png,,
LUTON-1040,DEEP HEAT SPRAY,"1,070.00",,,Luton Hospital,,,,1,"1,070.00",https://i.postimg.cc/s24h1HsW/pharma-1.png,,
LUTON-1041,DEFLAZACORT 18MG TABS 30S (YESCORT 18MG),60,,,Luton Hospital,,,,1,60,https://i.postimg.cc/s24h1HsW/pharma-1.png,,
LUTON-1042,DEFLAZACORT 30MG TABS 30S (YESCORT 30),75,,,Luton Hospital,,,,1,75,https://i.postimg.cc/s24h1HsW/pharma-1.png,,
LUTON-1043,DEFLAZACORT 6MG ORAL SUSPENSION (DEFLAZ),750,,,Luton Hospital,,,,1,750,https://i.postimg.cc/s24h1HsW/pharma-1.png,,
LUTON-1044,DEFLAZACORT 6MG TABS(YESCORT) 30S,40,,,Luton Hospital,,,,1,40,https://i.postimg.cc/s24h1HsW/pharma-1.png,,
LUTON-1045,DEKSEL NANO D3 60000IU SOLUTION 5ML,870,,,Luton Hospital,,,,1,870,https://i.postimg.cc/s24h1HsW/pharma-1.png,,
LUTON-1046,DELIVERY GUMBOOT,"1,001.00",,,Luton Hospital,,,,1,"1,001.00",https://i.postimg.cc/s24h1HsW/pharma-1.png,,
LUTON-1047,DELIVERY PACK,"5,000.00",,,Luton Hospital,,,,1,"5,000.00",https://i.postimg.cc/s24h1HsW/pharma-1.png,,
LUTON-1048,DELMAR HYPERTONIC SPRAY 50ML,"1,400.00",,,Luton Hospital,,,,1,"1,400.00",https://i.postimg.cc/s24h1HsW/pharma-1.png,,
LUTON-1049,DELMAR ISOTONIC SPRAY 50ML,"1,300.00",,,Luton Hospital,,,,1,"1,300.00",https://i.postimg.cc/s24h1HsW/pharma-1.png,,
LUTON-1050,DELTA DRY 3INCH,"1,500.00",,,Luton Hospital,,,,1,"1,500.00",https://i.postimg.cc/s24h1HsW/pharma-1.png,,
LUTON-1051,DELTA DRY 4INCH,"2,000.00",,,Luton Hospital,,,,1,"2,000.00",https://i.postimg.cc/s24h1HsW/pharma-1.png,,
LUTON-1052,DENTAL CARTRIDGE NEEDLE (LONG),0,,,Luton Hospital,,,,1,0,https://i.postimg.cc/s24h1HsW/pharma-1.png,,
LUTON-1053,DENTAL CARTRIDGE NEEDLE (SHORT),0,,,Luton Hospital,,,,1,0,https://i.postimg.cc/s24h1HsW/pharma-1.png,,
LUTON-1054,DENTAL FILMS E SPEED,0,,,Luton Hospital,,,,1,0,https://i.postimg.cc/s24h1HsW/pharma-1.png,,
LUTON-1055,DENTINOX INFANT COLIC DROPS 100ML,950,,,Luton Hospital,,,,1,950,https://i.postimg.cc/s24h1HsW/pharma-1.png,,
LUTON-1056,DENTOGEL 10GM,260,,,Luton Hospital,,,,1,260,https://i.postimg.cc/s24h1HsW/pharma-1.png,,
LUTON-1057,DEPO,100,,,Luton Hospital,,,,1,100,https://i.postimg.cc/s24h1HsW/pharma-1.png,,
LUTON-1058,DERMAZINE CREAM,180,,,Luton Hospital,,,,1,180,https://i.postimg.cc/s24h1HsW/pharma-1.png,,
LUTON-1059,DERMOL EMOLLIENT CREAM 500ML,"2,000.00",,,Luton Hospital,,,,1,"2,000.00",https://i.postimg.cc/s24h1HsW/pharma-1.png,,
LUTON-1060,DESIRE F,"1,650.00",,,Luton Hospital,,,,1,"1,650.00",https://i.postimg.cc/s24h1HsW/pharma-1.png,,
LUTON-1061,DESIRE M MALE SUPPLEMENTS,60,,,Luton Hospital,,,,1,60,https://i.postimg.cc/s24h1HsW/pharma-1.png,,
LUTON-1062,DESLORATADINE 0.5MG/ML 60ML SYRUP(AERIUS SYRUP),"1,500.00",,,Luton Hospital,,,,1,"1,500.00",https://i.postimg.cc/s24h1HsW/pharma-1.png,,
LUTON-1063,DESLORATADINE 5MG,106.5,,,Luton Hospital,,,,1,106.5,https://i.postimg.cc/s24h1HsW/pharma-1.png,,
LUTON-1064,DESLORATIDINE 0.5MG/ML 150ML (AERIUS),"2,050.00",,,Luton Hospital,,,,1,"2,050.00",https://i.postimg.cc/s24h1HsW/pharma-1.png,,
LUTON-1065,DESLORATIDINE 2.5MG/5ML SYRUP (NEOCILOR),330,,,Luton Hospital,,,,1,330,https://i.postimg.cc/s24h1HsW/pharma-1.png,,
LUTON-1066,DESLORATIDINE 5MG,80,,,Luton Hospital,,,,1,80,https://i.postimg.cc/s24h1HsW/pharma-1.png,,
LUTON-1067,DESLORATIDINE 5MG TABS (AERIUS),95,,,Luton Hospital,,,,1,95,https://i.postimg.cc/s24h1HsW/pharma-1.png,,
LUTON-1068,DESMOPRESSIN NASAL SPRAY 10MCG 60DOSES,"11,145.00",,,Luton Hospital,,,,1,"11,145.00",https://i.postimg.cc/s24h1HsW/pharma-1.png,,
LUTON-1069,DESOGESTREL 150MG AND ETHINYLESTRADIOL 30MCG TABS 28S (MEURI),450,,,Luton Hospital,,,,1,450,https://i.postimg.cc/s24h1HsW/pharma-1.png,,
LUTON-1070,DETTOL ANTISEPTIC 125ML BOTTLE,480,,,Luton Hospital,,,,1,480,https://i.postimg.cc/s24h1HsW/pharma-1.png,,
LUTON-1071,DETTOL SOAP ORIGINAL 90GM,160,,,Luton Hospital,,,,1,160,https://i.postimg.cc/s24h1HsW/pharma-1.png,,
LUTON-1072,DETTOL WIPES ORIGINAL 10S,180,,,Luton Hospital,,,,1,180,https://i.postimg.cc/s24h1HsW/pharma-1.png,,
LUTON-1073,DEVELOPER,0,,,Luton Hospital,,,,1,0,https://i.postimg.cc/s24h1HsW/pharma-1.png,,
LUTON-1074,DEX RABEPRAZOLE 10MG ( DEXPURE )30S,50,,,Luton Hospital,,,,1,50,https://i.postimg.cc/s24h1HsW/pharma-1.png,,
LUTON-1075,DEXAMETHASONE & GENTAMYCIN ( DEXA G),600,,,Luton Hospital,,,,1,600,https://i.postimg.cc/s24h1HsW/pharma-1.png,,
LUTON-1076,DEXAMETHASONE 4MG TABLET,10,,,Luton Hospital,,,,1,10,https://i.postimg.cc/s24h1HsW/pharma-1.png,,
LUTON-1077,DEXAMETHASONE 4MG/1ML,200,,,Luton Hospital,,,,1,200,https://i.postimg.cc/s24h1HsW/pharma-1.png,,
LUTON-1078,DEXAMETHASONE 8MG/2ML INJETION,100,,,Luton Hospital,,,,1,100,https://i.postimg.cc/s24h1HsW/pharma-1.png,,
LUTON-1079,DEXAMETHASONE DROPS 10ML (MAXIDEX),570,,,Luton Hospital,,,,1,570,https://i.postimg.cc/s24h1HsW/pharma-1.png,,
LUTON-1080,DEXAMETHASONE/FRAMYCETIN/GRAMICIDIN EAR&EYE DROPS (FRAMYDEX ),528,,,Luton Hospital,,,,1,528,https://i.postimg.cc/s24h1HsW/pharma-1.png,,
LUTON-1081,DEXAMETHASONE/NEOMYCIN EYE/EAR DROPS (DEXTRACIN),250,,,Luton Hospital,,,,1,250,https://i.postimg.cc/s24h1HsW/pharma-1.png,,
LUTON-1082,DEXAMETHASONE/NEOMYCIN EYE/EAR DROPS (XSONE N),150,,,Luton Hospital,,,,1,150,https://i.postimg.cc/s24h1HsW/pharma-1.png,,
LUTON-1083,DEXKETOPROFEN 25MG TABS (INFEN 25),60,,,Luton Hospital,,,,1,60,https://i.postimg.cc/s24h1HsW/pharma-1.png,,
LUTON-1084,DEXKETOPROFEN 25MG TABS (KETESSE TABS),85,,,Luton Hospital,,,,1,85,https://i.postimg.cc/s24h1HsW/pharma-1.png,,
LUTON-1085,DEXKETOPROFEN 25MG TABS (KETESSE),85,,,Luton Hospital,,,,1,85,https://i.postimg.cc/s24h1HsW/pharma-1.png,,
LUTON-1086,DEXKETOPROFEN 50MG/2MLS,0,,,Luton Hospital,,,,1,0,https://i.postimg.cc/s24h1HsW/pharma-1.png,,
LUTON-1087,DEXKETOPROFEN INJECTION 50MG/2ML 5S (KETESSE),310,,,Luton Hospital,,,,1,310,https://i.postimg.cc/s24h1HsW/pharma-1.png,,
LUTON-1088,DEXLANSOPRAZOLE 60MG CAPS 30S (EXLANT),50,,,Luton Hospital,,,,1,50,https://i.postimg.cc/s24h1HsW/pharma-1.png,,
LUTON-1089,DEXMEDETOMIDINE 100MCG/2ML INJECTION (DEXMEGLAX 100),"2,000.00",,,Luton Hospital,,,,1,"2,000.00",https://i.postimg.cc/s24h1HsW/pharma-1.png,,
LUTON-1090,DEXMEDETOMIDINE 200MCG/2ML INJECTION ( DEXEM 200),"3,800.00",,,Luton Hospital,,,,1,"3,800.00",https://i.postimg.cc/s24h1HsW/pharma-1.png,,
LUTON-1091,DEXPANTHENOL 20MG CREAM (DEXIPAN),400,,,Luton Hospital,,,,1,400,https://i.postimg.cc/s24h1HsW/pharma-1.png,,
LUTON-1092,DEXTRACIN EYE DROP,247.5,,,Luton Hospital,,,,1,247.5,https://i.postimg.cc/s24h1HsW/pharma-1.png,,
LUTON-1093,DEXTRAN (VOLUVEN) INJECTION,"3,200.00",,,Luton Hospital,,,,1,"3,200.00",https://i.postimg.cc/s24h1HsW/pharma-1.png,,
LUTON-1094,DEXTROMETHOPHAN HYDOBROMIDE +CETRIZINE HCL(ZEFCOLIN),480,,,Luton Hospital,,,,1,480,https://i.postimg.cc/s24h1HsW/pharma-1.png,,
LUTON-1095,DEXTROSE 10%,300,,,Luton Hospital,,,,1,300,https://i.postimg.cc/s24h1HsW/pharma-1.png,,
LUTON-1096,DEXTROSE 5%,300,,,Luton Hospital,,,,1,300,https://i.postimg.cc/s24h1HsW/pharma-1.png,,
LUTON-1097,DEXTROSE 50%,300,,,Luton Hospital,,,,1,300,https://i.postimg.cc/s24h1HsW/pharma-1.png,,
LUTON-1098,DF 118,83,,,Luton Hospital,,,,1,83,https://i.postimg.cc/s24h1HsW/pharma-1.png,,
LUTON-1099,DIACEREIN 50MG ( DIARIN CAPS ) 20S,70,,,Luton Hospital,,,,1,70,https://i.postimg.cc/s24h1HsW/pharma-1.png,,
LUTON-1100,"DIACEREIN, UNIVESTIN, COLLAGEN, MSM, GLUCOSAMINE, BOSWELLIA SERATA & HYALURONIC ACID ( VESTIGEN SATCHETS)",60,,,Luton Hospital,,,,1,60,https://i.postimg.cc/s24h1HsW/pharma-1.png,,
LUTON-1101,DIAGONE KIT,57,,,Luton Hospital,,,,1,57,https://i.postimg.cc/s24h1HsW/pharma-1.png,,
LUTON-1102,DIALYSIS CATHETER (CURVED),"8,500.00",,,Luton Hospital,,,,1,"8,500.00",https://i.postimg.cc/s24h1HsW/pharma-1.png,,
LUTON-1103,DIALYSIS CATHETER (STRAIGHT),"20,000.00",,,Luton Hospital,,,,1,"20,000.00",https://i.postimg.cc/s24h1HsW/pharma-1.png,,
LUTON-1104,DIALYSIS CATHETER 12FR,"10,500.00",,,Luton Hospital,,,,1,"10,500.00",https://i.postimg.cc/s24h1HsW/pharma-1.png,,
LUTON-1105,DIALYSIS CATHETER 14FR,"19,800.00",,,Luton Hospital,,,,1,"19,800.00",https://i.postimg.cc/s24h1HsW/pharma-1.png,,
LUTON-1106,DIALYZER 1.7 H,"1,915.00",,,Luton Hospital,,,,1,"1,915.00",https://i.postimg.cc/s24h1HsW/pharma-1.png,,
LUTON-1107,DIALYZER 1.9 H,"1,915.00",,,Luton Hospital,,,,1,"1,915.00",https://i.postimg.cc/s24h1HsW/pharma-1.png,,
LUTON-1108,DIALYZER 2.1H,"2,498.00",,,Luton Hospital,,,,1,"2,498.00",https://i.postimg.cc/s24h1HsW/pharma-1.png,,
LUTON-1109,DIAPERS PER PIECE,190,,,Luton Hospital,,,,1,190,https://i.postimg.cc/s24h1HsW/pharma-1.png,,
LUTON-1110,DIATHERMY PENCIL,750,,,Luton Hospital,,,,1,750,https://i.postimg.cc/s24h1HsW/pharma-1.png,,
LUTON-1111,DIAZEPAM 5MG TABS,10,,,Luton Hospital,,,,1,10,https://i.postimg.cc/s24h1HsW/pharma-1.png,,
LUTON-1112,"DIAZEPAM 5MG/ML, 2ML INJECTION",300,,,Luton Hospital,,,,1,300,https://i.postimg.cc/s24h1HsW/pharma-1.png,,
LUTON-1113,DIBEN DRINK 200ML,486,,,Luton Hospital,,,,1,486,https://i.postimg.cc/s24h1HsW/pharma-1.png,,
LUTON-1114,DICLLOFENAC SPRAY ( DYNAPAR SPRAY ),"1,800.00",,,Luton Hospital,,,,1,"1,800.00",https://i.postimg.cc/s24h1HsW/pharma-1.png,,
LUTON-1115,DICLOFENAC 1% CREAM 20G (VOLTAREN),560,,,Luton Hospital,,,,1,560,https://i.postimg.cc/s24h1HsW/pharma-1.png,,
LUTON-1116,DICLOFENAC 1% GEL 50G (VOLTAREN EMUGEL),800,,,Luton Hospital,,,,1,800,https://i.postimg.cc/s24h1HsW/pharma-1.png,,
LUTON-1117,DICLOFENAC 1% WW RHEUMAC GEL),150,,,Luton Hospital,,,,1,150,https://i.postimg.cc/s24h1HsW/pharma-1.png,,
LUTON-1118,DICLOFENAC 1.8MG/ML ORAL SUSPENSION 120ML (TOFLA),"1,200.00",,,Luton Hospital,,,,1,"1,200.00",https://i.postimg.cc/s24h1HsW/pharma-1.png,,
LUTON-1119,DICLOFENAC 100MG (VOLTAREN RETARD 100MG),110,,,Luton Hospital,,,,1,110,https://i.postimg.cc/s24h1HsW/pharma-1.png,,
LUTON-1120,DICLOFENAC 100MG RECTAL SUPPOSITORY (DICLODENK RECTAL),200,,,Luton Hospital,,,,1,200,https://i.postimg.cc/s24h1HsW/pharma-1.png,,
LUTON-1121,DICLOFENAC 100MG RECTAL SUPPOSITORY (LOFNAC),75,,,Luton Hospital,,,,1,75,https://i.postimg.cc/s24h1HsW/pharma-1.png,,
LUTON-1122,DICLOFENAC 100MG SUPPOSITORIES,200,,,Luton Hospital,,,,1,200,https://i.postimg.cc/s24h1HsW/pharma-1.png,,
LUTON-1123,DICLOFENAC 100MG TABLETS(OLFEN -SR 100MG),120,,,Luton Hospital,,,,1,120,https://i.postimg.cc/s24h1HsW/pharma-1.png,,
LUTON-1124,DICLOFENAC 100MG TABS (DICLOMOL SR),10,,,Luton Hospital,,,,1,10,https://i.postimg.cc/s24h1HsW/pharma-1.png,,
LUTON-1125,DICLOFENAC 100MG TABS 100S (DICLODENK 100),30,,,Luton Hospital,,,,1,30,https://i.postimg.cc/s24h1HsW/pharma-1.png,,
LUTON-1126,"DICLOFENAC 25MG/ML, 3ML AMP INJECTION",200,,,Luton Hospital,,,,1,200,https://i.postimg.cc/s24h1HsW/pharma-1.png,,
LUTON-1127,DICLOFENAC 50MG (ACTINAC),225,,,Luton Hospital,,,,1,225,https://i.postimg.cc/s24h1HsW/pharma-1.png,,
LUTON-1128,DICLOFENAC 50MG (ROKON 50),10,,,Luton Hospital,,,,1,10,https://i.postimg.cc/s24h1HsW/pharma-1.png,,
LUTON-1129,DICLOFENAC 50MG / MISOPROSTOL 200MCG(SAFEGUT 50),20,,,Luton Hospital,,,,1,20,https://i.postimg.cc/s24h1HsW/pharma-1.png,,
LUTON-1130,DICLOFENAC 50MG 100S,10,,,Luton Hospital,,,,1,10,https://i.postimg.cc/s24h1HsW/pharma-1.png,,
LUTON-1131,DICLOFENAC 50MG TABS 100S,10,,,Luton Hospital,,,,1,10,https://i.postimg.cc/s24h1HsW/pharma-1.png,,
LUTON-1132,DICLOFENAC 50MG/CHLORXOZANE 325MG/PCM 250MG TABS (LOBAK),20,,,Luton Hospital,,,,1,20,https://i.postimg.cc/s24h1HsW/pharma-1.png,,
LUTON-1133,DICLOFENAC 50MG/PARACETAMOL 500MG/SERRATIOPEPTIDASE 15MG (TRACK SP) 100S,40,,,Luton Hospital,,,,1,40,https://i.postimg.cc/s24h1HsW/pharma-1.png,,
LUTON-1134,DICLOFENAC 50MG/PARACETAMOL TABS 500MG (CINEPAR),12,,,Luton Hospital,,,,1,12,https://i.postimg.cc/s24h1HsW/pharma-1.png,,
LUTON-1135,DICLOFENAC 50MG/PCM 500MG/CHLORZOXAZONE 250MG (FLAMORYL S),30,,,Luton Hospital,,,,1,30,https://i.postimg.cc/s24h1HsW/pharma-1.png,,
LUTON-1136,DICLOFENAC 75MG & MISOPROSTOL 200MCG(SAFEGUT 75),25,,,Luton Hospital,,,,1,25,https://i.postimg.cc/s24h1HsW/pharma-1.png,,
LUTON-1137,DICLOFENAC 75MG SR TAB (OLFEN SY 75),70,,,Luton Hospital,,,,1,70,https://i.postimg.cc/s24h1HsW/pharma-1.png,,
LUTON-1138,DICLOFENAC 75MG/3ML INJECTION,200,,,Luton Hospital,,,,1,200,https://i.postimg.cc/s24h1HsW/pharma-1.png,,
LUTON-1139,DICLOFENAC EYE DROPS,200,,,Luton Hospital,,,,1,200,https://i.postimg.cc/s24h1HsW/pharma-1.png,,
LUTON-1140,DICLOFENAC GEL ( VOLI GEL ),350,,,Luton Hospital,,,,1,350,https://i.postimg.cc/s24h1HsW/pharma-1.png,,
LUTON-1141,DICLOFENAC GEL 20G (DINAC),150,,,Luton Hospital,,,,1,150,https://i.postimg.cc/s24h1HsW/pharma-1.png,,
LUTON-1142,DICLOFENAC GEL 20GM (RHEUMAC),150,,,Luton Hospital,,,,1,150,https://i.postimg.cc/s24h1HsW/pharma-1.png,,
LUTON-1143,DICLOFENAC POTASSIUM 50MG (CATAFLAM) TABS 100S,110,,,Luton Hospital,,,,1,110,https://i.postimg.cc/s24h1HsW/pharma-1.png,,
LUTON-1144,DICLOFENAC SPRAY (Z-POWER) SPRAY,750,,,Luton Hospital,,,,1,750,https://i.postimg.cc/s24h1HsW/pharma-1.png,,
LUTON-1145,DICLOFENAC(OLFEN) 75MG/3ML,400,,,Luton Hospital,,,,1,400,https://i.postimg.cc/s24h1HsW/pharma-1.png,,
LUTON-1146,"DICLOFENAC, METHYLSALICYLATE, LINSEED AND MENTHOL GEL 30GM (VOLINI)",450,,,Luton Hospital,,,,1,450,https://i.postimg.cc/s24h1HsW/pharma-1.png,,
LUTON-1147,DICLOFENAC/GENTAMICIN EYE DROPS (DICLOGENTA),280,,,Luton Hospital,,,,1,280,https://i.postimg.cc/s24h1HsW/pharma-1.png,,
LUTON-1148,DICYCLOVERINE AD SIMETHICONE SUSPENSION 30ML (CYCLOPAM SUSPENSION),280,,,Luton Hospital,,,,1,280,https://i.postimg.cc/s24h1HsW/pharma-1.png,,
LUTON-1149,DICYCLOVERINE HCL/SIMETHICONE SUSP 30ML (CYCLOPAM),250,,,Luton Hospital,,,,1,250,https://i.postimg.cc/s24h1HsW/pharma-1.png,,
LUTON-1150,DIFLUCORTOLONE/ISOCONAZOLE CREAM (TRAVOCORT),"1,100.00",,,Luton Hospital,,,,1,"1,100.00",https://i.postimg.cc/s24h1HsW/pharma-1.png,,
LUTON-1151,DIGITAL FIBULAR LOCKING PLATE (6 HOLES),"37,500.00",,,Luton Hospital,,,,1,"37,500.00",https://i.postimg.cc/s24h1HsW/pharma-1.png,,
LUTON-1152,DIGOXIN 125MCG TABS,10,,,Luton Hospital,,,,1,10,https://i.postimg.cc/s24h1HsW/pharma-1.png,,
LUTON-1153,DIGOXIN 250MG,10,,,Luton Hospital,,,,1,10,https://i.postimg.cc/s24h1HsW/pharma-1.png,,
LUTON-1154,DIHYDROARTEMISININ/PIPERAQUINE 40/320MG (MALAPIP),550,,,Luton Hospital,,,,1,550,https://i.postimg.cc/s24h1HsW/pharma-1.png,,
LUTON-1155,DIHYDROARTEMISININ/PIPERAQUINE 7.5/60MG 60ML (MALAPIP SUSP),500,,,Luton Hospital,,,,1,500,https://i.postimg.cc/s24h1HsW/pharma-1.png,,
LUTON-1156,DIHYDROCODEINE 30MG TABS,25,,,Luton Hospital,,,,1,25,https://i.postimg.cc/s24h1HsW/pharma-1.png,,
LUTON-1157,DIKLORON GEL 1% 50GM,675,,,Luton Hospital,,,,1,675,https://i.postimg.cc/s24h1HsW/pharma-1.png,,
LUTON-1158,DILOXANIDE/METRONIDAZOLE TABS,30,,,Luton Hospital,,,,1,30,https://i.postimg.cc/s24h1HsW/pharma-1.png,,
LUTON-1159,DILOXANIDE/METRONIDAZOLE TABS (DIRACIP M DS) 15S,25,,,Luton Hospital,,,,1,25,https://i.postimg.cc/s24h1HsW/pharma-1.png,,
LUTON-1160,DILTIAZEM 2% CREAM 30GM (DILTIGESIC),"4,000.00",,,Luton Hospital,,,,1,"4,000.00",https://i.postimg.cc/s24h1HsW/pharma-1.png,,
LUTON-1161,DIMEDROXYPROGESTERONE ACETATE DMPA IM INJECTION 150MG (DEPO PROVERA),300,,,Luton Hospital,,,,1,300,https://i.postimg.cc/s24h1HsW/pharma-1.png,,
LUTON-1162,DIMEDROXYPROGESTERONE ACETATE DMPA IM INJECTION 150MG (LYDIA ),300,,,Luton Hospital,,,,1,300,https://i.postimg.cc/s24h1HsW/pharma-1.png,,
LUTON-1163,DIMETICONE 21MG/2.5ML (DENTINOX),682,,,Luton Hospital,,,,1,682,https://i.postimg.cc/s24h1HsW/pharma-1.png,,
LUTON-1164,DINOPROSTONE-E2 VAGINAL TABLETS 3MG ( GLANDIN- E2),"3,500.00",,,Luton Hospital,,,,1,"3,500.00",https://i.postimg.cc/s24h1HsW/pharma-1.png,,
LUTON-1165,DIOSMIN 450MG/HESPERIDIN 50MG (DAFLON 500MG) 30S,80,,,Luton Hospital,,,,1,80,https://i.postimg.cc/s24h1HsW/pharma-1.png,,
LUTON-1166,DIOSMIN 600MG TABS 15S (PHLEBODIA),80,,,Luton Hospital,,,,1,80,https://i.postimg.cc/s24h1HsW/pharma-1.png,,
LUTON-1167,DIPHENHYDRAMINE 14MG/AMMONIUM CHORLIDE 135MG/SODIUM CITRATE 57MG/MENTHOL 1.1MG 100ML EXPECTORANT,200,,,Luton Hospital,,,,1,200,https://i.postimg.cc/s24h1HsW/pharma-1.png,,
LUTON-1168,"DIPHENHYDRAMINE, DEXTROMETHORPHAN AND MENTHOL COUGH SYRUP (DACOF DRY)",200,,,Luton Hospital,,,,1,200,https://i.postimg.cc/s24h1HsW/pharma-1.png,,
LUTON-1169,DIPTHERIA/PERTUSSIS/TETANUS/HEPATITIS B (DPTH) VACCINATION,200,,,Luton Hospital,,,,1,200,https://i.postimg.cc/s24h1HsW/pharma-1.png,,
LUTON-1170,DISCHARGE CHECKLIST,0,,,Luton Hospital,,,,1,0,https://i.postimg.cc/s24h1HsW/pharma-1.png,,
LUTON-1171,DISCOFIX (BBRAUN),200,,,Luton Hospital,,,,1,200,https://i.postimg.cc/s24h1HsW/pharma-1.png,,
LUTON-1172,DISECTING FORCEPS NON-TOOTHED,0,,,Luton Hospital,,,,1,0,https://i.postimg.cc/s24h1HsW/pharma-1.png,,
LUTON-1173,DISECTING FORCEPS TOOTHED,0,,,Luton Hospital,,,,1,0,https://i.postimg.cc/s24h1HsW/pharma-1.png,,
LUTON-1174,DISINFECTANT-SURFA SAFE PREMIUM,"3,600.00",,,Luton Hospital,,,,1,"3,600.00",https://i.postimg.cc/s24h1HsW/pharma-1.png,,
LUTON-1175,DISODIUM HYDROGEN CITRATE 1.37GM/5ML 100ML SYRUP(ALKANIL),420,,,Luton Hospital,,,,1,420,https://i.postimg.cc/s24h1HsW/pharma-1.png,,
LUTON-1176,DISODIUM HYDROGEN CITRATE 100ML SYRUP(CITAL),450,,,Luton Hospital,,,,1,450,https://i.postimg.cc/s24h1HsW/pharma-1.png,,
LUTON-1177,DISODIUM HYDROGEN CITRATE 100ML SYRUP(URIFLOW),500,,,Luton Hospital,,,,1,500,https://i.postimg.cc/s24h1HsW/pharma-1.png,,
LUTON-1178,DISPOSABLE BIBS,0,,,Luton Hospital,,,,1,0,https://i.postimg.cc/s24h1HsW/pharma-1.png,,
LUTON-1179,DISPOSABLE CLIP REMOVER,500,,,Luton Hospital,,,,1,500,https://i.postimg.cc/s24h1HsW/pharma-1.png,,
LUTON-1180,DISPOSABLE CLIP REMOVERS,500,,,Luton Hospital,,,,1,500,https://i.postimg.cc/s24h1HsW/pharma-1.png,,
LUTON-1181,DISPOSABLE DIATHERMY PLATE (ADULT),"3,000.00",,,Luton Hospital,,,,1,"3,000.00",https://i.postimg.cc/s24h1HsW/pharma-1.png,,
LUTON-1182,DISPOSABLE DRAPES ( D&C ),"3,000.00",,,Luton Hospital,,,,1,"3,000.00",https://i.postimg.cc/s24h1HsW/pharma-1.png,,
LUTON-1183,DISPOSABLE DRAPES ( GENERAL SET ),"4,200.00",,,Luton Hospital,,,,1,"4,200.00",https://i.postimg.cc/s24h1HsW/pharma-1.png,,
LUTON-1184,DISPOSABLE DRAPES ( LAPARATOMY ),"3,750.00",,,Luton Hospital,,,,1,"3,750.00",https://i.postimg.cc/s24h1HsW/pharma-1.png,,
LUTON-1185,DISPOSABLE DRAPES ( OBSTETRI/CS ),"3,600.00",,,Luton Hospital,,,,1,"3,600.00",https://i.postimg.cc/s24h1HsW/pharma-1.png,,
LUTON-1186,DISPOSABLE DRAPES ( ORTHOPAEDIC ),"5,250.00",,,Luton Hospital,,,,1,"5,250.00",https://i.postimg.cc/s24h1HsW/pharma-1.png,,
LUTON-1187,DISPOSABLE DRAPES (ABDOMINOPLASTIC),"5,250.00",,,Luton Hospital,,,,1,"5,250.00",https://i.postimg.cc/s24h1HsW/pharma-1.png,,
LUTON-1188,DISPOSABLE DRESSING PACK,300,,,Luton Hospital,,,,1,300,https://i.postimg.cc/s24h1HsW/pharma-1.png,,
LUTON-1189,DISPOSABLE DRESSING PACKS,400,,,Luton Hospital,,,,1,400,https://i.postimg.cc/s24h1HsW/pharma-1.png,,
LUTON-1190,DISPOSABLE PATIENT PLATE,0,,,Luton Hospital,,,,1,0,https://i.postimg.cc/s24h1HsW/pharma-1.png,,
LUTON-1191,DISPOSABLE SYRINGE 2ML WITH NEEDLE 23G,50,,,Luton Hospital,,,,1,50,https://i.postimg.cc/s24h1HsW/pharma-1.png,,
LUTON-1192,DISPOSABLE SYRINGE 5ML WITH NEEDLE 21G,50,,,Luton Hospital,,,,1,50,https://i.postimg.cc/s24h1HsW/pharma-1.png,,
LUTON-1193,DISPOSABLE VENT TUBING (ADULT),"5,500.00",,,Luton Hospital,,,,1,"5,500.00",https://i.postimg.cc/s24h1HsW/pharma-1.png,,
LUTON-1194,DISPOSABLE VENT TUBING (PAED),"5,250.00",,,Luton Hospital,,,,1,"5,250.00",https://i.postimg.cc/s24h1HsW/pharma-1.png,,
LUTON-1195,DIVALPROEX SODIUM 500MG (VALTAS),95,,,Luton Hospital,,,,1,95,https://i.postimg.cc/s24h1HsW/pharma-1.png,,
LUTON-1196,DOBUTAMINE 250MG INJECTION 5ML 5S,846,,,Luton Hospital,,,,1,846,https://i.postimg.cc/s24h1HsW/pharma-1.png,,
LUTON-1197,DOBUTAMINE 250MG/20ML INJECTION,"1,000.00",,,Luton Hospital,,,,1,"1,000.00",https://i.postimg.cc/s24h1HsW/pharma-1.png,,
LUTON-1198,DOCTORS INVOICE BOOK,366.67,,,Luton Hospital,,,,1,366.67,https://i.postimg.cc/s24h1HsW/pharma-1.png,,
LUTON-1199,DOMPERIDONE 10MG TABS,20,,,Luton Hospital,,,,1,20,https://i.postimg.cc/s24h1HsW/pharma-1.png,,
LUTON-1200,DOMPERIDONE 10MG TABS (MOTILIUM),50,,,Luton Hospital,,,,1,50,https://i.postimg.cc/s24h1HsW/pharma-1.png,,
LUTON-1201,DOMPERIDONE SYRUP 100ML,210,,,Luton Hospital,,,,1,210,https://i.postimg.cc/s24h1HsW/pharma-1.png,,
LUTON-1202,DOMPERIDONE SYRUP 100ML (MOTILIUM),635,,,Luton Hospital,,,,1,635,https://i.postimg.cc/s24h1HsW/pharma-1.png,,
LUTON-1203,DONEPEZIL 10MG TABS 28S (ARICEPT 10MG),210,,,Luton Hospital,,,,1,210,https://i.postimg.cc/s24h1HsW/pharma-1.png,,
LUTON-1204,DONEPEZIL 5MG TABS (ARICEPT),160,,,Luton Hospital,,,,1,160,https://i.postimg.cc/s24h1HsW/pharma-1.png,,
LUTON-1205,DONEPEZIL 5MG TABS 30S,60,,,Luton Hospital,,,,1,60,https://i.postimg.cc/s24h1HsW/pharma-1.png,,
LUTON-1206,DONUT CUSHION,0,,,Luton Hospital,,,,1,0,https://i.postimg.cc/s24h1HsW/pharma-1.png,,
LUTON-1207,DOPAMINE 200MG/5ML INJ,"1,950.00",,,Luton Hospital,,,,1,"1,950.00",https://i.postimg.cc/s24h1HsW/pharma-1.png,,
LUTON-1208,DORIPENEM INJECTION 500MG,"4,255.00",,,Luton Hospital,,,,1,"4,255.00",https://i.postimg.cc/s24h1HsW/pharma-1.png,,
LUTON-1209,DORIPENEM INJECTION 500MG (DORADO 500),"4,000.00",,,Luton Hospital,,,,1,"4,000.00",https://i.postimg.cc/s24h1HsW/pharma-1.png,,
LUTON-1210,DOUBLE BARREL TRACHEOSTOMY TUBE SIZE 7.0,"13,500.00",,,Luton Hospital,,,,1,"13,500.00",https://i.postimg.cc/s24h1HsW/pharma-1.png,,
LUTON-1211,DOXOFYLLINE 800MG SUSTAINED RELEASE TABLETS (DONET-800SR),100,,,Luton Hospital,,,,1,100,https://i.postimg.cc/s24h1HsW/pharma-1.png,,
LUTON-1212,DOXYCYCLINE 100MG,10,,,Luton Hospital,,,,1,10,https://i.postimg.cc/s24h1HsW/pharma-1.png,,
LUTON-1213,DOXYLAMINE SUCCINATE/PYRIDOXINE (NOSIC) 20S,22.5,,,Luton Hospital,,,,1,22.5,https://i.postimg.cc/s24h1HsW/pharma-1.png,,
LUTON-1214,DOXYLAMINE/PYRIDOXINE 10MG TABS (DOMI-6),20,,,Luton Hospital,,,,1,20,https://i.postimg.cc/s24h1HsW/pharma-1.png,,
LUTON-1215,DRAINAGE SYSTEM COMPLETE,"5,100.00",,,Luton Hospital,,,,1,"5,100.00",https://i.postimg.cc/s24h1HsW/pharma-1.png,,
LUTON-1216,DROSPIRENONE 3MG AND ETHINYL ESTRADIOL 0.02MG TABS 24S (DRONIS),"2,100.00",,,Luton Hospital,,,,1,"2,100.00",https://i.postimg.cc/s24h1HsW/pharma-1.png,,
LUTON-1217,DROSPIRENONE/ETHINYL ESTRADIOL TABS (YASMIN),"1,000.00",,,Luton Hospital,,,,1,"1,000.00",https://i.postimg.cc/s24h1HsW/pharma-1.png,,
LUTON-1218,DROTAVERINE INJECTION (NOSPA),300,,,Luton Hospital,,,,1,300,https://i.postimg.cc/s24h1HsW/pharma-1.png,,
LUTON-1219,DRUMSTICK CHICKEN,"1,000.00",,,Luton Hospital,,,,1,"1,000.00",https://i.postimg.cc/s24h1HsW/pharma-1.png,,
LUTON-1220,DULOXETINE 20MG ( DUZELA 20 ),85,,,Luton Hospital,,,,1,85,https://i.postimg.cc/s24h1HsW/pharma-1.png,,
LUTON-1221,DULOXETINE 30MG,45,,,Luton Hospital,,,,1,45,https://i.postimg.cc/s24h1HsW/pharma-1.png,,
LUTON-1222,DULOXETINE 30MG & METHYLCOBALAMINE 500MCG TABS (DULOMIN-30),110,,,Luton Hospital,,,,1,110,https://i.postimg.cc/s24h1HsW/pharma-1.png,,
LUTON-1223,DULOXETINE 30MG ( DUZELA 30 ),110,,,Luton Hospital,,,,1,110,https://i.postimg.cc/s24h1HsW/pharma-1.png,,
LUTON-1224,DUOVENT HFA 10ML SPRAY,"1,800.00",,,Luton Hospital,,,,1,"1,800.00",https://i.postimg.cc/s24h1HsW/pharma-1.png,,
LUTON-1225,DUREX FEATHERLITE 3S,550,,,Luton Hospital,,,,1,550,https://i.postimg.cc/s24h1HsW/pharma-1.png,,
LUTON-1226,DUTASTERIDE 0.5MG (AVODART),120,,,Luton Hospital,,,,1,120,https://i.postimg.cc/s24h1HsW/pharma-1.png,,
LUTON-1227,DUTASTERIDE 0.5MG AND TADALAFIL 5MG TABS (DIAX-T),120,,,Luton Hospital,,,,1,120,https://i.postimg.cc/s24h1HsW/pharma-1.png,,
LUTON-1228,"DUTASTERIDE 0.5MG, TADALAFIL 5MG AND SOLIFENACIN 5MG TABS (DIAX-TS 5)",140,,,Luton Hospital,,,,1,140,https://i.postimg.cc/s24h1HsW/pharma-1.png,,
LUTON-1229,DUTASTERIDE 0.5MG/TAMSULOSIN 0.4MG CAPS 30S (DUSTAM),100,,,Luton Hospital,,,,1,100,https://i.postimg.cc/s24h1HsW/pharma-1.png,,
LUTON-1230,DYDROGESTERONE 10MG(DUPHASTON),128,,,Luton Hospital,,,,1,128,https://i.postimg.cc/s24h1HsW/pharma-1.png,,
LUTON-1231,DYNACAST 3 INCH,"1,000.00",,,Luton Hospital,,,,1,"1,000.00",https://i.postimg.cc/s24h1HsW/pharma-1.png,,
LUTON-1232,DYNACAST 4INCH,"1,500.00",,,Luton Hospital,,,,1,"1,500.00",https://i.postimg.cc/s24h1HsW/pharma-1.png,,
LUTON-1233,DYNACAST 5 INCH,"1,200.00",,,Luton Hospital,,,,1,"1,200.00",https://i.postimg.cc/s24h1HsW/pharma-1.png,,
LUTON-1234,DYNAMOGEN (GLUTODINE3MG/ARGININE ASPARTATE1G),80,,,Luton Hospital,,,,1,80,https://i.postimg.cc/s24h1HsW/pharma-1.png,,
LUTON-1235,EBASTEL 1MG/5ML 60ML,"1,500.00",,,Luton Hospital,,,,1,"1,500.00",https://i.postimg.cc/s24h1HsW/pharma-1.png,,
LUTON-1236,EBASTINE 10MG (EBASTEL),130,,,Luton Hospital,,,,1,130,https://i.postimg.cc/s24h1HsW/pharma-1.png,,
LUTON-1237,EBASTINE 10MG TABS 10S (HISTY 10MG),40,,,Luton Hospital,,,,1,40,https://i.postimg.cc/s24h1HsW/pharma-1.png,,
LUTON-1238,EBASTINE 20MG TABS 10S (HISTY 20MG),60,,,Luton Hospital,,,,1,60,https://i.postimg.cc/s24h1HsW/pharma-1.png,,
LUTON-1239,EBASTINE 5MG/5ML SYRUP 60ML (HISTY SYRUP),500,,,Luton Hospital,,,,1,500,https://i.postimg.cc/s24h1HsW/pharma-1.png,,
LUTON-1240,EBASTINE SYRUP 60ML,700,,,Luton Hospital,,,,1,700,https://i.postimg.cc/s24h1HsW/pharma-1.png,,
LUTON-1241,ECG,45,,,Luton Hospital,,,,1,45,https://i.postimg.cc/s24h1HsW/pharma-1.png,,
LUTON-1242,ECG PAPER 210,"3,500.00",,,Luton Hospital,,,,1,"3,500.00",https://i.postimg.cc/s24h1HsW/pharma-1.png,,
LUTON-1243,EDTA,0,,,Luton Hospital,,,,1,0,https://i.postimg.cc/s24h1HsW/pharma-1.png,,
LUTON-1244,EE,45,,,Luton Hospital,,,,1,45,https://i.postimg.cc/s24h1HsW/pharma-1.png,,
LUTON-1245,EFLARON PLUS TABS,20,,,Luton Hospital,,,,1,20,https://i.postimg.cc/s24h1HsW/pharma-1.png,,
LUTON-1246,ELASTIC ADHESIVE BANDAGES BAND AID (ELASTOPLAST),15,,,Luton Hospital,,,,1,15,https://i.postimg.cc/s24h1HsW/pharma-1.png,,
LUTON-1247,ELASTIC BANDAGE,750,,,Luton Hospital,,,,1,750,https://i.postimg.cc/s24h1HsW/pharma-1.png,,
LUTON-1248,ELASTOPLAST,5,,,Luton Hospital,,,,1,5,https://i.postimg.cc/s24h1HsW/pharma-1.png,,
LUTON-1249,ELASTOPLAST ADHESIVE BANDAGE,15,,,Luton Hospital,,,,1,15,https://i.postimg.cc/s24h1HsW/pharma-1.png,,
LUTON-1250,ELBOW SUPPORT UNIVERSAL,"2,000.00",,,Luton Hospital,,,,1,"2,000.00",https://i.postimg.cc/s24h1HsW/pharma-1.png,,
LUTON-1251,ELEVATE ENERGY MULTIVITAMIN EFFERVESCENT TABLETS 10S,70,,,Luton Hospital,,,,1,70,https://i.postimg.cc/s24h1HsW/pharma-1.png,,
LUTON-1252,ELICA GEL (MOMETASONE),550,,,Luton Hospital,,,,1,550,https://i.postimg.cc/s24h1HsW/pharma-1.png,,
LUTON-1253,EMEDASTINE EYE DROPS 0.5MG/ML 5ML (EMADIN),447,,,Luton Hospital,,,,1,447,https://i.postimg.cc/s24h1HsW/pharma-1.png,,
LUTON-1254,EMEDINE 0.05%,900,,,Luton Hospital,,,,1,900,https://i.postimg.cc/s24h1HsW/pharma-1.png,,
LUTON-1255,EMGLYZA 10 30S,"1,950.00",,,Luton Hospital,,,,1,"1,950.00",https://i.postimg.cc/s24h1HsW/pharma-1.png,,
LUTON-1256,EMOLIENT MOISTURISER CREAM (EPIMOL ADULT),"1,500.00",,,Luton Hospital,,,,1,"1,500.00",https://i.postimg.cc/s24h1HsW/pharma-1.png,,
LUTON-1257,EMOLIENT MOISTURIZER CREAM (EPIMOL-B BABY &JUNIOR),"1,550.00",,,Luton Hospital,,,,1,"1,550.00",https://i.postimg.cc/s24h1HsW/pharma-1.png,,
LUTON-1258,EMOLLIENT CREAM (DERMOL),450,,,Luton Hospital,,,,1,450,https://i.postimg.cc/s24h1HsW/pharma-1.png,,
LUTON-1259,EMPAFLO 10MG TABS,70,,,Luton Hospital,,,,1,70,https://i.postimg.cc/s24h1HsW/pharma-1.png,,
LUTON-1260,EMPAFLO M 12.5/1000MG 30S,83,,,Luton Hospital,,,,1,83,https://i.postimg.cc/s24h1HsW/pharma-1.png,,
LUTON-1261,EMPAFLO M 12.5/500MG,149,,,Luton Hospital,,,,1,149,https://i.postimg.cc/s24h1HsW/pharma-1.png,,
LUTON-1262,EMPAGLIFLOZIN 25 MG 30S (EMPAFLO 25MG ),100,,,Luton Hospital,,,,1,100,https://i.postimg.cc/s24h1HsW/pharma-1.png,,
LUTON-1263,EMPAGLIFLOZIN 10 MG ( EMPIGET 10MG ) 14S,110,,,Luton Hospital,,,,1,110,https://i.postimg.cc/s24h1HsW/pharma-1.png,,
LUTON-1264,EMPAGLIFLOZIN 10MG ( XEMPA 10 ),100,,,Luton Hospital,,,,1,100,https://i.postimg.cc/s24h1HsW/pharma-1.png,,
LUTON-1265,EMPAGLIFLOZIN 10MG TABS (EMPA Q),100,,,Luton Hospital,,,,1,100,https://i.postimg.cc/s24h1HsW/pharma-1.png,,
LUTON-1266,EMPAGLIFLOZIN 10MG TABS (EMPAGOOD 10),100,,,Luton Hospital,,,,1,100,https://i.postimg.cc/s24h1HsW/pharma-1.png,,
LUTON-1267,EMPAGLIFLOZIN 10MG TABS (XENGLU 10),80,,,Luton Hospital,,,,1,80,https://i.postimg.cc/s24h1HsW/pharma-1.png,,
LUTON-1268,EMPAGLIFLOZIN 12.5MG + METFORMIN 1000MG ( XENGLU-MET 1000),100,,,Luton Hospital,,,,1,100,https://i.postimg.cc/s24h1HsW/pharma-1.png,,
LUTON-1269,EMPAGLIFLOZIN 12.5MG + METFORMIN 500MG ( XENGLU-MET 500),100,,,Luton Hospital,,,,1,100,https://i.postimg.cc/s24h1HsW/pharma-1.png,,
LUTON-1270,EMPAGLIFLOZIN 25MG ( XEMPA 25),100,,,Luton Hospital,,,,1,100,https://i.postimg.cc/s24h1HsW/pharma-1.png,,
LUTON-1271,EMPAGLIFLOZIN 25MG +LINAGLIPTIN 5 MG ( XEMPALIN 25/5MG )20S,120,,,Luton Hospital,,,,1,120,https://i.postimg.cc/s24h1HsW/pharma-1.png,,
LUTON-1272,EMPAGLIFLOZIN 25MG TABS 30S (EMGLYZA 25),95,,,Luton Hospital,,,,1,95,https://i.postimg.cc/s24h1HsW/pharma-1.png,,
LUTON-1273,EMU OIL+ROSEMARY+SALICILIC ACID ( EMUFLAM GEL ) 50GM,"1,200.00",,,Luton Hospital,,,,1,"1,200.00",https://i.postimg.cc/s24h1HsW/pharma-1.png,,
LUTON-1274,EMULSIFYING OINT 500GMS,450,,,Luton Hospital,,,,1,450,https://i.postimg.cc/s24h1HsW/pharma-1.png,,
LUTON-1275,ENALAPRIL 10MG,10,,,Luton Hospital,,,,1,10,https://i.postimg.cc/s24h1HsW/pharma-1.png,,
LUTON-1276,ENALAPRIL 5MG (INTAS),10,,,Luton Hospital,,,,1,10,https://i.postimg.cc/s24h1HsW/pharma-1.png,,
LUTON-1277,ENALAPRIL 5MG (VASOPRIL ),10,,,Luton Hospital,,,,1,10,https://i.postimg.cc/s24h1HsW/pharma-1.png,,
LUTON-1278,ENAT CREAM 50GM,"1,350.00",,,Luton Hospital,,,,1,"1,350.00",https://i.postimg.cc/s24h1HsW/pharma-1.png,,
LUTON-1279,ENDO ROTARY FILE,"3,501.00",,,Luton Hospital,,,,1,"3,501.00",https://i.postimg.cc/s24h1HsW/pharma-1.png,,
LUTON-1280,ENDOCLIP 10MM,"25,230.00",,,Luton Hospital,,,,1,"25,230.00",https://i.postimg.cc/s24h1HsW/pharma-1.png,,
LUTON-1281,ENDOTRACHEAL TUBE 3.0MM,200,,,Luton Hospital,,,,1,200,https://i.postimg.cc/s24h1HsW/pharma-1.png,,
LUTON-1282,ENDOTRACHEAL TUBE 3.5MM,200,,,Luton Hospital,,,,1,200,https://i.postimg.cc/s24h1HsW/pharma-1.png,,
LUTON-1283,ENDOTRACHEAL TUBE 4.0MM,200,,,Luton Hospital,,,,1,200,https://i.postimg.cc/s24h1HsW/pharma-1.png,,
LUTON-1284,ENDOTRACHEAL TUBE 4.5MM,200,,,Luton Hospital,,,,1,200,https://i.postimg.cc/s24h1HsW/pharma-1.png,,
LUTON-1285,ENDOTRACHEAL TUBE 5.0MM,200,,,Luton Hospital,,,,1,200,https://i.postimg.cc/s24h1HsW/pharma-1.png,,
LUTON-1286,ENDOTRACHEAL TUBE 5.5MM,200,,,Luton Hospital,,,,1,200,https://i.postimg.cc/s24h1HsW/pharma-1.png,,
LUTON-1287,ENDOTRACHEAL TUBE 6.0MM,200,,,Luton Hospital,,,,1,200,https://i.postimg.cc/s24h1HsW/pharma-1.png,,
LUTON-1288,ENDOTRACHEAL TUBE 6.5MM,200,,,Luton Hospital,,,,1,200,https://i.postimg.cc/s24h1HsW/pharma-1.png,,
LUTON-1289,ENDOTRACHEAL TUBE 7.0MM,200,,,Luton Hospital,,,,1,200,https://i.postimg.cc/s24h1HsW/pharma-1.png,,
LUTON-1290,ENDOTRACHEAL TUBE 7.5MM,510,,,Luton Hospital,,,,1,510,https://i.postimg.cc/s24h1HsW/pharma-1.png,,
LUTON-1291,ENDOTRACHEAL TUBE 8.0MM,200,,,Luton Hospital,,,,1,200,https://i.postimg.cc/s24h1HsW/pharma-1.png,,
LUTON-1292,ENDOTRACHEAL TUBE SIZE 2.5MM,200,,,Luton Hospital,,,,1,200,https://i.postimg.cc/s24h1HsW/pharma-1.png,,
LUTON-1293,ENDOZYME,"8,500.00",,,Luton Hospital,,,,1,"8,500.00",https://i.postimg.cc/s24h1HsW/pharma-1.png,,
LUTON-1294,ENEMAX,255,,,Luton Hospital,,,,1,255,https://i.postimg.cc/s24h1HsW/pharma-1.png,,
LUTON-1295,ENO LEMON SACHETS 20S,20,,,Luton Hospital,,,,1,20,https://i.postimg.cc/s24h1HsW/pharma-1.png,,
LUTON-1296,ENOXAPARIN 20MG/0.2ML ( ENOX 20 ),850,,,Luton Hospital,,,,1,850,https://i.postimg.cc/s24h1HsW/pharma-1.png,,
LUTON-1297,ENOXAPARIN 20MG/0.2ML INJECTION (PARIN-E 20MG),800,,,Luton Hospital,,,,1,800,https://i.postimg.cc/s24h1HsW/pharma-1.png,,
LUTON-1298,ENOXAPARIN 40MG 1 PFS (LOMOH 40),"1,200.00",,,Luton Hospital,,,,1,"1,200.00",https://i.postimg.cc/s24h1HsW/pharma-1.png,,
LUTON-1299,ENOXAPARIN 40MG/0.4ML ( ENOX 40 ),"1,200.00",,,Luton Hospital,,,,1,"1,200.00",https://i.postimg.cc/s24h1HsW/pharma-1.png,,
LUTON-1300,ENOXAPARIN 40MG/0.4ML INJECTION (PARIN-E 40MG),"1,200.00",,,Luton Hospital,,,,1,"1,200.00",https://i.postimg.cc/s24h1HsW/pharma-1.png,,
LUTON-1301,ENOXAPARIN 60MG 1 PFS (LMW ENOX 60),"1,500.00",,,Luton Hospital,,,,1,"1,500.00",https://i.postimg.cc/s24h1HsW/pharma-1.png,,
LUTON-1302,ENOXAPARIN 60MG/0.4ML INJECTION (PARIN-E 60MG),"1,200.00",,,Luton Hospital,,,,1,"1,200.00",https://i.postimg.cc/s24h1HsW/pharma-1.png,,
LUTON-1303,ENOXAPARIN 80MG/0.4ML INJECTION (PARIN-E 80MG),"1,200.00",,,Luton Hospital,,,,1,"1,200.00",https://i.postimg.cc/s24h1HsW/pharma-1.png,,
LUTON-1304,ENOXAPARIN 80MG/0.8ML ( ENOX 80 ),"2,200.00",,,Luton Hospital,,,,1,"2,200.00",https://i.postimg.cc/s24h1HsW/pharma-1.png,,
LUTON-1305,ENOXAPARIN SODIUM 20MG (CLEXANE),"1,400.00",,,Luton Hospital,,,,1,"1,400.00",https://i.postimg.cc/s24h1HsW/pharma-1.png,,
LUTON-1306,ENOXAPARIN SODIUM 40MG (CLEXANE),"2,300.00",,,Luton Hospital,,,,1,"2,300.00",https://i.postimg.cc/s24h1HsW/pharma-1.png,,
LUTON-1307,ENOXAPARIN SODIUM 60MG (CLEXANE),"2,700.00",,,Luton Hospital,,,,1,"2,700.00",https://i.postimg.cc/s24h1HsW/pharma-1.png,,
LUTON-1308,ENOXAPARIN SODIUM 80MG (CLEXANE),"3,000.00",,,Luton Hospital,,,,1,"3,000.00",https://i.postimg.cc/s24h1HsW/pharma-1.png,,
LUTON-1309,ENSEAL LAP 5MM DIA.T.SEALER 35CM CVD JAW,"104,160.00",,,Luton Hospital,,,,1,"104,160.00",https://i.postimg.cc/s24h1HsW/pharma-1.png,,
LUTON-1310,ENSURE 400G (VANILLA),"3,000.00",,,Luton Hospital,,,,1,"3,000.00",https://i.postimg.cc/s24h1HsW/pharma-1.png,,
LUTON-1311,ENTAMAXIN CAPSULES,15,,,Luton Hospital,,,,1,15,https://i.postimg.cc/s24h1HsW/pharma-1.png,,
LUTON-1312,ENTEROGERMINA,150,,,Luton Hospital,,,,1,150,https://i.postimg.cc/s24h1HsW/pharma-1.png,,
LUTON-1313,ENZOFLAM,60,,,Luton Hospital,,,,1,60,https://i.postimg.cc/s24h1HsW/pharma-1.png,,
LUTON-1314,EPANUTIN(PHENYTOIN 250MG/5ML)5S,800,,,Luton Hospital,,,,1,800,https://i.postimg.cc/s24h1HsW/pharma-1.png,,
LUTON-1315,EPHEDRINE 30MG/ML,405,,,Luton Hospital,,,,1,405,https://i.postimg.cc/s24h1HsW/pharma-1.png,,
LUTON-1316,EPHEDRINE NASAL DROPS ADULT 1%,100,,,Luton Hospital,,,,1,100,https://i.postimg.cc/s24h1HsW/pharma-1.png,,
LUTON-1317,EPHEDRINE PAEDS NASAL DROPS,100,,,Luton Hospital,,,,1,100,https://i.postimg.cc/s24h1HsW/pharma-1.png,,
LUTON-1318,EPIDURAL SET (PERIFIX 401),"3,000.00",,,Luton Hospital,,,,1,"3,000.00",https://i.postimg.cc/s24h1HsW/pharma-1.png,,
LUTON-1319,EPILIM TABS 300MG 100S (CHRONO),53.7,,,Luton Hospital,,,,1,53.7,https://i.postimg.cc/s24h1HsW/pharma-1.png,,
LUTON-1320,EPIMAX ALL PURPOSE MOISTURISER CREAM 400GM (YELLOW),"3,000.00",,,Luton Hospital,,,,1,"3,000.00",https://i.postimg.cc/s24h1HsW/pharma-1.png,,
LUTON-1321,EPIMAX BABY & JUNIOR EMMOLIENT CREAM (PURPLE),"3,000.00",,,Luton Hospital,,,,1,"3,000.00",https://i.postimg.cc/s24h1HsW/pharma-1.png,,
LUTON-1322,EPIMAX PLUS 400G,"2,500.00",,,Luton Hospital,,,,1,"2,500.00",https://i.postimg.cc/s24h1HsW/pharma-1.png,,
LUTON-1323,EPIMAX PLUS EMOLIENT MOISTURIZER 400GM (BLUE),"3,500.00",,,Luton Hospital,,,,1,"3,500.00",https://i.postimg.cc/s24h1HsW/pharma-1.png,,
LUTON-1324,EPIMOL-E SOAP,600,,,Luton Hospital,,,,1,600,https://i.postimg.cc/s24h1HsW/pharma-1.png,,
LUTON-1325,EPINASTINE 0.5% EYE DROPS (RELESTAT),"1,800.00",,,Luton Hospital,,,,1,"1,800.00",https://i.postimg.cc/s24h1HsW/pharma-1.png,,
LUTON-1326,EPINON 25MG,125,,,Luton Hospital,,,,1,125,https://i.postimg.cc/s24h1HsW/pharma-1.png,,
LUTON-1327,EPLERENONE 25MG ( EPNONE ) 30S,100,,,Luton Hospital,,,,1,100,https://i.postimg.cc/s24h1HsW/pharma-1.png,,
LUTON-1328,EPLERENONE 50MG ( EPNONE ) 30S,150,,,Luton Hospital,,,,1,150,https://i.postimg.cc/s24h1HsW/pharma-1.png,,
LUTON-1329,ERGOMETRINE 0.05% INJ,200,,,Luton Hospital,,,,1,200,https://i.postimg.cc/s24h1HsW/pharma-1.png,,
LUTON-1330,ERP SOFTWARE,"2,111,000.00",,,Luton Hospital,,,,1,"2,111,000.00",https://i.postimg.cc/s24h1HsW/pharma-1.png,,
LUTON-1331,ERYTHROMYCIN 125MG/5ML 100ML SUSPENSION,200,,,Luton Hospital,,,,1,200,https://i.postimg.cc/s24h1HsW/pharma-1.png,,
LUTON-1332,ERYTHROMYCIN 125MG/5ML 60ML SUSPENSION,150,,,Luton Hospital,,,,1,150,https://i.postimg.cc/s24h1HsW/pharma-1.png,,
LUTON-1333,ERYTHROMYCIN 250MG TABS,30,,,Luton Hospital,,,,1,30,https://i.postimg.cc/s24h1HsW/pharma-1.png,,
LUTON-1334,ERYTHROMYCIN 500MG TABS,40,,,Luton Hospital,,,,1,40,https://i.postimg.cc/s24h1HsW/pharma-1.png,,
LUTON-1335,ERYTHROPOIETIN 2000 IU (VINTOR 2000),900,,,Luton Hospital,,,,1,900,https://i.postimg.cc/s24h1HsW/pharma-1.png,,
LUTON-1336,ERYTHROPOIETIN 2000IU,"2,100.00",,,Luton Hospital,,,,1,"2,100.00",https://i.postimg.cc/s24h1HsW/pharma-1.png,,
LUTON-1337,ERYTHROPOIETIN 4000 IU (EPOFIT 4000),"2,500.00",,,Luton Hospital,,,,1,"2,500.00",https://i.postimg.cc/s24h1HsW/pharma-1.png,,
LUTON-1338,ERYTHROPOIETIN 4000 IU (VINTOR 4000),"1,600.00",,,Luton Hospital,,,,1,"1,600.00",https://i.postimg.cc/s24h1HsW/pharma-1.png,,
LUTON-1339,ERYTHROPOIETIN 4000IU PFS (EPOFIT),"2,500.00",,,Luton Hospital,,,,1,"2,500.00",https://i.postimg.cc/s24h1HsW/pharma-1.png,,
LUTON-1340,ESCITALOPRAM 10MG (CIPRALEX 10 MG ),180,,,Luton Hospital,,,,1,180,https://i.postimg.cc/s24h1HsW/pharma-1.png,,
LUTON-1341,ESOMEPRAZOLE + CLARITHYOMICIN + TINIDAZOLE (PYLOZED KIT),"2,500.00",,,Luton Hospital,,,,1,"2,500.00",https://i.postimg.cc/s24h1HsW/pharma-1.png,,
LUTON-1342,ESOMEPRAZOLE 10MG SACHETS (NEXIUM SACHETS),300,,,Luton Hospital,,,,1,300,https://i.postimg.cc/s24h1HsW/pharma-1.png,,
LUTON-1343,ESOMEPRAZOLE 10MG SACHETS (GASTRO KID),210,,,Luton Hospital,,,,1,210,https://i.postimg.cc/s24h1HsW/pharma-1.png,,
LUTON-1344,ESOMEPRAZOLE 20MG + DOMPERIDONE 10MG ( ESOFAG -D ),60,,,Luton Hospital,,,,1,60,https://i.postimg.cc/s24h1HsW/pharma-1.png,,
LUTON-1345,ESOMEPRAZOLE 20MG (ESOFAG),60,,,Luton Hospital,,,,1,60,https://i.postimg.cc/s24h1HsW/pharma-1.png,,
LUTON-1346,ESOMEPRAZOLE 20MG (ESOMAC 20),50,,,Luton Hospital,,,,1,50,https://i.postimg.cc/s24h1HsW/pharma-1.png,,
LUTON-1347,ESOMEPRAZOLE 20MG (NEXIUM),200,,,Luton Hospital,,,,1,200,https://i.postimg.cc/s24h1HsW/pharma-1.png,,
LUTON-1348,ESOMEPRAZOLE 20MG (PROTAS),40,,,Luton Hospital,,,,1,40,https://i.postimg.cc/s24h1HsW/pharma-1.png,,
LUTON-1349,ESOMEPRAZOLE 20MG 10S (ESOFAST),50,,,Luton Hospital,,,,1,50,https://i.postimg.cc/s24h1HsW/pharma-1.png,,
LUTON-1350,ESOMEPRAZOLE 20MG TABS (ESONEX 20),40,,,Luton Hospital,,,,1,40,https://i.postimg.cc/s24h1HsW/pharma-1.png,,
LUTON-1351,ESOMEPRAZOLE 20MG TABS (ESOTAC 20),50,,,Luton Hospital,,,,1,50,https://i.postimg.cc/s24h1HsW/pharma-1.png,,
LUTON-1352,ESOMEPRAZOLE 40MG (ESOFAG),50,,,Luton Hospital,,,,1,50,https://i.postimg.cc/s24h1HsW/pharma-1.png,,
LUTON-1353,ESOMEPRAZOLE 40MG (ESOFRED),50,,,Luton Hospital,,,,1,50,https://i.postimg.cc/s24h1HsW/pharma-1.png,,
LUTON-1354,ESOMEPRAZOLE 40MG (ESOMAC 40),80,,,Luton Hospital,,,,1,80,https://i.postimg.cc/s24h1HsW/pharma-1.png,,
LUTON-1355,ESOMEPRAZOLE 40MG (ESOMEP),50,,,Luton Hospital,,,,1,50,https://i.postimg.cc/s24h1HsW/pharma-1.png,,
LUTON-1356,ESOMEPRAZOLE 40MG (ESOPRA) 10S,55,,,Luton Hospital,,,,1,55,https://i.postimg.cc/s24h1HsW/pharma-1.png,,
LUTON-1357,ESOMEPRAZOLE 40MG (ESOSTAR) 30S,60,,,Luton Hospital,,,,1,60,https://i.postimg.cc/s24h1HsW/pharma-1.png,,
LUTON-1358,ESOMEPRAZOLE 40MG (NEXIUM),200,,,Luton Hospital,,,,1,200,https://i.postimg.cc/s24h1HsW/pharma-1.png,,
LUTON-1359,ESOMEPRAZOLE 40MG + DOMPERIDONE SR 30MG CAPS (ZOSDOM SR),40,,,Luton Hospital,,,,1,40,https://i.postimg.cc/s24h1HsW/pharma-1.png,,
LUTON-1360,ESOMEPRAZOLE 40MG + ITOPRIDE 150MG (GASTROPLUS),100,,,Luton Hospital,,,,1,100,https://i.postimg.cc/s24h1HsW/pharma-1.png,,
LUTON-1361,ESOMEPRAZOLE 40MG + ITOPRIDE 150MG CAPS (ESOXIUM IT),40,,,Luton Hospital,,,,1,40,https://i.postimg.cc/s24h1HsW/pharma-1.png,,
LUTON-1362,ESOMEPRAZOLE 40MG INJECTION ( SOMPRAZ IV ),"1,000.00",,,Luton Hospital,,,,1,"1,000.00",https://i.postimg.cc/s24h1HsW/pharma-1.png,,
LUTON-1363,ESOMEPRAZOLE 40MG INJECTION (ESONEA IV ),800,,,Luton Hospital,,,,1,800,https://i.postimg.cc/s24h1HsW/pharma-1.png,,
LUTON-1364,ESOMEPRAZOLE 40MG INJECTION (ESOSE IV),800,,,Luton Hospital,,,,1,800,https://i.postimg.cc/s24h1HsW/pharma-1.png,,
LUTON-1365,ESOMEPRAZOLE 40MG IV,800,,,Luton Hospital,,,,1,800,https://i.postimg.cc/s24h1HsW/pharma-1.png,,
LUTON-1366,ESOMEPRAZOLE 40MG TABS,80,,,Luton Hospital,,,,1,80,https://i.postimg.cc/s24h1HsW/pharma-1.png,,
LUTON-1367,ESOMEPRAZOLE 40MG TABS (ESONEA 40MG),55,,,Luton Hospital,,,,1,55,https://i.postimg.cc/s24h1HsW/pharma-1.png,,
LUTON-1368,ESOMEPRAZOLE 40MG TABS (ESONEX 40),50,,,Luton Hospital,,,,1,50,https://i.postimg.cc/s24h1HsW/pharma-1.png,,
LUTON-1369,ESOMEPRAZOLE 40MG VIAL (GASTRO I.V),800,,,Luton Hospital,,,,1,800,https://i.postimg.cc/s24h1HsW/pharma-1.png,,
LUTON-1370,ESOMEPRAZOLE 40MG/5ML (PROTAS) VIAL,800,,,Luton Hospital,,,,1,800,https://i.postimg.cc/s24h1HsW/pharma-1.png,,
LUTON-1371,ESOMEPRAZOLE 40MG/5ML (SERGEL IV),800,,,Luton Hospital,,,,1,800,https://i.postimg.cc/s24h1HsW/pharma-1.png,,
LUTON-1372,ESOMEPRAZOLE 40MG/5ML INJ (NEXPRO IV),"1,200.00",,,Luton Hospital,,,,1,"1,200.00",https://i.postimg.cc/s24h1HsW/pharma-1.png,,
LUTON-1373,ESOMEPRAZOLE 40MG/CLARITHROMYCIN 1G/AMOXICILLIN 1G H PYLORI KIT (ESCLAM KIT),"4,400.00",,,Luton Hospital,,,,1,"4,400.00",https://i.postimg.cc/s24h1HsW/pharma-1.png,,
LUTON-1374,ESOMEPRAZOLE 40MG/CLARITHROMYCIN/TINIDAZOLE 500MG H PYLORI KIT (H-CURES ES),"2,800.00",,,Luton Hospital,,,,1,"2,800.00",https://i.postimg.cc/s24h1HsW/pharma-1.png,,
LUTON-1375,ESOMEPRAZOLE MAGNESIUM (EZO 20),50,,,Luton Hospital,,,,1,50,https://i.postimg.cc/s24h1HsW/pharma-1.png,,
LUTON-1376,ESOMEPRAZOLE MAGNESIUM (EZO 40),60,,,Luton Hospital,,,,1,60,https://i.postimg.cc/s24h1HsW/pharma-1.png,,
LUTON-1377,ESOMEPRAZOLE MAGNESIUM AND ITOPRIDE CAPSULES (ESPLUS -IT),60,,,Luton Hospital,,,,1,60,https://i.postimg.cc/s24h1HsW/pharma-1.png,,
LUTON-1378,"ESOMEPRAZOLE, AMOXICILLIN, CLARITHROMYCIN H PYLORI KIT (ESOFAG KIT)","2,800.00",,,Luton Hospital,,,,1,"2,800.00",https://i.postimg.cc/s24h1HsW/pharma-1.png,,
LUTON-1379,ESOMEPRAZOLE/CLARITHROMYCIN/AMOXICILLIN H PYLORI KIT (NEXIKEN),"3,500.00",,,Luton Hospital,,,,1,"3,500.00",https://i.postimg.cc/s24h1HsW/pharma-1.png,,
LUTON-1380,ESONEA IV 40MG,800,,,Luton Hospital,,,,1,800,https://i.postimg.cc/s24h1HsW/pharma-1.png,,
LUTON-1381,ESOPRIDE 40MG CAPSULES,85,,,Luton Hospital,,,,1,85,https://i.postimg.cc/s24h1HsW/pharma-1.png,,
LUTON-1382,ESOSE HP KIT,"4,500.00",,,Luton Hospital,,,,1,"4,500.00",https://i.postimg.cc/s24h1HsW/pharma-1.png,,
LUTON-1383,ESPRA 40MG CAPSULES 14S,60,,,Luton Hospital,,,,1,60,https://i.postimg.cc/s24h1HsW/pharma-1.png,,
LUTON-1384,"ETAMSYLATE 250MG, 2ML INJECTION",400,,,Luton Hospital,,,,1,400,https://i.postimg.cc/s24h1HsW/pharma-1.png,,
LUTON-1385,ETAMSYLATE 500MG (SYLATE),60,,,Luton Hospital,,,,1,60,https://i.postimg.cc/s24h1HsW/pharma-1.png,,
LUTON-1386,ETAMSYLATE 500MG TABLETS (HEMSYL 500MG),30,,,Luton Hospital,,,,1,30,https://i.postimg.cc/s24h1HsW/pharma-1.png,,
LUTON-1387,"ETAMSYLATE 500MG, 2ML INJECTION",500,,,Luton Hospital,,,,1,500,https://i.postimg.cc/s24h1HsW/pharma-1.png,,
LUTON-1388,ETCHANT (BLUE ETCH),0,,,Luton Hospital,,,,1,0,https://i.postimg.cc/s24h1HsW/pharma-1.png,,
LUTON-1389,ETCOX,53,,,Luton Hospital,,,,1,53,https://i.postimg.cc/s24h1HsW/pharma-1.png,,
LUTON-1390,ETHAMBUTOL 100MG TABS,0,,,Luton Hospital,,,,1,0,https://i.postimg.cc/s24h1HsW/pharma-1.png,,
LUTON-1391,ETHIBOND (PREMICRON),"3,174.00",,,Luton Hospital,,,,1,"3,174.00",https://i.postimg.cc/s24h1HsW/pharma-1.png,,
LUTON-1392,ETHIBOND SUTURE 2/0 RC,800,,,Luton Hospital,,,,1,800,https://i.postimg.cc/s24h1HsW/pharma-1.png,,
LUTON-1393,ETHIBOND SUTURE 3/0 RC,800,,,Luton Hospital,,,,1,800,https://i.postimg.cc/s24h1HsW/pharma-1.png,,
LUTON-1394,ETODOLAC (PROXYM),125,,,Luton Hospital,,,,1,125,https://i.postimg.cc/s24h1HsW/pharma-1.png,,
LUTON-1395,ETODOLAC 300MG + PARACETAMOL TABS 500MG ( ETOXYM ),90,,,Luton Hospital,,,,1,90,https://i.postimg.cc/s24h1HsW/pharma-1.png,,
LUTON-1396,ETOFYLLINE THEOPHYLLINE SYRUP( DERIPHYLLIN),300,,,Luton Hospital,,,,1,300,https://i.postimg.cc/s24h1HsW/pharma-1.png,,
LUTON-1397,ETONOGESTREL 68MG IMPLANT (IMPLANON NXT),450,,,Luton Hospital,,,,1,450,https://i.postimg.cc/s24h1HsW/pharma-1.png,,
LUTON-1398,"ETORICOXIB , PARACETAMOL AND CHLORZOXAZONE TABS (EQUICOXIA MR)",100,,,Luton Hospital,,,,1,100,https://i.postimg.cc/s24h1HsW/pharma-1.png,,
LUTON-1399,ETORICOXIB 120MG ( NUCOXIA 120MG ),85,,,Luton Hospital,,,,1,85,https://i.postimg.cc/s24h1HsW/pharma-1.png,,
LUTON-1400,ETORICOXIB 120MG (COXIRAV-120),110,,,Luton Hospital,,,,1,110,https://i.postimg.cc/s24h1HsW/pharma-1.png,,
LUTON-1401,ETORICOXIB 120MG (ETORIX),120,,,Luton Hospital,,,,1,120,https://i.postimg.cc/s24h1HsW/pharma-1.png,,
LUTON-1402,ETORICOXIB 120MG AND PREGABALIN 75MG TABS 20S (TORIXAGEN),130,,,Luton Hospital,,,,1,130,https://i.postimg.cc/s24h1HsW/pharma-1.png,,
LUTON-1403,ETORICOXIB 120MG TABS (XIBRA-120),90,,,Luton Hospital,,,,1,90,https://i.postimg.cc/s24h1HsW/pharma-1.png,,
LUTON-1404,ETORICOXIB 120MG TABS 7S ( ETODAY 120MG ),120,,,Luton Hospital,,,,1,120,https://i.postimg.cc/s24h1HsW/pharma-1.png,,
LUTON-1405,ETORICOXIB 60MG ( NUCOXIA 60MG ),45,,,Luton Hospital,,,,1,45,https://i.postimg.cc/s24h1HsW/pharma-1.png,,
LUTON-1406,ETORICOXIB 60MG (ETROBAX 60),60,,,Luton Hospital,,,,1,60,https://i.postimg.cc/s24h1HsW/pharma-1.png,,
LUTON-1407,ETORICOXIB 60MG (NEWCOX),50,,,Luton Hospital,,,,1,50,https://i.postimg.cc/s24h1HsW/pharma-1.png,,
LUTON-1408,ETORICOXIB 60MG + THIOCOLCHLCOCIDE 8 MG ( ETR-MR ) 10S,95,,,Luton Hospital,,,,1,95,https://i.postimg.cc/s24h1HsW/pharma-1.png,,
LUTON-1409,ETORICOXIB 60MG AND PARACETAMOL 325MG TABS (XIBRA PLUS),90,,,Luton Hospital,,,,1,90,https://i.postimg.cc/s24h1HsW/pharma-1.png,,
LUTON-1410,ETORICOXIB 60MG AND PARACETAMOL TABS 500MG TABS (ECOFREE PLUS),70,,,Luton Hospital,,,,1,70,https://i.postimg.cc/s24h1HsW/pharma-1.png,,
LUTON-1411,"ETORICOXIB 60MG, PARACETAMOL 500MG & THIOCOCHICOSIDE 8MG TABS 10S","1,050.00",,,Luton Hospital,,,,1,"1,050.00",https://i.postimg.cc/s24h1HsW/pharma-1.png,,
LUTON-1412,"ETORICOXIB 60MG, PARACETAMOL 500MG & THIOCOLCHICOSIDE 8MG TABS 10S (ETOWELL MR 60)",105,,,Luton Hospital,,,,1,105,https://i.postimg.cc/s24h1HsW/pharma-1.png,,
LUTON-1413,ETORICOXIB 90MG & PARACETAMOL 500MG TABS 10S (ETOWELL P 90),75,,,Luton Hospital,,,,1,75,https://i.postimg.cc/s24h1HsW/pharma-1.png,,
LUTON-1414,ETORICOXIB 90MG ( NUCOXIA 90MG ),60,,,Luton Hospital,,,,1,60,https://i.postimg.cc/s24h1HsW/pharma-1.png,,
LUTON-1415,ETORICOXIB 90MG (DOLOXIA),95,,,Luton Hospital,,,,1,95,https://i.postimg.cc/s24h1HsW/pharma-1.png,,
LUTON-1416,ETORICOXIB 90MG (ETORIX),90,,,Luton Hospital,,,,1,90,https://i.postimg.cc/s24h1HsW/pharma-1.png,,
LUTON-1417,ETORICOXIB 90MG (ETRIB),80,,,Luton Hospital,,,,1,80,https://i.postimg.cc/s24h1HsW/pharma-1.png,,
LUTON-1418,ETORICOXIB 90MG (TORY) TABS 30S,90,,,Luton Hospital,,,,1,90,https://i.postimg.cc/s24h1HsW/pharma-1.png,,
LUTON-1419,ETORICOXIB 90MG TABS (ETRIB 90),95,,,Luton Hospital,,,,1,95,https://i.postimg.cc/s24h1HsW/pharma-1.png,,
LUTON-1420,ETORICOXIB 90MG TABS (XIBRA-90),90,,,Luton Hospital,,,,1,90,https://i.postimg.cc/s24h1HsW/pharma-1.png,,
LUTON-1421,ETORICOXIB 90MG TABS 10S (COXIRAV 90),80,,,Luton Hospital,,,,1,80,https://i.postimg.cc/s24h1HsW/pharma-1.png,,
LUTON-1422,"ETORICOXIB 90MG, PARACETAMOL 500MG & THIOCOLCHICOSIDE 8MG TABS (ETOWELL MR 90)",115,,,Luton Hospital,,,,1,115,https://i.postimg.cc/s24h1HsW/pharma-1.png,,
LUTON-1423,ETORICOXIB 90MGTABS (ARCOXIA),200,,,Luton Hospital,,,,1,200,https://i.postimg.cc/s24h1HsW/pharma-1.png,,
LUTON-1424,ETORICOXIB AND SERRATIOPEPTIDASE TABS (ETOVAC -SP),40,,,Luton Hospital,,,,1,40,https://i.postimg.cc/s24h1HsW/pharma-1.png,,
LUTON-1425,"ETORICOXIB, METHYLSALICYLATE, LINSEED AND MENTHOL GEL 30GM (ETOFLAM GEL 30GM )",750,,,Luton Hospital,,,,1,750,https://i.postimg.cc/s24h1HsW/pharma-1.png,,
LUTON-1426,"ETORICOXIB, METHYLSALICYLATE, LINSEED AND MENTHOL GEL 50GM (ETOFLAM GEL)",950,,,Luton Hospital,,,,1,950,https://i.postimg.cc/s24h1HsW/pharma-1.png,,
LUTON-1427,"ETORICOXIB, TRYPSIN, BROMELAIN AND RUTOSIDE TABLETS (ENZYCOX)",110,,,Luton Hospital,,,,1,110,https://i.postimg.cc/s24h1HsW/pharma-1.png,,
LUTON-1428,EUVAX B ADULT 10 DOSES VACCINE,"1,200.00",,,Luton Hospital,,,,1,"1,200.00",https://i.postimg.cc/s24h1HsW/pharma-1.png,,
LUTON-1429,EUVAX B PAED VACCINE,"1,200.00",,,Luton Hospital,,,,1,"1,200.00",https://i.postimg.cc/s24h1HsW/pharma-1.png,,
LUTON-1430,EVA,33,,,Luton Hospital,,,,1,33,https://i.postimg.cc/s24h1HsW/pharma-1.png,,
LUTON-1431,EVAC (LACTULOSE SOLUTION),600,,,Luton Hospital,,,,1,600,https://i.postimg.cc/s24h1HsW/pharma-1.png,,
LUTON-1432,EVAC SOLUTION 100ML,330,,,Luton Hospital,,,,1,330,https://i.postimg.cc/s24h1HsW/pharma-1.png,,
LUTON-1433,EVD KIT,"26,000.00",,,Luton Hospital,,,,1,"26,000.00",https://i.postimg.cc/s24h1HsW/pharma-1.png,,
LUTON-1434,EXE MANDAZI,0,,,Luton Hospital,,,,1,0,https://i.postimg.cc/s24h1HsW/pharma-1.png,,
LUTON-1435,EXODERIL 15GM CFREAM (NAFTIFINE),289,,,Luton Hospital,,,,1,289,https://i.postimg.cc/s24h1HsW/pharma-1.png,,
LUTON-1436,EYE LUBRICANT (CARBOMER GEL),780,,,Luton Hospital,,,,1,780,https://i.postimg.cc/s24h1HsW/pharma-1.png,,
LUTON-1437,EZECHOL 10 RZ ( ROSUVASTATIN 10MG + EZETIMIBE 10MG TABS),105,,,Luton Hospital,,,,1,105,https://i.postimg.cc/s24h1HsW/pharma-1.png,,
LUTON-1438,FACE SHIELD,0,,,Luton Hospital,,,,1,0,https://i.postimg.cc/s24h1HsW/pharma-1.png,,
LUTON-1439,FASTUM GEL DISPENSER 100G,"2,000.00",,,Luton Hospital,,,,1,"2,000.00",https://i.postimg.cc/s24h1HsW/pharma-1.png,,
LUTON-1440,FEBUXOSTAT 40 MG (FEBUSTAL-40),90,,,Luton Hospital,,,,1,90,https://i.postimg.cc/s24h1HsW/pharma-1.png,,
LUTON-1441,FEBUXOSTAT 40 MG TABS 10S (GOUTGESIC 40/FEBO G),90,,,Luton Hospital,,,,1,90,https://i.postimg.cc/s24h1HsW/pharma-1.png,,
LUTON-1442,FEBUXOSTAT 40MG ( FEBUDAY ) 30S,60,,,Luton Hospital,,,,1,60,https://i.postimg.cc/s24h1HsW/pharma-1.png,,
LUTON-1443,FEBUXOSTAT 40MG (FEXOBERG),60,,,Luton Hospital,,,,1,60,https://i.postimg.cc/s24h1HsW/pharma-1.png,,
LUTON-1444,FEBUXOSTAT 80MG ( FEBUDAY ) 30S,110,,,Luton Hospital,,,,1,110,https://i.postimg.cc/s24h1HsW/pharma-1.png,,
LUTON-1445,FEBUXOSTAT 80MG ( FEXOBERG),71,,,Luton Hospital,,,,1,71,https://i.postimg.cc/s24h1HsW/pharma-1.png,,
LUTON-1446,FEEDING (NG TUBES) SIZE 16,27,,,Luton Hospital,,,,1,27,https://i.postimg.cc/s24h1HsW/pharma-1.png,,
LUTON-1447,FEEDING TUBE G10,25,,,Luton Hospital,,,,1,25,https://i.postimg.cc/s24h1HsW/pharma-1.png,,
LUTON-1448,"FEEDING TUBE(NG TUBE,RYLE) 18FG",375,,,Luton Hospital,,,,1,375,https://i.postimg.cc/s24h1HsW/pharma-1.png,,
LUTON-1449,"FEEDING TUBE(NG TUBE,RYLE) 4FG",200,,,Luton Hospital,,,,1,200,https://i.postimg.cc/s24h1HsW/pharma-1.png,,
LUTON-1450,"FEEDING TUBE(NG TUBE,RYLE) 5FG",200,,,Luton Hospital,,,,1,200,https://i.postimg.cc/s24h1HsW/pharma-1.png,,
LUTON-1451,"FEEDING TUBE(NG TUBE,RYLE) 6FG",200,,,Luton Hospital,,,,1,200,https://i.postimg.cc/s24h1HsW/pharma-1.png,,
LUTON-1452,"FEEDING TUBE(NG TUBE,RYLE) 8FG",200,,,Luton Hospital,,,,1,200,https://i.postimg.cc/s24h1HsW/pharma-1.png,,
LUTON-1453,"FEEDING TUBE(NG TUBE,RYLE)14FG",200,,,Luton Hospital,,,,1,200,https://i.postimg.cc/s24h1HsW/pharma-1.png,,
LUTON-1454,FEMALE FERTILITY SUPPLEMENTS (OLIGOZ-F),90,,,Luton Hospital,,,,1,90,https://i.postimg.cc/s24h1HsW/pharma-1.png,,
LUTON-1455,FEMIMINE WASH (V WASH PLUS),756,,,Luton Hospital,,,,1,756,https://i.postimg.cc/s24h1HsW/pharma-1.png,,
LUTON-1456,FENOFIBRATE 200MG (LIPILOC),49,,,Luton Hospital,,,,1,49,https://i.postimg.cc/s24h1HsW/pharma-1.png,,
LUTON-1457,FENOTEROL HYDROBROMIDE 2.5MG SYRUP(BEROTEC),902,,,Luton Hospital,,,,1,902,https://i.postimg.cc/s24h1HsW/pharma-1.png,,
LUTON-1458,FENTANYL 100MCG/2ML,300,,,Luton Hospital,,,,1,300,https://i.postimg.cc/s24h1HsW/pharma-1.png,,
LUTON-1459,FENTANYL 50MCG/2ML,300,,,Luton Hospital,,,,1,300,https://i.postimg.cc/s24h1HsW/pharma-1.png,,
LUTON-1460,"FENUGREEK, FENNEL, GINGER AND PEPPERMINT EXTRACT 120ML (EPTI SYRUP)",480,,,Luton Hospital,,,,1,480,https://i.postimg.cc/s24h1HsW/pharma-1.png,,
LUTON-1461,"FERRIC AMMONIUM CITRATE, FOLIC ACID, VIT D3 AND ZINC TABS 100S (FERROXIM)",30,,,Luton Hospital,,,,1,30,https://i.postimg.cc/s24h1HsW/pharma-1.png,,
LUTON-1462,FERRIC CARBOXYMALTOSE INJECTION 500MG/10ML (ENCICARB),"4,900.00",,,Luton Hospital,,,,1,"4,900.00",https://i.postimg.cc/s24h1HsW/pharma-1.png,,
LUTON-1463,FERRIC SULPHATE,"7,501.00",,,Luton Hospital,,,,1,"7,501.00",https://i.postimg.cc/s24h1HsW/pharma-1.png,,
LUTON-1464,FERRICOR CAPS 30S,30,,,Luton Hospital,,,,1,30,https://i.postimg.cc/s24h1HsW/pharma-1.png,,
LUTON-1465,"FERROUS BISGLYCINATE , FOLIC ACID, ME-COBALAMIN AND ZINC SYRUP 200ML (AYUVIT HEME)",850,,,Luton Hospital,,,,1,850,https://i.postimg.cc/s24h1HsW/pharma-1.png,,
LUTON-1466,FERROUS FUMARATE SYRUP (FERICOR SYRUP),400,,,Luton Hospital,,,,1,400,https://i.postimg.cc/s24h1HsW/pharma-1.png,,
LUTON-1467,FERROUS SULPHATE 200MG TABLETS,10,,,Luton Hospital,,,,1,10,https://i.postimg.cc/s24h1HsW/pharma-1.png,,
LUTON-1468,FERROUS SULPHATE 200MG/FOLIC ACID 400MCG TABS (IFAS),20,,,Luton Hospital,,,,1,20,https://i.postimg.cc/s24h1HsW/pharma-1.png,,
LUTON-1469,FERTILION F TABS 30S,80,,,Luton Hospital,,,,1,80,https://i.postimg.cc/s24h1HsW/pharma-1.png,,
LUTON-1470,FERTILION M,80,,,Luton Hospital,,,,1,80,https://i.postimg.cc/s24h1HsW/pharma-1.png,,
LUTON-1471,FERTILUS F FEMALE SUPPLEMENT,60,,,Luton Hospital,,,,1,60,https://i.postimg.cc/s24h1HsW/pharma-1.png,,
LUTON-1472,FIBO FIBER SYRUP 120ML,600,,,Luton Hospital,,,,1,600,https://i.postimg.cc/s24h1HsW/pharma-1.png,,
LUTON-1473,FIBRE POST (KIT),0,,,Luton Hospital,,,,1,0,https://i.postimg.cc/s24h1HsW/pharma-1.png,,
LUTON-1474,FIBRE WIRE,"9,000.00",,,Luton Hospital,,,,1,"9,000.00",https://i.postimg.cc/s24h1HsW/pharma-1.png,,
LUTON-1475,FIELD DATA SHEET BOOK,367,,,Luton Hospital,,,,1,367,https://i.postimg.cc/s24h1HsW/pharma-1.png,,
LUTON-1476,FILE FOLDER STRINGS,0,,,Luton Hospital,,,,1,0,https://i.postimg.cc/s24h1HsW/pharma-1.png,,
LUTON-1477,FILGRASTIM 300MCG IN 1ML INJECTION (NEUPOGEN),"2,750.00",,,Luton Hospital,,,,1,"2,750.00",https://i.postimg.cc/s24h1HsW/pharma-1.png,,
LUTON-1478,FILM DRESSING (10*25),200,,,Luton Hospital,,,,1,200,https://i.postimg.cc/s24h1HsW/pharma-1.png,,
LUTON-1479,FINASTERIDE 5 MG ( FINAGEN ) 20S,45,,,Luton Hospital,,,,1,45,https://i.postimg.cc/s24h1HsW/pharma-1.png,,
LUTON-1480,FINASTERIDE 5MG/TAMSULOSIN 400MCG (FINOSIN),100,,,Luton Hospital,,,,1,100,https://i.postimg.cc/s24h1HsW/pharma-1.png,,
LUTON-1481,FINECARE BHCG,560,,,Luton Hospital,,,,1,560,https://i.postimg.cc/s24h1HsW/pharma-1.png,,
LUTON-1482,FINGER SPLINT (L),"1,200.00",,,Luton Hospital,,,,1,"1,200.00",https://i.postimg.cc/s24h1HsW/pharma-1.png,,
LUTON-1483,FINGER SPLINT (M),"1,200.00",,,Luton Hospital,,,,1,"1,200.00",https://i.postimg.cc/s24h1HsW/pharma-1.png,,
LUTON-1484,FINGER SPLINT (S),"1,500.00",,,Luton Hospital,,,,1,"1,500.00",https://i.postimg.cc/s24h1HsW/pharma-1.png,,
LUTON-1485,FIREPROOF SAFE (CASH),"46,076.00",,,Luton Hospital,,,,1,"46,076.00",https://i.postimg.cc/s24h1HsW/pharma-1.png,,
LUTON-1486,FIREPROOF SAFE (DOCUMENTS),"113,000.00",,,Luton Hospital,,,,1,"113,000.00",https://i.postimg.cc/s24h1HsW/pharma-1.png,,
LUTON-1487,FISH FILLET,"1,000.00",,,Luton Hospital,,,,1,"1,000.00",https://i.postimg.cc/s24h1HsW/pharma-1.png,,
LUTON-1488,FISTULA NEEDLE G17,105,,,Luton Hospital,,,,1,105,https://i.postimg.cc/s24h1HsW/pharma-1.png,,
LUTON-1489,FISTULA NEEDLE G15,105,,,Luton Hospital,,,,1,105,https://i.postimg.cc/s24h1HsW/pharma-1.png,,
LUTON-1490,FISTULA NEEDLE G16,0,,,Luton Hospital,,,,1,0,https://i.postimg.cc/s24h1HsW/pharma-1.png,,
LUTON-1491,FIXER,0,,,Luton Hospital,,,,1,0,https://i.postimg.cc/s24h1HsW/pharma-1.png,,
LUTON-1492,FLAMEAL - DS SUSPENSION,450,,,Luton Hospital,,,,1,450,https://i.postimg.cc/s24h1HsW/pharma-1.png,,
LUTON-1493,FLATAMEAL DS SUSPENSION 200ML,450,,,Luton Hospital,,,,1,450,https://i.postimg.cc/s24h1HsW/pharma-1.png,,
LUTON-1494,FLATAMEAL DS TABLETS,10,,,Luton Hospital,,,,1,10,https://i.postimg.cc/s24h1HsW/pharma-1.png,,
LUTON-1495,FLAVOXATE 200MG (URIPAS),20,,,Luton Hospital,,,,1,20,https://i.postimg.cc/s24h1HsW/pharma-1.png,,
LUTON-1496,FLOUROMETHLONE 0.1% ( FLORAL EYE ),270,,,Luton Hospital,,,,1,270,https://i.postimg.cc/s24h1HsW/pharma-1.png,,
LUTON-1497,FLOW-Q,80,,,Luton Hospital,,,,1,80,https://i.postimg.cc/s24h1HsW/pharma-1.png,,
LUTON-1498,FLOWABLE COMPOSITE(ALL SHADES),0,,,Luton Hospital,,,,1,0,https://i.postimg.cc/s24h1HsW/pharma-1.png,,
LUTON-1499,FLOXAPEN 500 MG,110,,,Luton Hospital,,,,1,110,https://i.postimg.cc/s24h1HsW/pharma-1.png,,
LUTON-1500,FLUCLOXACILLIN 125MG/5ML 100ML (DAWAFLOX),300,,,Luton Hospital,,,,1,300,https://i.postimg.cc/s24h1HsW/pharma-1.png,,
LUTON-1501,FLUCLOXACILLIN 250/AMOXICILLIN 250MG,10,,,Luton Hospital,,,,1,10,https://i.postimg.cc/s24h1HsW/pharma-1.png,,
LUTON-1502,FLUCLOXACILLIN 250MG CAPSULES (DAWAFLOX),15,,,Luton Hospital,,,,1,15,https://i.postimg.cc/s24h1HsW/pharma-1.png,,
LUTON-1503,FLUCLOXACILLIN 500MG (FLOXAPEN) 100S,110,,,Luton Hospital,,,,1,110,https://i.postimg.cc/s24h1HsW/pharma-1.png,,
LUTON-1504,FLUCLOXACILLIN 500MG 100S,15,,,Luton Hospital,,,,1,15,https://i.postimg.cc/s24h1HsW/pharma-1.png,,
LUTON-1505,FLUCLOXACILLIN 500MG CAPSULES (DAWAFLOX),25,,,Luton Hospital,,,,1,25,https://i.postimg.cc/s24h1HsW/pharma-1.png,,
LUTON-1506,FLUCLOXACILLIN 500MG FLOXAPEN (GSK),110,,,Luton Hospital,,,,1,110,https://i.postimg.cc/s24h1HsW/pharma-1.png,,
LUTON-1507,FLUCLOXACILLIN 500MG INJECTION,500,,,Luton Hospital,,,,1,500,https://i.postimg.cc/s24h1HsW/pharma-1.png,,
LUTON-1508,FLUCLOXACILLIN SUSPENSION 125MG/5ML(FLOXAPEN),825,,,Luton Hospital,,,,1,825,https://i.postimg.cc/s24h1HsW/pharma-1.png,,
LUTON-1509,FLUCONAZOLE 150/AZITHROMYCIN 1000/SECNIDAZOLE 1000 (TRIO KIT) 4S,700,,,Luton Hospital,,,,1,700,https://i.postimg.cc/s24h1HsW/pharma-1.png,,
LUTON-1510,FLUCONAZOLE 150/AZITHROMYCIN 1000/SECNIDAZOLE 1000 TABS 4S (GYNAGONE KIT),800,,,Luton Hospital,,,,1,800,https://i.postimg.cc/s24h1HsW/pharma-1.png,,
LUTON-1511,FLUCONAZOLE 150MG,100,,,Luton Hospital,,,,1,100,https://i.postimg.cc/s24h1HsW/pharma-1.png,,
LUTON-1512,FLUCONAZOLE 150MG/SECNIDAZOLE 1G/AZITHROMYCIN 1G (DAZEL KIT),550,,,Luton Hospital,,,,1,550,https://i.postimg.cc/s24h1HsW/pharma-1.png,,
LUTON-1513,FLUCONAZOLE 200MG (DICONAZOL) 100S,100,,,Luton Hospital,,,,1,100,https://i.postimg.cc/s24h1HsW/pharma-1.png,,
LUTON-1514,FLUCONAZOLE 200MG (DIFLUCAN) TABS 7S,950,,,Luton Hospital,,,,1,950,https://i.postimg.cc/s24h1HsW/pharma-1.png,,
LUTON-1515,FLUCONAZOLE 200MG (UNIVERSAL) 100S,100,,,Luton Hospital,,,,1,100,https://i.postimg.cc/s24h1HsW/pharma-1.png,,
LUTON-1516,FLUCONAZOLE 200MG/100ML INFUSION,500,,,Luton Hospital,,,,1,500,https://i.postimg.cc/s24h1HsW/pharma-1.png,,
LUTON-1517,FLUCONAZOLE 35ML SUSPENSION,600,,,Luton Hospital,,,,1,600,https://i.postimg.cc/s24h1HsW/pharma-1.png,,
LUTON-1518,FLUCONAZOLE 50MG (DICONAZOL),100,,,Luton Hospital,,,,1,100,https://i.postimg.cc/s24h1HsW/pharma-1.png,,
LUTON-1519,FLUGONE CAP 10S,15,,,Luton Hospital,,,,1,15,https://i.postimg.cc/s24h1HsW/pharma-1.png,,
LUTON-1520,FLUGONE DM 120ML,267,,,Luton Hospital,,,,1,267,https://i.postimg.cc/s24h1HsW/pharma-1.png,,
LUTON-1521,FLUGONE EXPECTORANT 120ML,240,,,Luton Hospital,,,,1,240,https://i.postimg.cc/s24h1HsW/pharma-1.png,,
LUTON-1522,FLUGONE P 120ML,187.5,,,Luton Hospital,,,,1,187.5,https://i.postimg.cc/s24h1HsW/pharma-1.png,,
LUTON-1523,FLUMAZENIL 0.1MG/ML,"5,200.00",,,Luton Hospital,,,,1,"5,200.00",https://i.postimg.cc/s24h1HsW/pharma-1.png,,
LUTON-1524,FLUMAZENIL 500MCG/5ML,"12,000.00",,,Luton Hospital,,,,1,"12,000.00",https://i.postimg.cc/s24h1HsW/pharma-1.png,,
LUTON-1525,FLUNARIZINE 10MG (MGR-10),60,,,Luton Hospital,,,,1,60,https://i.postimg.cc/s24h1HsW/pharma-1.png,,
LUTON-1526,FLUORIDE GEL 500ML,0,,,Luton Hospital,,,,1,0,https://i.postimg.cc/s24h1HsW/pharma-1.png,,
LUTON-1527,FLUOROMETHOLONE 0.1% EYE DROPS (FLAREX),900,,,Luton Hospital,,,,1,900,https://i.postimg.cc/s24h1HsW/pharma-1.png,,
LUTON-1528,FLUOROMETHOLONE 0.1% EYE DROPS 5ML,350,,,Luton Hospital,,,,1,350,https://i.postimg.cc/s24h1HsW/pharma-1.png,,
LUTON-1529,FLUOXETINE 20MG (DIPROCET),45,,,Luton Hospital,,,,1,45,https://i.postimg.cc/s24h1HsW/pharma-1.png,,
LUTON-1530,FLUOXETINE 20MG CAPS 60S ( PRODEP ),95,,,Luton Hospital,,,,1,95,https://i.postimg.cc/s24h1HsW/pharma-1.png,,
LUTON-1531,FLUOXETINE 25MG,30,,,Luton Hospital,,,,1,30,https://i.postimg.cc/s24h1HsW/pharma-1.png,,
LUTON-1532,FLUPENTIXOL 40MG/2ML INJ (FLUANXOL),"1,950.00",,,Luton Hospital,,,,1,"1,950.00",https://i.postimg.cc/s24h1HsW/pharma-1.png,,
LUTON-1533,FLUPHENAZINE 25MG (FENAZINE) INJ,225,,,Luton Hospital,,,,1,225,https://i.postimg.cc/s24h1HsW/pharma-1.png,,
LUTON-1534,FLUTICASONE 250MCG/SALMETEROL 25MCG (FLUOSOL),"1,650.00",,,Luton Hospital,,,,1,"1,650.00",https://i.postimg.cc/s24h1HsW/pharma-1.png,,
LUTON-1535,FLUTICASONE NASAL SPRAY (AVAMYS),"1,800.00",,,Luton Hospital,,,,1,"1,800.00",https://i.postimg.cc/s24h1HsW/pharma-1.png,,
LUTON-1536,FLUTICASONE NASAL SPRAY (FLONASPRAY),900,,,Luton Hospital,,,,1,900,https://i.postimg.cc/s24h1HsW/pharma-1.png,,
LUTON-1537,FLUTICASONE NASAL SPRAY (ZYCET NASAL),900,,,Luton Hospital,,,,1,900,https://i.postimg.cc/s24h1HsW/pharma-1.png,,
LUTON-1538,FLUTICASONE125MCG/SALMETEROL 25MCG (FLUOSOL),"1,500.00",,,Luton Hospital,,,,1,"1,500.00",https://i.postimg.cc/s24h1HsW/pharma-1.png,,
LUTON-1539,FOB,200,,,Luton Hospital,,,,1,200,https://i.postimg.cc/s24h1HsW/pharma-1.png,,
LUTON-1540,FOLEY CATHETER 16 3 WAY,0,,,Luton Hospital,,,,1,0,https://i.postimg.cc/s24h1HsW/pharma-1.png,,
LUTON-1541,FOLEY CATHETER 2 WAY 12G,200,,,Luton Hospital,,,,1,200,https://i.postimg.cc/s24h1HsW/pharma-1.png,,
LUTON-1542,FOLEY CATHETER 2 WAY 14G,200,,,Luton Hospital,,,,1,200,https://i.postimg.cc/s24h1HsW/pharma-1.png,,
LUTON-1543,FOLEY CATHETER 2 WAY 16G,105,,,Luton Hospital,,,,1,105,https://i.postimg.cc/s24h1HsW/pharma-1.png,,
LUTON-1544,FOLEY CATHETER 2 WAY 18G,105,,,Luton Hospital,,,,1,105,https://i.postimg.cc/s24h1HsW/pharma-1.png,,
LUTON-1545,FOLEY CATHETER 2 WAY 20G,0,,,Luton Hospital,,,,1,0,https://i.postimg.cc/s24h1HsW/pharma-1.png,,
LUTON-1546,FOLEY CATHETER 2 WAY 6 FG,300,,,Luton Hospital,,,,1,300,https://i.postimg.cc/s24h1HsW/pharma-1.png,,
LUTON-1547,FOLEY CATHETER 2 WAY 8FG,300,,,Luton Hospital,,,,1,300,https://i.postimg.cc/s24h1HsW/pharma-1.png,,
LUTON-1548,FOLEY CATHETER 2 WAY SIZE 10,120,,,Luton Hospital,,,,1,120,https://i.postimg.cc/s24h1HsW/pharma-1.png,,
LUTON-1549,FOLEY CATHETER 22,200,,,Luton Hospital,,,,1,200,https://i.postimg.cc/s24h1HsW/pharma-1.png,,
LUTON-1550,FOLEY CATHETER 3 WAY 16G,200,,,Luton Hospital,,,,1,200,https://i.postimg.cc/s24h1HsW/pharma-1.png,,
LUTON-1551,FOLEY CATHETER 3 WAY 18G,200,,,Luton Hospital,,,,1,200,https://i.postimg.cc/s24h1HsW/pharma-1.png,,
LUTON-1552,FOLEY CATHETER 3 WAY 20G,75,,,Luton Hospital,,,,1,75,https://i.postimg.cc/s24h1HsW/pharma-1.png,,
LUTON-1553,FOLIC 750MG/FERROUS 165MG/ DOCUSATE 50MG CAPSULE,10,,,Luton Hospital,,,,1,10,https://i.postimg.cc/s24h1HsW/pharma-1.png,,
LUTON-1554,FOLIC ACID 0.8MG (VITALIN),150,,,Luton Hospital,,,,1,150,https://i.postimg.cc/s24h1HsW/pharma-1.png,,
LUTON-1555,FOLIC ACID 1000MCG/IRON106MG TABLETS (SAFERON),40,,,Luton Hospital,,,,1,40,https://i.postimg.cc/s24h1HsW/pharma-1.png,,
LUTON-1556,FOLIC ACID 5MG,10,,,Luton Hospital,,,,1,10,https://i.postimg.cc/s24h1HsW/pharma-1.png,,
LUTON-1557,FOLIC ACID TABLETS 100S,10,,,Luton Hospital,,,,1,10,https://i.postimg.cc/s24h1HsW/pharma-1.png,,
LUTON-1558,FOLIC ACID/FERROUS SULPHATE,20,,,Luton Hospital,,,,1,20,https://i.postimg.cc/s24h1HsW/pharma-1.png,,
LUTON-1559,"FORTIFIED PROCAINE PENICILLIN 100,000IU INJECTION",250,,,Luton Hospital,,,,1,250,https://i.postimg.cc/s24h1HsW/pharma-1.png,,
LUTON-1560,FOSFOMYCIN 3000MG ( FOSMOL),"2,335.00",,,Luton Hospital,,,,1,"2,335.00",https://i.postimg.cc/s24h1HsW/pharma-1.png,,
LUTON-1561,FOSFOMYCIN 3000MG (MONODOSE),"2,000.00",,,Luton Hospital,,,,1,"2,000.00",https://i.postimg.cc/s24h1HsW/pharma-1.png,,
LUTON-1562,FOSFOMYCIN 3000MG SATCHET WITH GRANULES ( FOSFOMAX 3G),"2,400.00",,,Luton Hospital,,,,1,"2,400.00",https://i.postimg.cc/s24h1HsW/pharma-1.png,,
LUTON-1563,FOSFOMYCIN 500MG CAPS 10S (FOCIN),70,,,Luton Hospital,,,,1,70,https://i.postimg.cc/s24h1HsW/pharma-1.png,,
LUTON-1564,FOURTS B CAPS 30S,23,,,Luton Hospital,,,,1,23,https://i.postimg.cc/s24h1HsW/pharma-1.png,,
LUTON-1565,FRESUBIN 2KCAL FIBRE DRINK,750,,,Luton Hospital,,,,1,750,https://i.postimg.cc/s24h1HsW/pharma-1.png,,
LUTON-1566,FRESUBIN ENERGY DRINK 200ML VANILLA,750,,,Luton Hospital,,,,1,750,https://i.postimg.cc/s24h1HsW/pharma-1.png,,
LUTON-1567,FRESUBIN PROTEIN,750,,,Luton Hospital,,,,1,750,https://i.postimg.cc/s24h1HsW/pharma-1.png,,
LUTON-1568,"FUNGAL DIASTASE & PEPSIN 10MG/5ML, 200ML (GASTROZYME SYRUP)",650,,,Luton Hospital,,,,1,650,https://i.postimg.cc/s24h1HsW/pharma-1.png,,
LUTON-1569,FUROSEMIDE 20MG/2ML INJ,300,,,Luton Hospital,,,,1,300,https://i.postimg.cc/s24h1HsW/pharma-1.png,,
LUTON-1570,FUROSEMIDE 20MG/2ML INJECTION 5S ( LASIX IV ),300,,,Luton Hospital,,,,1,300,https://i.postimg.cc/s24h1HsW/pharma-1.png,,
LUTON-1571,FUROSEMIDE 40MG TABLETS,15,,,Luton Hospital,,,,1,15,https://i.postimg.cc/s24h1HsW/pharma-1.png,,
LUTON-1572,FUROSEMIDE 40MG TABLETS ( LASIX 40 ),60,,,Luton Hospital,,,,1,60,https://i.postimg.cc/s24h1HsW/pharma-1.png,,
LUTON-1573,FUROSEMIDE INJ BP 20MG/2ML,300,,,Luton Hospital,,,,1,300,https://i.postimg.cc/s24h1HsW/pharma-1.png,,
LUTON-1574,FUSIDIC ACID 20MG/G/BETAMETHASONE 1MG/G 15G (FUCICORT),765,,,Luton Hospital,,,,1,765,https://i.postimg.cc/s24h1HsW/pharma-1.png,,
LUTON-1575,FUSIDIC ACID AND HYDROCORTISONE CREAM (FACID HC CREAM),600,,,Luton Hospital,,,,1,600,https://i.postimg.cc/s24h1HsW/pharma-1.png,,
LUTON-1576,GABAPENTIN 100MG CAPS (GABIX 100),35,,,Luton Hospital,,,,1,35,https://i.postimg.cc/s24h1HsW/pharma-1.png,,
LUTON-1577,GABAPENTIN 300MG AND METHYLCOBALAMIN 500MCG TABS 10S (MYENERVE),120,,,Luton Hospital,,,,1,120,https://i.postimg.cc/s24h1HsW/pharma-1.png,,
LUTON-1578,GABAPENTIN 300MG ( GABA ) 30S,60,,,Luton Hospital,,,,1,60,https://i.postimg.cc/s24h1HsW/pharma-1.png,,
LUTON-1579,GABAPENTIN 300MG CAPS 10S (GABIX 300),65,,,Luton Hospital,,,,1,65,https://i.postimg.cc/s24h1HsW/pharma-1.png,,
LUTON-1580,GABAPENTIN 300MG/METHYLCOBALAMIN 500MCG (GABANERVE) TABS 10S,150,,,Luton Hospital,,,,1,150,https://i.postimg.cc/s24h1HsW/pharma-1.png,,
LUTON-1581,GABAPENTIN AND METHYLCOBALAMIN TABS (ZECOBA-GB),105,,,Luton Hospital,,,,1,105,https://i.postimg.cc/s24h1HsW/pharma-1.png,,
LUTON-1582,GALVUSMET 50/1000,125,,,Luton Hospital,,,,1,125,https://i.postimg.cc/s24h1HsW/pharma-1.png,,
LUTON-1583,GALVUSMET 50/500,120,,,Luton Hospital,,,,1,120,https://i.postimg.cc/s24h1HsW/pharma-1.png,,
LUTON-1584,GAMBRO COMPLETE DIALYSIS KIT ( 2.1H DIALYZER & FISTULA G17 ),"3,817.56",,,Luton Hospital,,,,1,"3,817.56",https://i.postimg.cc/s24h1HsW/pharma-1.png,,
LUTON-1585,GAMBRO COMPLETE DIALYSIS KIT ( 2.1H DIALYZER WITHOUT FISTULA NEEDLE) ),"3,817.56",,,Luton Hospital,,,,1,"3,817.56",https://i.postimg.cc/s24h1HsW/pharma-1.png,,
LUTON-1586,GASTORAL TABS(AMINOSIDIN),45,,,Luton Hospital,,,,1,45,https://i.postimg.cc/s24h1HsW/pharma-1.png,,
LUTON-1587,GASTROTOMY TUBE,"13,500.00",,,Luton Hospital,,,,1,"13,500.00",https://i.postimg.cc/s24h1HsW/pharma-1.png,,
LUTON-1588,GATES GLIDDEN,0,,,Luton Hospital,,,,1,0,https://i.postimg.cc/s24h1HsW/pharma-1.png,,
LUTON-1589,GAUZE ROLL 1.5KG,"2,660.00",,,Luton Hospital,,,,1,"2,660.00",https://i.postimg.cc/s24h1HsW/pharma-1.png,,
LUTON-1590,GAVIS 1,490,,,Luton Hospital,,,,1,490,https://i.postimg.cc/s24h1HsW/pharma-1.png,,
LUTON-1591,GAVISCON DOUBLE ACTION 150ML,"1,250.00",,,Luton Hospital,,,,1,"1,250.00",https://i.postimg.cc/s24h1HsW/pharma-1.png,,
LUTON-1592,GELATIN POLYSUCCINATE-PLASMA VOLUME REPLACEMENT SOLUTION 40MG/ML (GELOFUSINE GEL),"2,400.00",,,Luton Hospital,,,,1,"2,400.00",https://i.postimg.cc/s24h1HsW/pharma-1.png,,
LUTON-1593,GEMIFLOXACIN 320MG TABLETS (GEMFLOX 320),400,,,Luton Hospital,,,,1,400,https://i.postimg.cc/s24h1HsW/pharma-1.png,,
LUTON-1594,GENTAMICIN 20MG/2ML,200,,,Luton Hospital,,,,1,200,https://i.postimg.cc/s24h1HsW/pharma-1.png,,
LUTON-1595,GENTAMYCIN 20MG/2ML 10S,200,,,Luton Hospital,,,,1,200,https://i.postimg.cc/s24h1HsW/pharma-1.png,,
LUTON-1596,GENTAMYCIN 80MG/2ML,100,,,Luton Hospital,,,,1,100,https://i.postimg.cc/s24h1HsW/pharma-1.png,,
LUTON-1597,GENTAMYCIN EYE/EAR DROPS (ABGENTA),120,,,Luton Hospital,,,,1,120,https://i.postimg.cc/s24h1HsW/pharma-1.png,,
LUTON-1598,GENTAMYCIN EYE/EAR DROPS 10ML (GENTAX),22.5,,,Luton Hospital,,,,1,22.5,https://i.postimg.cc/s24h1HsW/pharma-1.png,,
LUTON-1599,GENTAMYCIN/DEXAMETHASONE(IVYDEXGENT),157,,,Luton Hospital,,,,1,157,https://i.postimg.cc/s24h1HsW/pharma-1.png,,
LUTON-1600,GESTATE MINERAL AND MULTIVITAMIN SUPPLEMENT,60,,,Luton Hospital,,,,1,60,https://i.postimg.cc/s24h1HsW/pharma-1.png,,
LUTON-1601,GIC FUJI 9,0,,,Luton Hospital,,,,1,0,https://i.postimg.cc/s24h1HsW/pharma-1.png,,
LUTON-1602,GINGER AND VITAMIN B6 SUBLINGUAL TABLETS (NAUSEA-CARE),50,,,Luton Hospital,,,,1,50,https://i.postimg.cc/s24h1HsW/pharma-1.png,,
LUTON-1603,GINGKO BILOBA 120MG CAPS 90S,45,,,Luton Hospital,,,,1,45,https://i.postimg.cc/s24h1HsW/pharma-1.png,,
LUTON-1604,GINSOMIN M/VIT CAPS 30S,60,,,Luton Hospital,,,,1,60,https://i.postimg.cc/s24h1HsW/pharma-1.png,,
LUTON-1605,GLIBENCLAMIDE,10,,,Luton Hospital,,,,1,10,https://i.postimg.cc/s24h1HsW/pharma-1.png,,
LUTON-1606,GLIBENCLAMIDE 5MG,10,,,Luton Hospital,,,,1,10,https://i.postimg.cc/s24h1HsW/pharma-1.png,,
LUTON-1607,GLIBENCLAMIDE 5MG (NOGLUC),10,,,Luton Hospital,,,,1,10,https://i.postimg.cc/s24h1HsW/pharma-1.png,,
LUTON-1608,GLICLAZIDE 60MG (DIAMICRON),55,,,Luton Hospital,,,,1,55,https://i.postimg.cc/s24h1HsW/pharma-1.png,,
LUTON-1609,GLICLAZIDE 60MG TABS (DIAMICRON MR),55,,,Luton Hospital,,,,1,55,https://i.postimg.cc/s24h1HsW/pharma-1.png,,
LUTON-1610,GLICLAZIDE 80MG,10,,,Luton Hospital,,,,1,10,https://i.postimg.cc/s24h1HsW/pharma-1.png,,
LUTON-1611,GLICLAZIDE 80MG AND METFORMIN 500MG TABS 30S (MELANOV-M),40,,,Luton Hospital,,,,1,40,https://i.postimg.cc/s24h1HsW/pharma-1.png,,
LUTON-1612,GLIMEPIRIDE 1MG (AMARYL 1),30,,,Luton Hospital,,,,1,30,https://i.postimg.cc/s24h1HsW/pharma-1.png,,
LUTON-1613,GLIMEPIRIDE 2MG,30,,,Luton Hospital,,,,1,30,https://i.postimg.cc/s24h1HsW/pharma-1.png,,
LUTON-1614,GLIMEPIRIDE 2MG (AMARYL 2),50,,,Luton Hospital,,,,1,50,https://i.postimg.cc/s24h1HsW/pharma-1.png,,
LUTON-1615,GLIMEPIRIDE 2MG (ZIGLIM 2MG),30,,,Luton Hospital,,,,1,30,https://i.postimg.cc/s24h1HsW/pharma-1.png,,
LUTON-1616,GLIMEPIRIDE 4MG (DIAPRIDE),40,,,Luton Hospital,,,,1,40,https://i.postimg.cc/s24h1HsW/pharma-1.png,,
LUTON-1617,GLIMEPIRIDE 4MG (GLYPIN),50,,,Luton Hospital,,,,1,50,https://i.postimg.cc/s24h1HsW/pharma-1.png,,
LUTON-1618,GLITAMET (SITAGLIPTIN+METFORMIN) 50/500MG,70,,,Luton Hospital,,,,1,70,https://i.postimg.cc/s24h1HsW/pharma-1.png,,
LUTON-1619,GLITAMET(SITAGLIPTIN+METFORMIN)50/1000MG,70,,,Luton Hospital,,,,1,70,https://i.postimg.cc/s24h1HsW/pharma-1.png,,
LUTON-1620,GLOVES (LATEX) 50 PAIRS,650,,,Luton Hospital,,,,1,650,https://i.postimg.cc/s24h1HsW/pharma-1.png,,
LUTON-1621,GLUCERNA POWDER 400G,"3,500.00",,,Luton Hospital,,,,1,"3,500.00",https://i.postimg.cc/s24h1HsW/pharma-1.png,,
LUTON-1622,GLUCOSAMINE 250MG/CHONDROITIN 200MG 30S (COSAMINE),"1,500.00",,,Luton Hospital,,,,1,"1,500.00",https://i.postimg.cc/s24h1HsW/pharma-1.png,,
LUTON-1623,"GLUCOSAMINE, CHONDOITIN, MSM AND HA TABS 15S (FLEX 14)",900,,,Luton Hospital,,,,1,900,https://i.postimg.cc/s24h1HsW/pharma-1.png,,
LUTON-1624,"GLUCOSAMINE, CHONDROITIN EFFERVESCENT TABS 20S (JOINTREAT)",60,,,Luton Hospital,,,,1,60,https://i.postimg.cc/s24h1HsW/pharma-1.png,,
LUTON-1625,"GLUCOSAMINE, CHONDROITIN, MSM, OMEGA 3,6,9 AND ANTIOXIDANT CAPS 10S (CARTIMOVE PLUS)","1,200.00",,,Luton Hospital,,,,1,"1,200.00",https://i.postimg.cc/s24h1HsW/pharma-1.png,,
LUTON-1626,"GLUCOSAMINE. POTASSIUM CHLORIDE, MSM, HA VIT D ZINC AND B12 TABS 30S (ULTRAFLEX D)",90,,,Luton Hospital,,,,1,90,https://i.postimg.cc/s24h1HsW/pharma-1.png,,
LUTON-1627,GLUCOSAMINE/CHONDROITIN (JOINTACE ORIGINAL),"1,800.00",,,Luton Hospital,,,,1,"1,800.00",https://i.postimg.cc/s24h1HsW/pharma-1.png,,
LUTON-1628,GLUCOSAMINE/CHONDROITIN /BOSWELLA/MSM DIACERINE TABS 30S (JOINTACOL),"1,800.00",,,Luton Hospital,,,,1,"1,800.00",https://i.postimg.cc/s24h1HsW/pharma-1.png,,
LUTON-1629,GLUCOSAMINE/CHONDROITIN 30S (CARTIL FORTE),70,,,Luton Hospital,,,,1,70,https://i.postimg.cc/s24h1HsW/pharma-1.png,,
LUTON-1630,GLUCOSAMINE/CHONDROITIN(OSTEOMIN),75,,,Luton Hospital,,,,1,75,https://i.postimg.cc/s24h1HsW/pharma-1.png,,
LUTON-1631,GLUCOSAMINE/CHONDROITIN/DIACEREIN( CARTIL SUPER FORTE),80,,,Luton Hospital,,,,1,80,https://i.postimg.cc/s24h1HsW/pharma-1.png,,
LUTON-1632,GLUDOWN,10,,,Luton Hospital,,,,1,10,https://i.postimg.cc/s24h1HsW/pharma-1.png,,
LUTON-1633,GLUTAMINE (BG-GLUTAMIN) 100ML,500,,,Luton Hospital,,,,1,500,https://i.postimg.cc/s24h1HsW/pharma-1.png,,
LUTON-1634,"GLUTATHIONE, ALA, VIT C, ZINC, SELENIUM AND BIOTIN TABLETS 10S (HYGLOW TABS)",175,,,Luton Hospital,,,,1,175,https://i.postimg.cc/s24h1HsW/pharma-1.png,,
LUTON-1635,GLYCERINE 1G SUPP (INFANT),150,,,Luton Hospital,,,,1,150,https://i.postimg.cc/s24h1HsW/pharma-1.png,,
LUTON-1636,GLYCERINE 2G SUPP (INFANT),100,,,Luton Hospital,,,,1,100,https://i.postimg.cc/s24h1HsW/pharma-1.png,,
LUTON-1637,GLYCERINE 4G SUPP (ADULT),80,,,Luton Hospital,,,,1,80,https://i.postimg.cc/s24h1HsW/pharma-1.png,,
LUTON-1638,GLYCERINE 5L (NON-STICK),"1,801.00",,,Luton Hospital,,,,1,"1,801.00",https://i.postimg.cc/s24h1HsW/pharma-1.png,,
LUTON-1639,GLYCERINE SUPP 4G ADULT 12S,180,,,Luton Hospital,,,,1,180,https://i.postimg.cc/s24h1HsW/pharma-1.png,,
LUTON-1640,GLYCEROL SUPPOSITORIES 2GM 12S,50,,,Luton Hospital,,,,1,50,https://i.postimg.cc/s24h1HsW/pharma-1.png,,
LUTON-1641,GLYCERYL TRINITRATE,600,,,Luton Hospital,,,,1,600,https://i.postimg.cc/s24h1HsW/pharma-1.png,,
LUTON-1642,GLYCERYL TRINITRATE SPRAY (GTN),"1,400.00",,,Luton Hospital,,,,1,"1,400.00",https://i.postimg.cc/s24h1HsW/pharma-1.png,,
LUTON-1643,"GLYCOLIC ACID, ARBUTIN & KOJIC ACID CREAM 15GMS (DEMELAN CREAM)","2,095.50",,,Luton Hospital,,,,1,"2,095.50",https://i.postimg.cc/s24h1HsW/pharma-1.png,,
LUTON-1644,GLYCOPYRROLATE BROMIDE 200MCG/ML 1ML 0.2MG,550,,,Luton Hospital,,,,1,550,https://i.postimg.cc/s24h1HsW/pharma-1.png,,
LUTON-1645,GLYCOPYRROLATE BROMIDE 200MCG/ML 1OS,"1,700.00",,,Luton Hospital,,,,1,"1,700.00",https://i.postimg.cc/s24h1HsW/pharma-1.png,,
LUTON-1646,GLYKOF COUGH SYRUP 120ML,400,,,Luton Hospital,,,,1,400,https://i.postimg.cc/s24h1HsW/pharma-1.png,,
LUTON-1647,GP ASSORTED,901,,,Luton Hospital,,,,1,901,https://i.postimg.cc/s24h1HsW/pharma-1.png,,
LUTON-1648,GRABACIN 3 OINTMENT,279,,,Luton Hospital,,,,1,279,https://i.postimg.cc/s24h1HsW/pharma-1.png,,
LUTON-1649,GRABACIN POWDER 10GM,150,,,Luton Hospital,,,,1,150,https://i.postimg.cc/s24h1HsW/pharma-1.png,,
LUTON-1650,GRAFTING BLADE,675,,,Luton Hospital,,,,1,675,https://i.postimg.cc/s24h1HsW/pharma-1.png,,
LUTON-1651,GRAPES,290,,,Luton Hospital,,,,1,290,https://i.postimg.cc/s24h1HsW/pharma-1.png,,
LUTON-1652,GREEN APRONS(DISPOSABLE),200,,,Luton Hospital,,,,1,200,https://i.postimg.cc/s24h1HsW/pharma-1.png,,
LUTON-1653,GREEN TEA REJUVENATING CLEANSER 120ML,"2,100.00",,,Luton Hospital,,,,1,"2,100.00",https://i.postimg.cc/s24h1HsW/pharma-1.png,,
LUTON-1654,GREEN TEA SHEET MASK,375,,,Luton Hospital,,,,1,375,https://i.postimg.cc/s24h1HsW/pharma-1.png,,
LUTON-1655,GREEN VEGGIES,0,,,Luton Hospital,,,,1,0,https://i.postimg.cc/s24h1HsW/pharma-1.png,,
LUTON-1656,GRIPE WATER 100ML,300,,,Luton Hospital,,,,1,300,https://i.postimg.cc/s24h1HsW/pharma-1.png,,
LUTON-1657,GRISEOFULVIN 125MG,10,,,Luton Hospital,,,,1,10,https://i.postimg.cc/s24h1HsW/pharma-1.png,,
LUTON-1658,GRISEOFULVIN 250MG,10,,,Luton Hospital,,,,1,10,https://i.postimg.cc/s24h1HsW/pharma-1.png,,
LUTON-1659,GRISEOFULVIN 500MG,15,,,Luton Hospital,,,,1,15,https://i.postimg.cc/s24h1HsW/pharma-1.png,,
LUTON-1660,GULLY POTS,500,,,Luton Hospital,,,,1,500,https://i.postimg.cc/s24h1HsW/pharma-1.png,,
LUTON-1661,GUTTA PERCHA SIZE 10,0,,,Luton Hospital,,,,1,0,https://i.postimg.cc/s24h1HsW/pharma-1.png,,
LUTON-1662,GUTTA PERCHA SIZE 15,0,,,Luton Hospital,,,,1,0,https://i.postimg.cc/s24h1HsW/pharma-1.png,,
LUTON-1663,GUTTA PERCHA SIZE 20,0,,,Luton Hospital,,,,1,0,https://i.postimg.cc/s24h1HsW/pharma-1.png,,
LUTON-1664,GUTTA PERCHA SIZE 25,0,,,Luton Hospital,,,,1,0,https://i.postimg.cc/s24h1HsW/pharma-1.png,,
LUTON-1665,GUTTA PERCHA SIZE 30,0,,,Luton Hospital,,,,1,0,https://i.postimg.cc/s24h1HsW/pharma-1.png,,
LUTON-1666,GUTTA PERCHA SIZE 35,0,,,Luton Hospital,,,,1,0,https://i.postimg.cc/s24h1HsW/pharma-1.png,,
LUTON-1667,GUTTA PERCHA SIZE 40,0,,,Luton Hospital,,,,1,0,https://i.postimg.cc/s24h1HsW/pharma-1.png,,
LUTON-1668,GUTTA PERCHA SOLVENT,0,,,Luton Hospital,,,,1,0,https://i.postimg.cc/s24h1HsW/pharma-1.png,,
LUTON-1669,GYNAECOLOGICAL GLOVES 7.5,200,,,Luton Hospital,,,,1,200,https://i.postimg.cc/s24h1HsW/pharma-1.png,,
LUTON-1670,GYNAECOSID,200,,,Luton Hospital,,,,1,200,https://i.postimg.cc/s24h1HsW/pharma-1.png,,
LUTON-1671,GYNAGONE KIT,630,,,Luton Hospital,,,,1,630,https://i.postimg.cc/s24h1HsW/pharma-1.png,,
LUTON-1672,"H PYLORI KIT-LANSOPRAZOLE,AMOXICILLIN,CLARITHROMYCIN (PYLOTRIP KIT)","2,900.00",,,Luton Hospital,,,,1,"2,900.00",https://i.postimg.cc/s24h1HsW/pharma-1.png,,
LUTON-1673,HAEMOSTAT GEL,"2,501.00",,,Luton Hospital,,,,1,"2,501.00",https://i.postimg.cc/s24h1HsW/pharma-1.png,,
LUTON-1674,HALOPERIDOL 5MG TABLETS,20,,,Luton Hospital,,,,1,20,https://i.postimg.cc/s24h1HsW/pharma-1.png,,
LUTON-1675,HALOPERIDOL 5MG/ML INJECTION,250,,,Luton Hospital,,,,1,250,https://i.postimg.cc/s24h1HsW/pharma-1.png,,
LUTON-1676,HALOTHANE 250ML,"5,130.00",,,Luton Hospital,,,,1,"5,130.00",https://i.postimg.cc/s24h1HsW/pharma-1.png,,
LUTON-1677,HAND SANITIZER,500,,,Luton Hospital,,,,1,500,https://i.postimg.cc/s24h1HsW/pharma-1.png,,
LUTON-1678,HAND SANITIZER 5L,0,,,Luton Hospital,,,,1,0,https://i.postimg.cc/s24h1HsW/pharma-1.png,,
LUTON-1679,HARD CASE,300,,,Luton Hospital,,,,1,300,https://i.postimg.cc/s24h1HsW/pharma-1.png,,
LUTON-1680,HARD CERVICAL COLLAR LARGE,"1,200.00",,,Luton Hospital,,,,1,"1,200.00",https://i.postimg.cc/s24h1HsW/pharma-1.png,,
LUTON-1681,HARD CERVICAL COLLAR MEDIUM,"1,200.00",,,Luton Hospital,,,,1,"1,200.00",https://i.postimg.cc/s24h1HsW/pharma-1.png,,
LUTON-1682,HARD CERVICAL COLLAR SMALL,"1,200.00",,,Luton Hospital,,,,1,"1,200.00",https://i.postimg.cc/s24h1HsW/pharma-1.png,,
LUTON-1683,HARD CERVICAL COLLAR XTRA LARGE,"1,200.00",,,Luton Hospital,,,,1,"1,200.00",https://i.postimg.cc/s24h1HsW/pharma-1.png,,
LUTON-1684,HARNIA MESH (GAUZE MESH) 7.5,"5,250.00",,,Luton Hospital,,,,1,"5,250.00",https://i.postimg.cc/s24h1HsW/pharma-1.png,,
LUTON-1685,HATS (SMALL),"1,080.00",,,Luton Hospital,,,,1,"1,080.00",https://i.postimg.cc/s24h1HsW/pharma-1.png,,
LUTON-1686,HAVRIX 1440IU 1 DOSE ADULT,"2,550.00",,,Luton Hospital,,,,1,"2,550.00",https://i.postimg.cc/s24h1HsW/pharma-1.png,,
LUTON-1687,HAVRIX 720IU 1 DOSE PAED,"2,550.00",,,Luton Hospital,,,,1,"2,550.00",https://i.postimg.cc/s24h1HsW/pharma-1.png,,
LUTON-1688,HAZELLIC SOAP 75GM,"1,250.00",,,Luton Hospital,,,,1,"1,250.00",https://i.postimg.cc/s24h1HsW/pharma-1.png,,
LUTON-1689,HEAD CAPS(NURSES),10,,,Luton Hospital,,,,1,10,https://i.postimg.cc/s24h1HsW/pharma-1.png,,
LUTON-1690,HEAD CAPS(SURGEON),50,,,Luton Hospital,,,,1,50,https://i.postimg.cc/s24h1HsW/pharma-1.png,,
LUTON-1691,"HEAVY BUPIVACAINE INJECTION 0.5% IN DEXTROSE , 4ML INJECTION","1,750.00",,,Luton Hospital,,,,1,"1,750.00",https://i.postimg.cc/s24h1HsW/pharma-1.png,,
LUTON-1692,HEMOSAN CAPS,10,,,Luton Hospital,,,,1,10,https://i.postimg.cc/s24h1HsW/pharma-1.png,,
LUTON-1693,HEMOSOL 5 LTR,"5,100.00",,,Luton Hospital,,,,1,"5,100.00",https://i.postimg.cc/s24h1HsW/pharma-1.png,,
LUTON-1694,HEMOTON S 250ML,270,,,Luton Hospital,,,,1,270,https://i.postimg.cc/s24h1HsW/pharma-1.png,,
LUTON-1695,HEPARIN 25000 IU/ML 5ML,"1,200.00",,,Luton Hospital,,,,1,"1,200.00",https://i.postimg.cc/s24h1HsW/pharma-1.png,,
LUTON-1696,HEPARIN 5000 UNITS/ML INJ,"1,200.00",,,Luton Hospital,,,,1,"1,200.00",https://i.postimg.cc/s24h1HsW/pharma-1.png,,
LUTON-1697,HEPARIN INJECTION 5000IU/ML (KARIN),750,,,Luton Hospital,,,,1,750,https://i.postimg.cc/s24h1HsW/pharma-1.png,,
LUTON-1698,HEPATITIS A IGM,"2,250.00",,,Luton Hospital,,,,1,"2,250.00",https://i.postimg.cc/s24h1HsW/pharma-1.png,,
LUTON-1699,HEPATITIS B ADULT,"1,500.00",,,Luton Hospital,,,,1,"1,500.00",https://i.postimg.cc/s24h1HsW/pharma-1.png,,
LUTON-1700,HEPATITIS B IG INJECTION,"30,000.00",,,Luton Hospital,,,,1,"30,000.00",https://i.postimg.cc/s24h1HsW/pharma-1.png,,
LUTON-1701,HEPATITIS B VACCINE,"2,000.00",,,Luton Hospital,,,,1,"2,000.00",https://i.postimg.cc/s24h1HsW/pharma-1.png,,
LUTON-1702,HERBAL COUGH SYRUP 100ML (ZECUF ),285,,,Luton Hospital,,,,1,285,https://i.postimg.cc/s24h1HsW/pharma-1.png,,
LUTON-1703,HERBIGOR SYP ( HTC ),350,,,Luton Hospital,,,,1,350,https://i.postimg.cc/s24h1HsW/pharma-1.png,,
LUTON-1704,HERNIA MESH,"8,400.00",,,Luton Hospital,,,,1,"8,400.00",https://i.postimg.cc/s24h1HsW/pharma-1.png,,
LUTON-1705,HERNIA MESH KIT 6 BY 11,"7,500.00",,,Luton Hospital,,,,1,"7,500.00",https://i.postimg.cc/s24h1HsW/pharma-1.png,,
LUTON-1706,HEXAXIM,"7,980.00",,,Luton Hospital,,,,1,"7,980.00",https://i.postimg.cc/s24h1HsW/pharma-1.png,,
LUTON-1707,"HEXAXIM,HEP A, MMR(18 MONTHS)","7,980.00",,,Luton Hospital,,,,1,"7,980.00",https://i.postimg.cc/s24h1HsW/pharma-1.png,,
LUTON-1708,HIBITANE 5L,"3,750.00",,,Luton Hospital,,,,1,"3,750.00",https://i.postimg.cc/s24h1HsW/pharma-1.png,,
LUTON-1709,HIGH CON MASK ADULT,500,,,Luton Hospital,,,,1,500,https://i.postimg.cc/s24h1HsW/pharma-1.png,,
LUTON-1710,HIGH CON MASK PAEDS,513,,,Luton Hospital,,,,1,513,https://i.postimg.cc/s24h1HsW/pharma-1.png,,
LUTON-1711,HILGAS HERBAL EXTRACTS SATCHETS,85,,,Luton Hospital,,,,1,85,https://i.postimg.cc/s24h1HsW/pharma-1.png,,
LUTON-1712,HILGAS HERBAL EXTRACTS SYRUP 120ML,480,,,Luton Hospital,,,,1,480,https://i.postimg.cc/s24h1HsW/pharma-1.png,,
LUTON-1713,HINGSPAZ(ASAFOETIDA),96,,,Luton Hospital,,,,1,96,https://i.postimg.cc/s24h1HsW/pharma-1.png,,
LUTON-1714,HITKIT,"2,700.00",,,Luton Hospital,,,,1,"2,700.00",https://i.postimg.cc/s24h1HsW/pharma-1.png,,
LUTON-1715,HME (ADULTS),893,,,Luton Hospital,,,,1,893,https://i.postimg.cc/s24h1HsW/pharma-1.png,,
LUTON-1716,HME (PAEDS),893,,,Luton Hospital,,,,1,893,https://i.postimg.cc/s24h1HsW/pharma-1.png,,
LUTON-1717,HME(ADULT)-Anti bacterial,"1,500.00",,,Luton Hospital,,,,1,"1,500.00",https://i.postimg.cc/s24h1HsW/pharma-1.png,,
LUTON-1718,HPV VACCINE 20MCG/0.5ML 1DOSE (CERVARIX),"7,500.00",,,Luton Hospital,,,,1,"7,500.00",https://i.postimg.cc/s24h1HsW/pharma-1.png,,
LUTON-1719,HTC HERBIGOR SYRUP 100ML,380,,,Luton Hospital,,,,1,380,https://i.postimg.cc/s24h1HsW/pharma-1.png,,
LUTON-1720,"HUMAN ALBUMIN 20%, 100ML BOTTLE","14,000.00",,,Luton Hospital,,,,1,"14,000.00",https://i.postimg.cc/s24h1HsW/pharma-1.png,,
LUTON-1721,HUMAN PAPILOMA VIRUS,550,,,Luton Hospital,,,,1,550,https://i.postimg.cc/s24h1HsW/pharma-1.png,,
LUTON-1722,HYCORUM CREAM 15GM,42,,,Luton Hospital,,,,1,42,https://i.postimg.cc/s24h1HsW/pharma-1.png,,
LUTON-1723,HYCORUM OINTMENT 15GM,42,,,Luton Hospital,,,,1,42,https://i.postimg.cc/s24h1HsW/pharma-1.png,,
LUTON-1724,HYDOPA TABLETS10X10S,795,,,Luton Hospital,,,,1,795,https://i.postimg.cc/s24h1HsW/pharma-1.png,,
LUTON-1725,HYDRALAZINE 20MG/ML INJ (APRESOLINE) 5S,830,,,Luton Hospital,,,,1,830,https://i.postimg.cc/s24h1HsW/pharma-1.png,,
LUTON-1726,HYDRALAZINE 25MG TABLETS,20,,,Luton Hospital,,,,1,20,https://i.postimg.cc/s24h1HsW/pharma-1.png,,
LUTON-1727,HYDROCHLOROTHIAZIDE 25MG,10,,,Luton Hospital,,,,1,10,https://i.postimg.cc/s24h1HsW/pharma-1.png,,
LUTON-1728,HYDROCHLOROTHIAZIDE 50MG TABLETS,5,,,Luton Hospital,,,,1,5,https://i.postimg.cc/s24h1HsW/pharma-1.png,,
LUTON-1729,HYDROCORT 100MG,200,,,Luton Hospital,,,,1,200,https://i.postimg.cc/s24h1HsW/pharma-1.png,,
LUTON-1730,HYDROCORTISONE 15MG CREAM (DAWACORT),150,,,Luton Hospital,,,,1,150,https://i.postimg.cc/s24h1HsW/pharma-1.png,,
LUTON-1731,HYDROCORTISONE CREAM 15G (DAKTACORT),120,,,Luton Hospital,,,,1,120,https://i.postimg.cc/s24h1HsW/pharma-1.png,,
LUTON-1732,HYDROCORTISONE CREAM 15G (ELYCORT),150,,,Luton Hospital,,,,1,150,https://i.postimg.cc/s24h1HsW/pharma-1.png,,
LUTON-1733,HYDROCORTISONE CREAM 15G (HYCORUM),120,,,Luton Hospital,,,,1,120,https://i.postimg.cc/s24h1HsW/pharma-1.png,,
LUTON-1734,HYDROCORTISONE EYE DROPS 10ML,150,,,Luton Hospital,,,,1,150,https://i.postimg.cc/s24h1HsW/pharma-1.png,,
LUTON-1735,HYDROCORTISONE INJECTION 100MG,250,,,Luton Hospital,,,,1,250,https://i.postimg.cc/s24h1HsW/pharma-1.png,,
LUTON-1736,HYDROGEN PEROXIDE 200ML,70,,,Luton Hospital,,,,1,70,https://i.postimg.cc/s24h1HsW/pharma-1.png,,
LUTON-1737,HYDROGEN PEROXIDE 5L,0,,,Luton Hospital,,,,1,0,https://i.postimg.cc/s24h1HsW/pharma-1.png,,
LUTON-1738,"HYDROQUINONE 2%, TRETINOIN 0.025% AND MOMETASONE 0.1% CREAM 20GM (MELAQUEEN)",950,,,Luton Hospital,,,,1,950,https://i.postimg.cc/s24h1HsW/pharma-1.png,,
LUTON-1739,HYDROXYCHLOROQUINE SULPHATE 200MG (HCQS),45,,,Luton Hospital,,,,1,45,https://i.postimg.cc/s24h1HsW/pharma-1.png,,
LUTON-1740,HYDROXYUREA 500MG TABS,70,,,Luton Hospital,,,,1,70,https://i.postimg.cc/s24h1HsW/pharma-1.png,,
LUTON-1741,HYGLOW SPF 50+ LOTION 50ML,"2,900.00",,,Luton Hospital,,,,1,"2,900.00",https://i.postimg.cc/s24h1HsW/pharma-1.png,,
LUTON-1742,HYOSCINE 10MG BUTYL BROMIDE 10MG TABS,10,,,Luton Hospital,,,,1,10,https://i.postimg.cc/s24h1HsW/pharma-1.png,,
LUTON-1743,HYOSCINE 10MG/PARACETAMOL TABS 500MG (BUSCOPAN PLUS),90,,,Luton Hospital,,,,1,90,https://i.postimg.cc/s24h1HsW/pharma-1.png,,
LUTON-1744,HYOSCINE BUTYL BROMIDE 10MG (BISPANOL) 100S,30,,,Luton Hospital,,,,1,30,https://i.postimg.cc/s24h1HsW/pharma-1.png,,
LUTON-1745,HYOSCINE BUTYL BROMIDE 20MG/ML INJECTION,200,,,Luton Hospital,,,,1,200,https://i.postimg.cc/s24h1HsW/pharma-1.png,,
LUTON-1746,HYOSCINE BUTYL BROMIDE 5MG/5ML 100ML SYRUP,200,,,Luton Hospital,,,,1,200,https://i.postimg.cc/s24h1HsW/pharma-1.png,,
LUTON-1747,HYOSCINE BUTYL BROMIDE 5MG/5ML 60ML SYRUP,120,,,Luton Hospital,,,,1,120,https://i.postimg.cc/s24h1HsW/pharma-1.png,,
LUTON-1748,HYOSCINE BUTYL BROMIDE 5MG/5ML 60ML SYRUP (BISPANOL),150,,,Luton Hospital,,,,1,150,https://i.postimg.cc/s24h1HsW/pharma-1.png,,
LUTON-1749,HYOSCINE BUTYLBROMIDE 10MG TABLETS (BUSCOPAN) 50S,50,,,Luton Hospital,,,,1,50,https://i.postimg.cc/s24h1HsW/pharma-1.png,,
LUTON-1750,HYOSCINE BUTYLBROMIDE 10MG/PCM 500MG 20S (DUXCOSPAN PLUS),30,,,Luton Hospital,,,,1,30,https://i.postimg.cc/s24h1HsW/pharma-1.png,,
LUTON-1751,HYOSCINE BUTYLBROMIDE 10MG/PCM 500MG 20S (UNIGAN),40,,,Luton Hospital,,,,1,40,https://i.postimg.cc/s24h1HsW/pharma-1.png,,
LUTON-1752,HYOSCINE BUTYLBROMIDE 20MG/ML,200,,,Luton Hospital,,,,1,200,https://i.postimg.cc/s24h1HsW/pharma-1.png,,
LUTON-1753,HYPERTONIC INHALATION SOLUTION 3% SALINE 4ML VIAL (PULMOCLEAR),120,,,Luton Hospital,,,,1,120,https://i.postimg.cc/s24h1HsW/pharma-1.png,,
LUTON-1754,HYPERTONIC SALINE 3% SODIUM CHLORIDE 100ML,750,,,Luton Hospital,,,,1,750,https://i.postimg.cc/s24h1HsW/pharma-1.png,,
LUTON-1755,HYPERTONIC SALINE 30% SODIUM CHLORIDE 10ML AMP,650,,,Luton Hospital,,,,1,650,https://i.postimg.cc/s24h1HsW/pharma-1.png,,
LUTON-1756,HYPOVASE 1MG (MINIPRESS),25,,,Luton Hospital,,,,1,25,https://i.postimg.cc/s24h1HsW/pharma-1.png,,
LUTON-1757,HYPROMELLOSE 0.7% 10ML,225,,,Luton Hospital,,,,1,225,https://i.postimg.cc/s24h1HsW/pharma-1.png,,
LUTON-1758,IBUPROFEN (DAPROFEN) 100MG/5ML 100ML,100,,,Luton Hospital,,,,1,100,https://i.postimg.cc/s24h1HsW/pharma-1.png,,
LUTON-1759,IBUPROFEN 100MG/5L 100ML SYRUP (BRUFEN),800,,,Luton Hospital,,,,1,800,https://i.postimg.cc/s24h1HsW/pharma-1.png,,
LUTON-1760,IBUPROFEN 100MG/PARACETAMOL 125MG SYRUP 100ML (BRUSTAN SYRUP),400,,,Luton Hospital,,,,1,400,https://i.postimg.cc/s24h1HsW/pharma-1.png,,
LUTON-1761,IBUPROFEN 100MG/PARACETAMOL 125MG SYRUP 100ML (NEXPOL),350,,,Luton Hospital,,,,1,350,https://i.postimg.cc/s24h1HsW/pharma-1.png,,
LUTON-1762,IBUPROFEN 100ML (BETAFEN),150,,,Luton Hospital,,,,1,150,https://i.postimg.cc/s24h1HsW/pharma-1.png,,
LUTON-1763,IBUPROFEN 100ML (IBUMEX),120,,,Luton Hospital,,,,1,120,https://i.postimg.cc/s24h1HsW/pharma-1.png,,
LUTON-1764,IBUPROFEN 200MG,10,,,Luton Hospital,,,,1,10,https://i.postimg.cc/s24h1HsW/pharma-1.png,,
LUTON-1765,IBUPROFEN 200MG CAPSULES (GOFEN 200MG),25,,,Luton Hospital,,,,1,25,https://i.postimg.cc/s24h1HsW/pharma-1.png,,
LUTON-1766,IBUPROFEN 200MG TABS,10,,,Luton Hospital,,,,1,10,https://i.postimg.cc/s24h1HsW/pharma-1.png,,
LUTON-1767,IBUPROFEN 200MG/PARACETAMOL325MG/CAFFEINE 30M CAPSULES,10,,,Luton Hospital,,,,1,10,https://i.postimg.cc/s24h1HsW/pharma-1.png,,
LUTON-1768,IBUPROFEN 200MGTABS,10,,,Luton Hospital,,,,1,10,https://i.postimg.cc/s24h1HsW/pharma-1.png,,
LUTON-1769,IBUPROFEN 400MG,10,,,Luton Hospital,,,,1,10,https://i.postimg.cc/s24h1HsW/pharma-1.png,,
LUTON-1770,IBUPROFEN 400MG (GOFEN) CAP 60S,35,,,Luton Hospital,,,,1,35,https://i.postimg.cc/s24h1HsW/pharma-1.png,,
LUTON-1771,IBUPROFEN 400MG/PARACETAMOL 100MG TABS 20S (BRUSTAN),20,,,Luton Hospital,,,,1,20,https://i.postimg.cc/s24h1HsW/pharma-1.png,,
LUTON-1772,IBUPROFEN 400MG/PARACETAMOL 325MG TABS,15,,,Luton Hospital,,,,1,15,https://i.postimg.cc/s24h1HsW/pharma-1.png,,
LUTON-1773,IBUPROFEN 5% AND LEVOMENTHOL 3% TOPICAL CREAM (DEEP RELIEF GEL),"1,140.00",,,Luton Hospital,,,,1,"1,140.00",https://i.postimg.cc/s24h1HsW/pharma-1.png,,
LUTON-1774,IBUPROFEN 60MG/5ML SYRUP,100,,,Luton Hospital,,,,1,100,https://i.postimg.cc/s24h1HsW/pharma-1.png,,
LUTON-1775,IBUPROFEN 60ML (IBUMEX),45,,,Luton Hospital,,,,1,45,https://i.postimg.cc/s24h1HsW/pharma-1.png,,
LUTON-1776,IBUPROFEN AND LEVOMENTHOL ANTI-INFLAMMATORY GEL 50GM (DEEP RELIEF),"1,100.00",,,Luton Hospital,,,,1,"1,100.00",https://i.postimg.cc/s24h1HsW/pharma-1.png,,
LUTON-1777,IBUPROFEN/PARACETAMOL (400/325MG),12,,,Luton Hospital,,,,1,12,https://i.postimg.cc/s24h1HsW/pharma-1.png,,
LUTON-1778,IBUPROFEN/PARACETAMOL 100ML SUSP(LOTEM),400,,,Luton Hospital,,,,1,400,https://i.postimg.cc/s24h1HsW/pharma-1.png,,
LUTON-1779,IBUPROFEN/PARACETAMOL 100ML(TEMFLAM SYRUP),200,,,Luton Hospital,,,,1,200,https://i.postimg.cc/s24h1HsW/pharma-1.png,,
LUTON-1780,IDENTIFICATION BAND (ADULT),100,,,Luton Hospital,,,,1,100,https://i.postimg.cc/s24h1HsW/pharma-1.png,,
LUTON-1781,IDENTIFICATION BAND(PAEDS),100,,,Luton Hospital,,,,1,100,https://i.postimg.cc/s24h1HsW/pharma-1.png,,
LUTON-1782,IMIPENEM 500MG+CILASTATIN 500MG ( IMISTIN 1 GM),"3,000.00",,,Luton Hospital,,,,1,"3,000.00",https://i.postimg.cc/s24h1HsW/pharma-1.png,,
LUTON-1783,IMIPENEM AND CILASTATIN 500MG,"3,600.00",,,Luton Hospital,,,,1,"3,600.00",https://i.postimg.cc/s24h1HsW/pharma-1.png,,
LUTON-1784,IMIPRAMINE 25MG TABS,40,,,Luton Hospital,,,,1,40,https://i.postimg.cc/s24h1HsW/pharma-1.png,,
LUTON-1785,IMIQUIMOD 5% CREAM (ALDARA),250,,,Luton Hospital,,,,1,250,https://i.postimg.cc/s24h1HsW/pharma-1.png,,
LUTON-1786,IMMUNIZATION CARDS,200,,,Luton Hospital,,,,1,200,https://i.postimg.cc/s24h1HsW/pharma-1.png,,
LUTON-1787,IMPLANT,800,,,Luton Hospital,,,,1,800,https://i.postimg.cc/s24h1HsW/pharma-1.png,,
LUTON-1788,IMPLANTS (NEURO),"200,000.00",,,Luton Hospital,,,,1,"200,000.00",https://i.postimg.cc/s24h1HsW/pharma-1.png,,
LUTON-1789,IMPRESSION TRAY(SMALL),0,,,Luton Hospital,,,,1,0,https://i.postimg.cc/s24h1HsW/pharma-1.png,,
LUTON-1790,IMPRESSION TRAYS (LARGE),0,,,Luton Hospital,,,,1,0,https://i.postimg.cc/s24h1HsW/pharma-1.png,,
LUTON-1791,IMPRESSION TRAYS(MEDIUM),0,,,Luton Hospital,,,,1,0,https://i.postimg.cc/s24h1HsW/pharma-1.png,,
LUTON-1792,INACTIVATED POLIO VACCINE (IPV),200,,,Luton Hospital,,,,1,200,https://i.postimg.cc/s24h1HsW/pharma-1.png,,
LUTON-1793,INDAPAMIDE 1.5MG TABS (NATRILIX SR),100,,,Luton Hospital,,,,1,100,https://i.postimg.cc/s24h1HsW/pharma-1.png,,
LUTON-1794,INDAPAMIDE 1.5MG TABS 30S (NATRILIX SR),55,,,Luton Hospital,,,,1,55,https://i.postimg.cc/s24h1HsW/pharma-1.png,,
LUTON-1795,INFANT BONNET,"4,335.00",,,Luton Hospital,,,,1,"4,335.00",https://i.postimg.cc/s24h1HsW/pharma-1.png,,
LUTON-1796,INFANT COLIC DROPS 30ML (COLOREST),380,,,Luton Hospital,,,,1,380,https://i.postimg.cc/s24h1HsW/pharma-1.png,,
LUTON-1797,INFANT FORMULA (ALPHA PLUS),"1,050.00",,,Luton Hospital,,,,1,"1,050.00",https://i.postimg.cc/s24h1HsW/pharma-1.png,,
LUTON-1798,INFANT FORMULA (LIPTOMIL PLUS),"1,626.00",,,Luton Hospital,,,,1,"1,626.00",https://i.postimg.cc/s24h1HsW/pharma-1.png,,
LUTON-1799,INFANT MILK FORMULA (LIPTOMAMA PLUS),"1,168.00",,,Luton Hospital,,,,1,"1,168.00",https://i.postimg.cc/s24h1HsW/pharma-1.png,,
LUTON-1800,INFANT MILK FORMULA (LIPTOMIL PLUS 1),"2,250.00",,,Luton Hospital,,,,1,"2,250.00",https://i.postimg.cc/s24h1HsW/pharma-1.png,,
LUTON-1801,INFLUVAC FLU VACCINE 1 X 1 SYRINGE 0.5ML INJECTION,"1,800.00",,,Luton Hospital,,,,1,"1,800.00",https://i.postimg.cc/s24h1HsW/pharma-1.png,,
LUTON-1802,INFUSOMAT,500,,,Luton Hospital,,,,1,500,https://i.postimg.cc/s24h1HsW/pharma-1.png,,
LUTON-1803,INHALATION CAPSULES (KARVOL),85,,,Luton Hospital,,,,1,85,https://i.postimg.cc/s24h1HsW/pharma-1.png,,
LUTON-1804,INHALATION CAPSULES (SINAREST VAPOCAPS),60,,,Luton Hospital,,,,1,60,https://i.postimg.cc/s24h1HsW/pharma-1.png,,
LUTON-1805,INSOLUBLE INSULIN 10ML,"2,316.00",,,Luton Hospital,,,,1,"2,316.00",https://i.postimg.cc/s24h1HsW/pharma-1.png,,
LUTON-1806,INSOLUBLE INSULIN VIAL (LANTUS),"2,100.00",,,Luton Hospital,,,,1,"2,100.00",https://i.postimg.cc/s24h1HsW/pharma-1.png,,
LUTON-1807,INSTOPPER,0,,,Luton Hospital,,,,1,0,https://i.postimg.cc/s24h1HsW/pharma-1.png,,
LUTON-1808,INSTRUMENT TRAY,"1,501.00",,,Luton Hospital,,,,1,"1,501.00",https://i.postimg.cc/s24h1HsW/pharma-1.png,,
LUTON-1809,INSULATARD FLEXPEN,"5,500.00",,,Luton Hospital,,,,1,"5,500.00",https://i.postimg.cc/s24h1HsW/pharma-1.png,,
LUTON-1810,INSULIN LANTUS (PER UNIT),30,,,Luton Hospital,,,,1,30,https://i.postimg.cc/s24h1HsW/pharma-1.png,,
LUTON-1811,INSULIN LISPRO 100 IU/ML ( HUMALOG ),40,,,Luton Hospital,,,,1,40,https://i.postimg.cc/s24h1HsW/pharma-1.png,,
LUTON-1812,INSULIN MIXTARD 30/70 PER I.U.,15,,,Luton Hospital,,,,1,15,https://i.postimg.cc/s24h1HsW/pharma-1.png,,
LUTON-1813,INSULIN NEEDLES,50,,,Luton Hospital,,,,1,50,https://i.postimg.cc/s24h1HsW/pharma-1.png,,
LUTON-1814,INSULIN SYRINGES,50,,,Luton Hospital,,,,1,50,https://i.postimg.cc/s24h1HsW/pharma-1.png,,
LUTON-1815,INSULIN SYRINGES 1ML G29,25,,,Luton Hospital,,,,1,25,https://i.postimg.cc/s24h1HsW/pharma-1.png,,
LUTON-1816,INTERFORM INTUBATING STYLET SIZE 10FR,975,,,Luton Hospital,,,,1,975,https://i.postimg.cc/s24h1HsW/pharma-1.png,,
LUTON-1817,INTERFORM INTUBATING STYLET SIZE 14FR,975,,,Luton Hospital,,,,1,975,https://i.postimg.cc/s24h1HsW/pharma-1.png,,
LUTON-1818,INTERFORM INTUBATING STYLET SIZE 6FR,975,,,Luton Hospital,,,,1,975,https://i.postimg.cc/s24h1HsW/pharma-1.png,,
LUTON-1819,"INTERGUIDE TRACHEAL TUBE INTRODUCER BOUGIE, SIZE 10","2,850.00",,,Luton Hospital,,,,1,"2,850.00",https://i.postimg.cc/s24h1HsW/pharma-1.png,,
LUTON-1820,"INTERGUIDE TRACHEAL TUBE INTRODUCER BOUGIE, SIZE 15","2,850.00",,,Luton Hospital,,,,1,"2,850.00",https://i.postimg.cc/s24h1HsW/pharma-1.png,,
LUTON-1821,"INTERGUIDE TRACHEAL TUBE INTRODUCER BOUGIE, SIZE 6","2,850.00",,,Luton Hospital,,,,1,"2,850.00",https://i.postimg.cc/s24h1HsW/pharma-1.png,,
LUTON-1822,INTRAFIX GIVING SET ( ICU),300,,,Luton Hospital,,,,1,300,https://i.postimg.cc/s24h1HsW/pharma-1.png,,
LUTON-1823,INTRALIPID 20%,"2,500.00",,,Luton Hospital,,,,1,"2,500.00",https://i.postimg.cc/s24h1HsW/pharma-1.png,,
LUTON-1824,INTRAVENOUS CATHETER 26G,50,,,Luton Hospital,,,,1,50,https://i.postimg.cc/s24h1HsW/pharma-1.png,,
LUTON-1825,INTRAVENOUS INFUSION SET(SOLUSET),690,,,Luton Hospital,,,,1,690,https://i.postimg.cc/s24h1HsW/pharma-1.png,,
LUTON-1826,INTUBATING BOUGIE ADULT,0,,,Luton Hospital,,,,1,0,https://i.postimg.cc/s24h1HsW/pharma-1.png,,
LUTON-1827,INTUBATING STYLET,0,,,Luton Hospital,,,,1,0,https://i.postimg.cc/s24h1HsW/pharma-1.png,,
LUTON-1828,IRBESARTAN 150 MG ( IROVEL ),80,,,Luton Hospital,,,,1,80,https://i.postimg.cc/s24h1HsW/pharma-1.png,,
LUTON-1829,IRBESARTAN 150MG/ HCTZ 12.5 TABS (IROVEL H) 30S,70,,,Luton Hospital,,,,1,70,https://i.postimg.cc/s24h1HsW/pharma-1.png,,
LUTON-1830,IRBESATAN 150MG/HCTZ 12.5MG (COAPROVEL),"3,750.00",,,Luton Hospital,,,,1,"3,750.00",https://i.postimg.cc/s24h1HsW/pharma-1.png,,
LUTON-1831,"IRON 35MG, L-METHYLFOLATE 300MCG, VITAMIN C 30MG AND ZINC 5MG SUSPENSION 200ML (FEMSMART-XT)",500,,,Luton Hospital,,,,1,500,https://i.postimg.cc/s24h1HsW/pharma-1.png,,
LUTON-1832,IRON AND VITAMIN B COMPLEX (IRON PLUS),30,,,Luton Hospital,,,,1,30,https://i.postimg.cc/s24h1HsW/pharma-1.png,,
LUTON-1833,IRON FOLIC ACID VITAMINS AND MINERALS,"2,400.00",,,Luton Hospital,,,,1,"2,400.00",https://i.postimg.cc/s24h1HsW/pharma-1.png,,
LUTON-1834,IRON FOLIC ACID VITAMINS AND SUPPLEMENTS (FOETASAFE),80,,,Luton Hospital,,,,1,80,https://i.postimg.cc/s24h1HsW/pharma-1.png,,
LUTON-1835,IRON SUCROSE 10MG/5ML (DIPIFER INJECTION),620,,,Luton Hospital,,,,1,620,https://i.postimg.cc/s24h1HsW/pharma-1.png,,
LUTON-1836,IRON SUPPLEMENT (ZEEFEE) SYR 200ML,526.5,,,Luton Hospital,,,,1,526.5,https://i.postimg.cc/s24h1HsW/pharma-1.png,,
LUTON-1837,IRON SUPPLEMENT 200ML SYRUP (HEMFER),400,,,Luton Hospital,,,,1,400,https://i.postimg.cc/s24h1HsW/pharma-1.png,,
LUTON-1838,IRON SUPPLEMENTS (HEMFER CAPS ),18,,,Luton Hospital,,,,1,18,https://i.postimg.cc/s24h1HsW/pharma-1.png,,
LUTON-1839,"IRON, FOLIC ACID AND VITAMIN B12 HAEMATINIC SYRUP 200ML (VITAGLOBIN)",450,,,Luton Hospital,,,,1,450,https://i.postimg.cc/s24h1HsW/pharma-1.png,,
LUTON-1840,"IRON, MANGANESE AND COPPER ORAL SOLUTION (TOT HEMA)",60,,,Luton Hospital,,,,1,60,https://i.postimg.cc/s24h1HsW/pharma-1.png,,
LUTON-1841,"IRON, VIT C, FOLATE, ZINC AND VITYAMIN B TABS 20S (ETAB ENERGY)","1,200.00",,,Luton Hospital,,,,1,"1,200.00",https://i.postimg.cc/s24h1HsW/pharma-1.png,,
LUTON-1842,IRON/FOLIC ACID/VIT B12&B6/ZINC SYRUP 200ML (FEROGLOBIN),570,,,Luton Hospital,,,,1,570,https://i.postimg.cc/s24h1HsW/pharma-1.png,,
LUTON-1843,IRON/VITAMIN SUPPLEMENT 200ML SYRUP (ZINCOFER),450,,,Luton Hospital,,,,1,450,https://i.postimg.cc/s24h1HsW/pharma-1.png,,
LUTON-1844,IRON/VITAMINS/MINERAL(FENSEL),450,,,Luton Hospital,,,,1,450,https://i.postimg.cc/s24h1HsW/pharma-1.png,,
LUTON-1845,IRON/VITAMINS/MINERALS (RANFERON CAPS),25,,,Luton Hospital,,,,1,25,https://i.postimg.cc/s24h1HsW/pharma-1.png,,
LUTON-1846,IRON/VITAMINS/MINERALS (RANFERON SYRUP),450,,,Luton Hospital,,,,1,450,https://i.postimg.cc/s24h1HsW/pharma-1.png,,
LUTON-1847,IRON/VITAMINS/MINERALS SYRUP (RANFERON SYRUP) 200ML,450,,,Luton Hospital,,,,1,450,https://i.postimg.cc/s24h1HsW/pharma-1.png,,
LUTON-1848,IRON/VITAMINS/MINERALS SYRUP(ALOHA),400,,,Luton Hospital,,,,1,400,https://i.postimg.cc/s24h1HsW/pharma-1.png,,
LUTON-1849,IRON+FOLLICACID+VIT 12 ( AMIFER ),600,,,Luton Hospital,,,,1,600,https://i.postimg.cc/s24h1HsW/pharma-1.png,,
LUTON-1850,ISOFLURANE 250ML,"12,000.00",,,Luton Hospital,,,,1,"12,000.00",https://i.postimg.cc/s24h1HsW/pharma-1.png,,
LUTON-1851,ISOTRETINOIN 10MG CAPS (D-ACNE),150,,,Luton Hospital,,,,1,150,https://i.postimg.cc/s24h1HsW/pharma-1.png,,
LUTON-1852,ISOTRETINOIN 20MG (ISOTROIN) CAP 10S,372,,,Luton Hospital,,,,1,372,https://i.postimg.cc/s24h1HsW/pharma-1.png,,
LUTON-1853,ISOTRETINOIN 20MG CAPS (D-ACNE),165,,,Luton Hospital,,,,1,165,https://i.postimg.cc/s24h1HsW/pharma-1.png,,
LUTON-1854,ISPAGHULA HUSK ( FYBOGEL ),120,,,Luton Hospital,,,,1,120,https://i.postimg.cc/s24h1HsW/pharma-1.png,,
LUTON-1855,ITOPRIDE 150MG ( ITOKINE )10S,145,,,Luton Hospital,,,,1,145,https://i.postimg.cc/s24h1HsW/pharma-1.png,,
LUTON-1856,ITOPRIDE 150MG SUSTAINED RELEASE CAPSULES 10S(GIT CAPS),120,,,Luton Hospital,,,,1,120,https://i.postimg.cc/s24h1HsW/pharma-1.png,,
LUTON-1857,ITRACONAZOLE 100 MG ( ITRANOX ) 4S,150,,,Luton Hospital,,,,1,150,https://i.postimg.cc/s24h1HsW/pharma-1.png,,
LUTON-1858,ITRACONAZOLE 100MG ( SPORANOX ) 15S,350,,,Luton Hospital,,,,1,350,https://i.postimg.cc/s24h1HsW/pharma-1.png,,
LUTON-1859,ITRACONAZOLE 100MG CAPSULES (CANDIFORCE ),200,,,Luton Hospital,,,,1,200,https://i.postimg.cc/s24h1HsW/pharma-1.png,,
LUTON-1860,ITRACONAZOLE 100MG CAPSULES (CANDITRAL),215,,,Luton Hospital,,,,1,215,https://i.postimg.cc/s24h1HsW/pharma-1.png,,
LUTON-1861,ITRACONAZOLE 100MG CAPSULES (FULCOVER),"1,397.00",,,Luton Hospital,,,,1,"1,397.00",https://i.postimg.cc/s24h1HsW/pharma-1.png,,
LUTON-1862,ITRACONAZOLE 200MG CAPSULES (FUNGTRA),115,,,Luton Hospital,,,,1,115,https://i.postimg.cc/s24h1HsW/pharma-1.png,,
LUTON-1863,IUI CATHETER,0,,,Luton Hospital,,,,1,0,https://i.postimg.cc/s24h1HsW/pharma-1.png,,
LUTON-1864,IV BLOOD GIVING SET,200,,,Luton Hospital,,,,1,200,https://i.postimg.cc/s24h1HsW/pharma-1.png,,
LUTON-1865,IV DRESSING (TAGEDERM),200,,,Luton Hospital,,,,1,200,https://i.postimg.cc/s24h1HsW/pharma-1.png,,
LUTON-1866,IV GIVING SET,200,,,Luton Hospital,,,,1,200,https://i.postimg.cc/s24h1HsW/pharma-1.png,,
LUTON-1867,"IV GIVING SET (ITRAFIX,BBRAUN)",200,,,Luton Hospital,,,,1,200,https://i.postimg.cc/s24h1HsW/pharma-1.png,,
LUTON-1868,IV INFUSION SET,50,,,Luton Hospital,,,,1,50,https://i.postimg.cc/s24h1HsW/pharma-1.png,,
LUTON-1869,IVABRADINE 5MG TABLETS,250,,,Luton Hospital,,,,1,250,https://i.postimg.cc/s24h1HsW/pharma-1.png,,
LUTON-1870,IVERMECTIN 12MG TABLET,500,,,Luton Hospital,,,,1,500,https://i.postimg.cc/s24h1HsW/pharma-1.png,,
LUTON-1871,IVERMECTIN 6MG 10S,250,,,Luton Hospital,,,,1,250,https://i.postimg.cc/s24h1HsW/pharma-1.png,,
LUTON-1872,IVERMECTIN DISPERSIBLE TABLETS 3MG (IVERMECTOL-3),135,,,Luton Hospital,,,,1,135,https://i.postimg.cc/s24h1HsW/pharma-1.png,,
LUTON-1873,JERRYCAN 20 LTRS,100,,,Luton Hospital,,,,1,100,https://i.postimg.cc/s24h1HsW/pharma-1.png,,
LUTON-1874,JERRYCAN 5 LTRS,50,,,Luton Hospital,,,,1,50,https://i.postimg.cc/s24h1HsW/pharma-1.png,,
LUTON-1875,JOINTFIX (ORTHO) CAPLETS 20S,"1,300.00",,,Luton Hospital,,,,1,"1,300.00",https://i.postimg.cc/s24h1HsW/pharma-1.png,,
LUTON-1876,JOINTFIX BONEHEALTH CAPSULES,70,,,Luton Hospital,,,,1,70,https://i.postimg.cc/s24h1HsW/pharma-1.png,,
LUTON-1877,JUZO STOCKINGS,"4,320.00",,,Luton Hospital,,,,1,"4,320.00",https://i.postimg.cc/s24h1HsW/pharma-1.png,,
LUTON-1878,K FILE SIZE 8,0,,,Luton Hospital,,,,1,0,https://i.postimg.cc/s24h1HsW/pharma-1.png,,
LUTON-1879,K FILES SIZE 10,0,,,Luton Hospital,,,,1,0,https://i.postimg.cc/s24h1HsW/pharma-1.png,,
LUTON-1880,K FILES SIZE 15,0,,,Luton Hospital,,,,1,0,https://i.postimg.cc/s24h1HsW/pharma-1.png,,
LUTON-1881,K FILES SIZE 20,0,,,Luton Hospital,,,,1,0,https://i.postimg.cc/s24h1HsW/pharma-1.png,,
LUTON-1882,K FILES SIZE 25,0,,,Luton Hospital,,,,1,0,https://i.postimg.cc/s24h1HsW/pharma-1.png,,
LUTON-1883,K FILES SIZE 30,0,,,Luton Hospital,,,,1,0,https://i.postimg.cc/s24h1HsW/pharma-1.png,,
LUTON-1884,K FILES SIZE 35,0,,,Luton Hospital,,,,1,0,https://i.postimg.cc/s24h1HsW/pharma-1.png,,
LUTON-1885,K FILES SIZE 40,0,,,Luton Hospital,,,,1,0,https://i.postimg.cc/s24h1HsW/pharma-1.png,,
LUTON-1886,KABIVEN CENTRAL 1 LTR,"11,500.00",,,Luton Hospital,,,,1,"11,500.00",https://i.postimg.cc/s24h1HsW/pharma-1.png,,
LUTON-1887,KABIVEN PARENTERAL NUTRITION 2L,"15,500.00",,,Luton Hospital,,,,1,"15,500.00",https://i.postimg.cc/s24h1HsW/pharma-1.png,,
LUTON-1888,KALZINOL LIQUID & POWDER,"5,801.00",,,Luton Hospital,,,,1,"5,801.00",https://i.postimg.cc/s24h1HsW/pharma-1.png,,
LUTON-1889,KAVO HANDPIECE SPRAY,0,,,Luton Hospital,,,,1,0,https://i.postimg.cc/s24h1HsW/pharma-1.png,,
LUTON-1890,KEMOXYL 250MG DT 2X10S PACK,6,,,Luton Hospital,,,,1,6,https://i.postimg.cc/s24h1HsW/pharma-1.png,,
LUTON-1891,KEMOXYL DRY SYRUP 100ML,37.5,,,Luton Hospital,,,,1,37.5,https://i.postimg.cc/s24h1HsW/pharma-1.png,,
LUTON-1892,KEMOXYL DRY SYRUP 60ML,37.5,,,Luton Hospital,,,,1,37.5,https://i.postimg.cc/s24h1HsW/pharma-1.png,,
LUTON-1893,KEMOXYL+DRY SUSPENSION 100ML (AMOXICILLIN 125MG + FLUCLOXACILLIN 125MG/5ML),345,,,Luton Hospital,,,,1,345,https://i.postimg.cc/s24h1HsW/pharma-1.png,,
LUTON-1894,KETAMINE 50MG/ML 10ML INJECTION,"1,500.00",,,Luton Hospital,,,,1,"1,500.00",https://i.postimg.cc/s24h1HsW/pharma-1.png,,
LUTON-1895,"KETAMINE INJECTION 50MG/ML, 10ML AMP","1,500.00",,,Luton Hospital,,,,1,"1,500.00",https://i.postimg.cc/s24h1HsW/pharma-1.png,,
LUTON-1896,"KETAMINE INJECTION 50MG/ML, 2ML AMPOULE",400,,,Luton Hospital,,,,1,400,https://i.postimg.cc/s24h1HsW/pharma-1.png,,
LUTON-1897,KETOCONAZOLE 2%/PYRITHIONE 1% 120ML (V-DRUF SHAMPOO),"1,400.00",,,Luton Hospital,,,,1,"1,400.00",https://i.postimg.cc/s24h1HsW/pharma-1.png,,
LUTON-1898,KETOCONAZOLE 200MG TABLETS (KONAZOL),20,,,Luton Hospital,,,,1,20,https://i.postimg.cc/s24h1HsW/pharma-1.png,,
LUTON-1899,KETOCONAZOLE CREAM 2% (KETAZOL) 15G,150,,,Luton Hospital,,,,1,150,https://i.postimg.cc/s24h1HsW/pharma-1.png,,
LUTON-1900,KETOCONAZOLE SHAMPOO 120ML (KETO PLUS),"1,425.00",,,Luton Hospital,,,,1,"1,425.00",https://i.postimg.cc/s24h1HsW/pharma-1.png,,
LUTON-1901,KETOGRESS TABLETS 10MG,105,,,Luton Hospital,,,,1,105,https://i.postimg.cc/s24h1HsW/pharma-1.png,,
LUTON-1902,KETOPROFEN 2.5 GM ( LOLITA GEL ),550,,,Luton Hospital,,,,1,550,https://i.postimg.cc/s24h1HsW/pharma-1.png,,
LUTON-1903,KETOPROFEN GEL 20GM(FASTUM GEL),700,,,Luton Hospital,,,,1,700,https://i.postimg.cc/s24h1HsW/pharma-1.png,,
LUTON-1904,KETOPROFEN GEL 30G (FASTUM GEL),950,,,Luton Hospital,,,,1,950,https://i.postimg.cc/s24h1HsW/pharma-1.png,,
LUTON-1905,KETOROLAC (BIOROLAC),180,,,Luton Hospital,,,,1,180,https://i.postimg.cc/s24h1HsW/pharma-1.png,,
LUTON-1906,KETOROLAC 0.5% W/V EYE DROPS (KETOLAC),250,,,Luton Hospital,,,,1,250,https://i.postimg.cc/s24h1HsW/pharma-1.png,,
LUTON-1907,KETOROLAC 10MG TABS 20S (ROLAC TABS),95,,,Luton Hospital,,,,1,95,https://i.postimg.cc/s24h1HsW/pharma-1.png,,
LUTON-1908,KETOROLAC 30MG /ML INJECTION (ROLAC),500,,,Luton Hospital,,,,1,500,https://i.postimg.cc/s24h1HsW/pharma-1.png,,
LUTON-1909,KETOTIFEN 1MG TABS (TOFEN),12,,,Luton Hospital,,,,1,12,https://i.postimg.cc/s24h1HsW/pharma-1.png,,
LUTON-1910,KETOTIFEN 1MG/5ML 100ML SYRUP (TOFEN),300,,,Luton Hospital,,,,1,300,https://i.postimg.cc/s24h1HsW/pharma-1.png,,
LUTON-1911,KIWI FRUIT,75,,,Luton Hospital,,,,1,75,https://i.postimg.cc/s24h1HsW/pharma-1.png,,
LUTON-1912,KLEEN ENEMA SOLUTION 135ML,500,,,Luton Hospital,,,,1,500,https://i.postimg.cc/s24h1HsW/pharma-1.png,,
LUTON-1913,KLOREMIN MOUTH GARGLE,900,,,Luton Hospital,,,,1,900,https://i.postimg.cc/s24h1HsW/pharma-1.png,,
LUTON-1914,KLY LUBRICATING JELLY (SURGICALS),525,,,Luton Hospital,,,,1,525,https://i.postimg.cc/s24h1HsW/pharma-1.png,,
LUTON-1915,KLY LUBRICATING JELLY 42G,350,,,Luton Hospital,,,,1,350,https://i.postimg.cc/s24h1HsW/pharma-1.png,,
LUTON-1916,KNEE BRACE (L),"6,075.00",,,Luton Hospital,,,,1,"6,075.00",https://i.postimg.cc/s24h1HsW/pharma-1.png,,
LUTON-1917,KNEE BRACES (M),"6,750.00",,,Luton Hospital,,,,1,"6,750.00",https://i.postimg.cc/s24h1HsW/pharma-1.png,,
LUTON-1918,KNEE REPLACEMENT IMPLANT,0,,,Luton Hospital,,,,1,0,https://i.postimg.cc/s24h1HsW/pharma-1.png,,
LUTON-1919,KNEE SUPPORT (L),"2,000.00",,,Luton Hospital,,,,1,"2,000.00",https://i.postimg.cc/s24h1HsW/pharma-1.png,,
LUTON-1920,KNEE SUPPORT (S),"2,000.00",,,Luton Hospital,,,,1,"2,000.00",https://i.postimg.cc/s24h1HsW/pharma-1.png,,
LUTON-1921,KNEE SUPPORT XL,"2,000.00",,,Luton Hospital,,,,1,"2,000.00",https://i.postimg.cc/s24h1HsW/pharma-1.png,,
LUTON-1922,KNEE SUPPORTS (M),"2,000.00",,,Luton Hospital,,,,1,"2,000.00",https://i.postimg.cc/s24h1HsW/pharma-1.png,,
LUTON-1923,KOCHER ARTERY FORCEPS 15CM STRAIGHT,0,,,Luton Hospital,,,,1,0,https://i.postimg.cc/s24h1HsW/pharma-1.png,,
LUTON-1924,"KOREAN GINSENG, VIT D3, CITRUS BIOFLAVONOIDS, VIT B COMPLEX CAPS 30S (REZUMIN)","1,100.00",,,Luton Hospital,,,,1,"1,100.00",https://i.postimg.cc/s24h1HsW/pharma-1.png,,
LUTON-1925,KRIDOFOS,"1,050.00",,,Luton Hospital,,,,1,"1,050.00",https://i.postimg.cc/s24h1HsW/pharma-1.png,,
LUTON-1926,"L-ORNITHINE, L-ASPARTATE & SILYMARIN EFFERVESCENT TABS 10S (INADIOL)",900,,,Luton Hospital,,,,1,900,https://i.postimg.cc/s24h1HsW/pharma-1.png,,
LUTON-1927,L ORNITHINE ASPARTATE INFUSION ( HEPAMERZ ),"1,020.00",,,Luton Hospital,,,,1,"1,020.00",https://i.postimg.cc/s24h1HsW/pharma-1.png,,
LUTON-1928,LA-ROCHE PESSAY MOISTURIZER ANTHELIOS SPF 50,"4,550.00",,,Luton Hospital,,,,1,"4,550.00",https://i.postimg.cc/s24h1HsW/pharma-1.png,,
LUTON-1929,LA - WASH INTIMATE HYGIENE,700,,,Luton Hospital,,,,1,700,https://i.postimg.cc/s24h1HsW/pharma-1.png,,
LUTON-1930,LABETALOL 100MG TABS,90,,,Luton Hospital,,,,1,90,https://i.postimg.cc/s24h1HsW/pharma-1.png,,
LUTON-1931,LABETALOL 100MG/20ML INJECTION,"3,500.00",,,Luton Hospital,,,,1,"3,500.00",https://i.postimg.cc/s24h1HsW/pharma-1.png,,
LUTON-1932,LABETALOL 200MG TABS,65,,,Luton Hospital,,,,1,65,https://i.postimg.cc/s24h1HsW/pharma-1.png,,
LUTON-1933,LABGENTIL TABLETS 4S,33,,,Luton Hospital,,,,1,33,https://i.postimg.cc/s24h1HsW/pharma-1.png,,
LUTON-1934,LABVIR 200MG(ACYCLOVIR 200MG),15,,,Luton Hospital,,,,1,15,https://i.postimg.cc/s24h1HsW/pharma-1.png,,
LUTON-1935,LABVIR 400MG(ACYCLOVIR 400MG),23,,,Luton Hospital,,,,1,23,https://i.postimg.cc/s24h1HsW/pharma-1.png,,
LUTON-1936,LACOSAMIDE 50MG TABS 10S,200,,,Luton Hospital,,,,1,200,https://i.postimg.cc/s24h1HsW/pharma-1.png,,
LUTON-1937,LACTACYD 200ML,"1,200.00",,,Luton Hospital,,,,1,"1,200.00",https://i.postimg.cc/s24h1HsW/pharma-1.png,,
LUTON-1938,LACTACYD SOLN 120ML,750,,,Luton Hospital,,,,1,750,https://i.postimg.cc/s24h1HsW/pharma-1.png,,
LUTON-1939,LACTIS PRE AND PROBIOTIC CAPSULES,60,,,Luton Hospital,,,,1,60,https://i.postimg.cc/s24h1HsW/pharma-1.png,,
LUTON-1940,LACTOBACILLUS HELVETICUS & BIFIDOBACTERIUM LONGUM 10S (FLORACOL STICKS),180,,,Luton Hospital,,,,1,180,https://i.postimg.cc/s24h1HsW/pharma-1.png,,
LUTON-1941,LACTOBACILLUS PROBIOTIC SUPPOSITORIES 5S (VAGILGOOD),"1,200.00",,,Luton Hospital,,,,1,"1,200.00",https://i.postimg.cc/s24h1HsW/pharma-1.png,,
LUTON-1942,LACTOBACILLUS REUTERI 5ML (BIOGAIA DROPS) 5ML,"2,100.00",,,Luton Hospital,,,,1,"2,100.00",https://i.postimg.cc/s24h1HsW/pharma-1.png,,
LUTON-1943,LACTONA GRANULES 100GM,"1,500.00",,,Luton Hospital,,,,1,"1,500.00",https://i.postimg.cc/s24h1HsW/pharma-1.png,,
LUTON-1944,LACTULOSE 200ML (LACTUNAT),750,,,Luton Hospital,,,,1,750,https://i.postimg.cc/s24h1HsW/pharma-1.png,,
LUTON-1945,LACTULOSE 100ML ( LACTULAC),500,,,Luton Hospital,,,,1,500,https://i.postimg.cc/s24h1HsW/pharma-1.png,,
LUTON-1946,LACTULOSE 10MG/5ML (DUPHALAC) 200ML,"1,750.00",,,Luton Hospital,,,,1,"1,750.00",https://i.postimg.cc/s24h1HsW/pharma-1.png,,
LUTON-1947,LACTULOSE SOLUTION 100ML (LACTULAC),390,,,Luton Hospital,,,,1,390,https://i.postimg.cc/s24h1HsW/pharma-1.png,,
LUTON-1948,LACTULOSE SOLUTION 100ML (OSMOLAX),600,,,Luton Hospital,,,,1,600,https://i.postimg.cc/s24h1HsW/pharma-1.png,,
LUTON-1949,LACTULOSE SYRUP 100ML (LIVOLUK),600,,,Luton Hospital,,,,1,600,https://i.postimg.cc/s24h1HsW/pharma-1.png,,
LUTON-1950,LAE PEN V,15,,,Luton Hospital,,,,1,15,https://i.postimg.cc/s24h1HsW/pharma-1.png,,
LUTON-1951,LAETARIN CREAM 15GM,40,,,Luton Hospital,,,,1,40,https://i.postimg.cc/s24h1HsW/pharma-1.png,,
LUTON-1952,LAETARIN ORAL GEL 40GMS,180,,,Luton Hospital,,,,1,180,https://i.postimg.cc/s24h1HsW/pharma-1.png,,
LUTON-1953,LAETARIN ORAL GEL 40GMS(MICONAZOLE NITRATE ),120,,,Luton Hospital,,,,1,120,https://i.postimg.cc/s24h1HsW/pharma-1.png,,
LUTON-1954,LAMINATED GOWN (NON-STERILE),500,,,Luton Hospital,,,,1,500,https://i.postimg.cc/s24h1HsW/pharma-1.png,,
LUTON-1955,LAMINATED GOWN (STERILE),400,,,Luton Hospital,,,,1,400,https://i.postimg.cc/s24h1HsW/pharma-1.png,,
LUTON-1956,LAMOTRIGINE 25MG ( LAMICTAL),130,,,Luton Hospital,,,,1,130,https://i.postimg.cc/s24h1HsW/pharma-1.png,,
LUTON-1957,LAMOTRIGINE 100MG TABS 30S (LAMICTAL 100),300,,,Luton Hospital,,,,1,300,https://i.postimg.cc/s24h1HsW/pharma-1.png,,
LUTON-1958,LAMOTRIGINE 100MG TABS 56S,60,,,Luton Hospital,,,,1,60,https://i.postimg.cc/s24h1HsW/pharma-1.png,,
LUTON-1959,LANSOPRAZOLE 15MG (JUNIOR LANZOL DT),65,,,Luton Hospital,,,,1,65,https://i.postimg.cc/s24h1HsW/pharma-1.png,,
LUTON-1960,LANSOPRAZOLE 30MG CAPS 14S (SELANZ SR),50,,,Luton Hospital,,,,1,50,https://i.postimg.cc/s24h1HsW/pharma-1.png,,
LUTON-1961,LANSOPRAZOLE/CLARITHROMYCIN/TINIDAZOLE H PYLORI KIT (HELIGO 500),"2,600.00",,,Luton Hospital,,,,1,"2,600.00",https://i.postimg.cc/s24h1HsW/pharma-1.png,,
LUTON-1962,LANSOPRAZOLE/CLARITHROMYCIN/TINIDAZOLE H PYLORI KIT (SURE KIT),"2,400.00",,,Luton Hospital,,,,1,"2,400.00",https://i.postimg.cc/s24h1HsW/pharma-1.png,,
LUTON-1963,LANTUS SOLOSTAR FLEXPEN 5S,"3,355.00",,,Luton Hospital,,,,1,"3,355.00",https://i.postimg.cc/s24h1HsW/pharma-1.png,,
LUTON-1964,LAPARASCOPIC CLIPS,"3,300.00",,,Luton Hospital,,,,1,"3,300.00",https://i.postimg.cc/s24h1HsW/pharma-1.png,,
LUTON-1965,LARYNGOSCOPE MACINTOSH (4 BLADE),"18,104.00",,,Luton Hospital,,,,1,"18,104.00",https://i.postimg.cc/s24h1HsW/pharma-1.png,,
LUTON-1966,LATEX EXAMINATION GLOVES MEDIUM (PER PAIR),13,,,Luton Hospital,,,,1,13,https://i.postimg.cc/s24h1HsW/pharma-1.png,,
LUTON-1967,"LATEX EXAMINATION GLOVES, PER PAIR",15,,,Luton Hospital,,,,1,15,https://i.postimg.cc/s24h1HsW/pharma-1.png,,
LUTON-1968,LAUNDRY BASIN,451,,,Luton Hospital,,,,1,451,https://i.postimg.cc/s24h1HsW/pharma-1.png,,
LUTON-1969,LDNIL 10ML,62,,,Luton Hospital,,,,1,62,https://i.postimg.cc/s24h1HsW/pharma-1.png,,
LUTON-1970,LEAD APRONS,"20,880.00",,,Luton Hospital,,,,1,"20,880.00",https://i.postimg.cc/s24h1HsW/pharma-1.png,,
LUTON-1971,LEFLUNOMIDE 20MG TABS 50S (LEFRA 20MG),55,,,Luton Hospital,,,,1,55,https://i.postimg.cc/s24h1HsW/pharma-1.png,,
LUTON-1972,LET-LIFE 2.5MG TAB 20S,108,,,Luton Hospital,,,,1,108,https://i.postimg.cc/s24h1HsW/pharma-1.png,,
LUTON-1973,LET-LIFE TABS 30S,75,,,Luton Hospital,,,,1,75,https://i.postimg.cc/s24h1HsW/pharma-1.png,,
LUTON-1974,LETROZOLE 2.5MG ( GLOTRAZ )30S,150,,,Luton Hospital,,,,1,150,https://i.postimg.cc/s24h1HsW/pharma-1.png,,
LUTON-1975,LETROZOLE 2.5MG(LETROZ),224,,,Luton Hospital,,,,1,224,https://i.postimg.cc/s24h1HsW/pharma-1.png,,
LUTON-1976,LETZGO-MR,80,,,Luton Hospital,,,,1,80,https://i.postimg.cc/s24h1HsW/pharma-1.png,,
LUTON-1977,LEVEMIR FLEXPEN 100IU 3ML,"2,400.00",,,Luton Hospital,,,,1,"2,400.00",https://i.postimg.cc/s24h1HsW/pharma-1.png,,
LUTON-1978,LEVETIRACETAM 200MG (KEPPRA),78,,,Luton Hospital,,,,1,78,https://i.postimg.cc/s24h1HsW/pharma-1.png,,
LUTON-1979,LEVETIRACETAM 250MG TABS (LEVIPIL 250),80,,,Luton Hospital,,,,1,80,https://i.postimg.cc/s24h1HsW/pharma-1.png,,
LUTON-1980,LEVETIRACETAM 250MGS TABS 60S (KEPPRA 250MG),90,,,Luton Hospital,,,,1,90,https://i.postimg.cc/s24h1HsW/pharma-1.png,,
LUTON-1981,LEVETIRACETAM 500MG TABS (LEVEGET 500),110,,,Luton Hospital,,,,1,110,https://i.postimg.cc/s24h1HsW/pharma-1.png,,
LUTON-1982,LEVETIRACETAM 500MG TABS 30S (LEVEGET 500MG ),95,,,Luton Hospital,,,,1,95,https://i.postimg.cc/s24h1HsW/pharma-1.png,,
LUTON-1983,LEVETIRACETAM 500MG/5ML INJECTION (KEPAM),"1,500.00",,,Luton Hospital,,,,1,"1,500.00",https://i.postimg.cc/s24h1HsW/pharma-1.png,,
LUTON-1984,LEVETIRACETAM 500MG/5ML INJECTION (KEPPRA IV),"1,800.00",,,Luton Hospital,,,,1,"1,800.00",https://i.postimg.cc/s24h1HsW/pharma-1.png,,
LUTON-1985,LEVETIRACETAM 750MG TABS (KEPPRA 750),213,,,Luton Hospital,,,,1,213,https://i.postimg.cc/s24h1HsW/pharma-1.png,,
LUTON-1986,LEVETIRACETAM TABLETS 500MGS (LEVIPILL 500MG),110,,,Luton Hospital,,,,1,110,https://i.postimg.cc/s24h1HsW/pharma-1.png,,
LUTON-1987,LEVIPIL 750MG TABS 30S,150,,,Luton Hospital,,,,1,150,https://i.postimg.cc/s24h1HsW/pharma-1.png,,
LUTON-1988,LEVOCETIRIZINE 0.5MG/ML 60ML SYRUP,200,,,Luton Hospital,,,,1,200,https://i.postimg.cc/s24h1HsW/pharma-1.png,,
LUTON-1989,LEVOCETIRIZINE 0.5MG/ML 60ML SYRUP (XYZAL),900,,,Luton Hospital,,,,1,900,https://i.postimg.cc/s24h1HsW/pharma-1.png,,
LUTON-1990,LEVOCETIRIZINE AND MONTELUKAST(MONTALLERG),90,,,Luton Hospital,,,,1,90,https://i.postimg.cc/s24h1HsW/pharma-1.png,,
LUTON-1991,LEVOCETIRIZINE DIHYDROCHLORIDE (GLENCET) 5MG,60,,,Luton Hospital,,,,1,60,https://i.postimg.cc/s24h1HsW/pharma-1.png,,
LUTON-1992,LEVOCETIRIZINE DIHYDROCHLORIDE 5MG TABS,30,,,Luton Hospital,,,,1,30,https://i.postimg.cc/s24h1HsW/pharma-1.png,,
LUTON-1993,LEVOCETRIZINE 5MG TABS 10S (ALERFREE),15,,,Luton Hospital,,,,1,15,https://i.postimg.cc/s24h1HsW/pharma-1.png,,
LUTON-1994,LEVOFLOXACIN 500MG INFUSION,800,,,Luton Hospital,,,,1,800,https://i.postimg.cc/s24h1HsW/pharma-1.png,,
LUTON-1995,LEVOFLOXACIN 500MG INFUSION (LEVOCIL INFUSION),800,,,Luton Hospital,,,,1,800,https://i.postimg.cc/s24h1HsW/pharma-1.png,,
LUTON-1996,LEVOFLOXACIN +AMOXYCILLIN +ESOMEPRAZOLE H PYLORI (LE SURE KIT),"3,200.00",,,Luton Hospital,,,,1,"3,200.00",https://i.postimg.cc/s24h1HsW/pharma-1.png,,
LUTON-1997,LEVOFLOXACIN +AMOXYCILLIN +ESOMEPRAZOLE H PYLORI KIT (L-SIGN KIT),"2,800.00",,,Luton Hospital,,,,1,"2,800.00",https://i.postimg.cc/s24h1HsW/pharma-1.png,,
LUTON-1998,LEVOFLOXACIN 500MG (GLEVONIX) 5S,152,,,Luton Hospital,,,,1,152,https://i.postimg.cc/s24h1HsW/pharma-1.png,,
LUTON-1999,LEVOFLOXACIN 500MG (UVEX) 10S,115,,,Luton Hospital,,,,1,115,https://i.postimg.cc/s24h1HsW/pharma-1.png,,
LUTON-2000,LEVOFLOXACIN 500MG 10S,108,,,Luton Hospital,,,,1,108,https://i.postimg.cc/s24h1HsW/pharma-1.png,,
LUTON-2001,LEVOFLOXACIN 750MG,110,,,Luton Hospital,,,,1,110,https://i.postimg.cc/s24h1HsW/pharma-1.png,,
LUTON-2002,LEVOFLOXACIN 750MG (GLEVONIX),180,,,Luton Hospital,,,,1,180,https://i.postimg.cc/s24h1HsW/pharma-1.png,,
LUTON-2003,LEVOFLOXACIN 750MG (GLEVONIX) 10S,162,,,Luton Hospital,,,,1,162,https://i.postimg.cc/s24h1HsW/pharma-1.png,,
LUTON-2004,LEVOFLOXACIN 750MG INFUSION,"1,500.00",,,Luton Hospital,,,,1,"1,500.00",https://i.postimg.cc/s24h1HsW/pharma-1.png,,
LUTON-2005,LEVOFLOXACIN 750MG TABS (LEVOBACT-750),140,,,Luton Hospital,,,,1,140,https://i.postimg.cc/s24h1HsW/pharma-1.png,,
LUTON-2006,LEVONORGESPREL (POP),4,,,Luton Hospital,,,,1,4,https://i.postimg.cc/s24h1HsW/pharma-1.png,,
LUTON-2007,LEVONORGESTREL 0.03MG (MYLAN)-GK,100,,,Luton Hospital,,,,1,100,https://i.postimg.cc/s24h1HsW/pharma-1.png,,
LUTON-2008,LEVONORGESTREL 750MCG (P2),150,,,Luton Hospital,,,,1,150,https://i.postimg.cc/s24h1HsW/pharma-1.png,,
LUTON-2009,LEVOTHYROXINE 100MCG (EUTHYROX),15,,,Luton Hospital,,,,1,15,https://i.postimg.cc/s24h1HsW/pharma-1.png,,
LUTON-2010,LEVOTHYROXINE 25MCG TAB (EUTHYROX) 30S,12,,,Luton Hospital,,,,1,12,https://i.postimg.cc/s24h1HsW/pharma-1.png,,
LUTON-2011,LEVOTHYROXINE 50MCG (EUTHYROX),15,,,Luton Hospital,,,,1,15,https://i.postimg.cc/s24h1HsW/pharma-1.png,,
LUTON-2012,LIGHT CURED GOOGLES,0,,,Luton Hospital,,,,1,0,https://i.postimg.cc/s24h1HsW/pharma-1.png,,
LUTON-2013,LIGNATURE WIRE,0,,,Luton Hospital,,,,1,0,https://i.postimg.cc/s24h1HsW/pharma-1.png,,
LUTON-2014,LIGNOCAINE 2% INJECTION 30ML,600,,,Luton Hospital,,,,1,600,https://i.postimg.cc/s24h1HsW/pharma-1.png,,
LUTON-2015,LIGNOCAINE AND ADRENALINE 30ML,300,,,Luton Hospital,,,,1,300,https://i.postimg.cc/s24h1HsW/pharma-1.png,,
LUTON-2016,LINAGLIPTIN TABS 5MG (LINACOR),60,,,Luton Hospital,,,,1,60,https://i.postimg.cc/s24h1HsW/pharma-1.png,,
LUTON-2017,LINCOMYCIN 300MG/2ML (LINCOZED),"2,075.00",,,Luton Hospital,,,,1,"2,075.00",https://i.postimg.cc/s24h1HsW/pharma-1.png,,
LUTON-2018,LINEZOLID 600MG TABS,527,,,Luton Hospital,,,,1,527,https://i.postimg.cc/s24h1HsW/pharma-1.png,,
LUTON-2019,LINEZOLID INJECTION,"3,300.00",,,Luton Hospital,,,,1,"3,300.00",https://i.postimg.cc/s24h1HsW/pharma-1.png,,
LUTON-2020,LINSEED OIL/DICLOFENAC DIETHYLAMINE/MENTHOL GEL 30GM (GO GEL),240,,,Luton Hospital,,,,1,240,https://i.postimg.cc/s24h1HsW/pharma-1.png,,
LUTON-2021,LIPOSOMAL IRON SUSPENSION 100ML (OMVIFER-L),450,,,Luton Hospital,,,,1,450,https://i.postimg.cc/s24h1HsW/pharma-1.png,,
LUTON-2022,LIPOSOMAL IRON+FOLIC ACID TABS,35,,,Luton Hospital,,,,1,35,https://i.postimg.cc/s24h1HsW/pharma-1.png,,
LUTON-2023,LIPOSOMOL AMPOTERICIN B POWDER 50MG,"16,000.00",,,Luton Hospital,,,,1,"16,000.00",https://i.postimg.cc/s24h1HsW/pharma-1.png,,
LUTON-2024,LIPTOMIL PLUS HA,"1,800.00",,,Luton Hospital,,,,1,"1,800.00",https://i.postimg.cc/s24h1HsW/pharma-1.png,,
LUTON-2025,LIQUID PARAFFIN 100ML,90,,,Luton Hospital,,,,1,90,https://i.postimg.cc/s24h1HsW/pharma-1.png,,
LUTON-2026,LIQUID PARAFFIN 50ML,90,,,Luton Hospital,,,,1,90,https://i.postimg.cc/s24h1HsW/pharma-1.png,,
LUTON-2027,LIVERIL TABLETS 30S,"2,560.00",,,Luton Hospital,,,,1,"2,560.00",https://i.postimg.cc/s24h1HsW/pharma-1.png,,
LUTON-2028,LMA 3,0,,,Luton Hospital,,,,1,0,https://i.postimg.cc/s24h1HsW/pharma-1.png,,
LUTON-2029,LMA 4,0,,,Luton Hospital,,,,1,0,https://i.postimg.cc/s24h1HsW/pharma-1.png,,
LUTON-2030,LOCAINE,0,,,Luton Hospital,,,,1,0,https://i.postimg.cc/s24h1HsW/pharma-1.png,,
LUTON-2031,LOCKING SCREWS,"3,750.00",,,Luton Hospital,,,,1,"3,750.00",https://i.postimg.cc/s24h1HsW/pharma-1.png,,
LUTON-2032,LOCORTEN EAR DROPS,"1,250.00",,,Luton Hospital,,,,1,"1,250.00",https://i.postimg.cc/s24h1HsW/pharma-1.png,,
LUTON-2033,LOFNAC ROLL ON 50ML,450,,,Luton Hospital,,,,1,450,https://i.postimg.cc/s24h1HsW/pharma-1.png,,
LUTON-2034,LOMOH 80 1 PFS NETT,"1,215.00",,,Luton Hospital,,,,1,"1,215.00",https://i.postimg.cc/s24h1HsW/pharma-1.png,,
LUTON-2035,LONART DS TABS 6S,42.5,,,Luton Hospital,,,,1,42.5,https://i.postimg.cc/s24h1HsW/pharma-1.png,,
LUTON-2036,LONOFLAM PLUS (LONOXICAM 8MG/PARACETAMOL 325MG),60,,,Luton Hospital,,,,1,60,https://i.postimg.cc/s24h1HsW/pharma-1.png,,
LUTON-2037,LONORXICAM 8MG/THIOCOLCHICOSIDE 8MG (LOCAM-MR),90,,,Luton Hospital,,,,1,90,https://i.postimg.cc/s24h1HsW/pharma-1.png,,
LUTON-2038,LOOPED PDS SUTURE (1RB),550,,,Luton Hospital,,,,1,550,https://i.postimg.cc/s24h1HsW/pharma-1.png,,
LUTON-2039,LOOPED PDS SUTURE (3/0RB),375,,,Luton Hospital,,,,1,375,https://i.postimg.cc/s24h1HsW/pharma-1.png,,
LUTON-2040,LOPERAMIDE HYROCHLORIDE 2MG CAPS,15,,,Luton Hospital,,,,1,15,https://i.postimg.cc/s24h1HsW/pharma-1.png,,
LUTON-2041,LORATA 10 TABLETS 10S,60,,,Luton Hospital,,,,1,60,https://i.postimg.cc/s24h1HsW/pharma-1.png,,
LUTON-2042,LORATA ORAL SOLUTION 60ML,120,,,Luton Hospital,,,,1,120,https://i.postimg.cc/s24h1HsW/pharma-1.png,,
LUTON-2043,LORATADINE 100ML,800,,,Luton Hospital,,,,1,800,https://i.postimg.cc/s24h1HsW/pharma-1.png,,
LUTON-2044,LORATADINE 10MG,10,,,Luton Hospital,,,,1,10,https://i.postimg.cc/s24h1HsW/pharma-1.png,,
LUTON-2045,LORATADINE 5MG/5ML 60ML (LORHISTINA),153,,,Luton Hospital,,,,1,153,https://i.postimg.cc/s24h1HsW/pharma-1.png,,
LUTON-2046,LORATIDINE 10MG [CLARITINE],95,,,Luton Hospital,,,,1,95,https://i.postimg.cc/s24h1HsW/pharma-1.png,,
LUTON-2047,LORATIDINE/PSEUDOEPHEDRINE (CLARINASE),95,,,Luton Hospital,,,,1,95,https://i.postimg.cc/s24h1HsW/pharma-1.png,,
LUTON-2048,LORNOXICAM 8 MG ( LOXIAM ) 10S,50,,,Luton Hospital,,,,1,50,https://i.postimg.cc/s24h1HsW/pharma-1.png,,
LUTON-2049,LORNOXICAM 8MG +PARACETAMOL TABS 500MG (LOXIAM PLUS ),70,,,Luton Hospital,,,,1,70,https://i.postimg.cc/s24h1HsW/pharma-1.png,,
LUTON-2050,LORNOXICAM 8MG +THIOCOLCHICOSIDE 8MG (LOXIAM -MR ),135,,,Luton Hospital,,,,1,135,https://i.postimg.cc/s24h1HsW/pharma-1.png,,
LUTON-2051,LORNOXICAM 8MG INJECTION (LONOFLAM INJECTION),850,,,Luton Hospital,,,,1,850,https://i.postimg.cc/s24h1HsW/pharma-1.png,,
LUTON-2052,LORNOXICAM 8MG/PCM 325MG/CHLORZOXAZONE 25OMG (LONOFLAM MR),100,,,Luton Hospital,,,,1,100,https://i.postimg.cc/s24h1HsW/pharma-1.png,,
LUTON-2053,LOSARTAN 25MG TABS,10,,,Luton Hospital,,,,1,10,https://i.postimg.cc/s24h1HsW/pharma-1.png,,
LUTON-2054,LOSARTAN 50MG ( LOSARTAS ),40,,,Luton Hospital,,,,1,40,https://i.postimg.cc/s24h1HsW/pharma-1.png,,
LUTON-2055,LOSARTAN 50MG (ANGILOCK),45,,,Luton Hospital,,,,1,45,https://i.postimg.cc/s24h1HsW/pharma-1.png,,
LUTON-2056,LOSARTAN 50MG (INTAS),23,,,Luton Hospital,,,,1,23,https://i.postimg.cc/s24h1HsW/pharma-1.png,,
LUTON-2057,LOSARTAN 50MG TABS,35,,,Luton Hospital,,,,1,35,https://i.postimg.cc/s24h1HsW/pharma-1.png,,
LUTON-2058,LOSARTAN 50MG/ HYDROCHLOROTHIAZIDE 12.5MG (REPACE H) TABS 30S,40,,,Luton Hospital,,,,1,40,https://i.postimg.cc/s24h1HsW/pharma-1.png,,
LUTON-2059,LOSARTAN 50MG/HCTZ 12.5MG,10,,,Luton Hospital,,,,1,10,https://i.postimg.cc/s24h1HsW/pharma-1.png,,
LUTON-2060,LOSARTAN 50MG/HCTZ 12.5MG (LOSARTAS HT),45,,,Luton Hospital,,,,1,45,https://i.postimg.cc/s24h1HsW/pharma-1.png,,
LUTON-2061,LOSARTAN 50MG/HCTZ 12.5MG (PRESARTAN H 50) 28S,20,,,Luton Hospital,,,,1,20,https://i.postimg.cc/s24h1HsW/pharma-1.png,,
LUTON-2062,LOSARTAN 50MG/HCTZ 12.5MG (RETEN H),30,,,Luton Hospital,,,,1,30,https://i.postimg.cc/s24h1HsW/pharma-1.png,,
LUTON-2063,LOSARTAN POTASSIUM 50MG,35,,,Luton Hospital,,,,1,35,https://i.postimg.cc/s24h1HsW/pharma-1.png,,
LUTON-2064,LOSARTAN/AMLODIPINE 50/5 (AMLOZAAR),80,,,Luton Hospital,,,,1,80,https://i.postimg.cc/s24h1HsW/pharma-1.png,,
LUTON-2065,LOSARTAS-HT,45,,,Luton Hospital,,,,1,45,https://i.postimg.cc/s24h1HsW/pharma-1.png,,
LUTON-2066,LOXIAM MR,135,,,Luton Hospital,,,,1,135,https://i.postimg.cc/s24h1HsW/pharma-1.png,,
LUTON-2067,LOZENGES,5,,,Luton Hospital,,,,1,5,https://i.postimg.cc/s24h1HsW/pharma-1.png,,
LUTON-2068,LOZENGES MEDI-KEEL LOZENGES,40,,,Luton Hospital,,,,1,40,https://i.postimg.cc/s24h1HsW/pharma-1.png,,
LUTON-2069,LUCONIL,120,,,Luton Hospital,,,,1,120,https://i.postimg.cc/s24h1HsW/pharma-1.png,,
LUTON-2070,LULICONAZOLE 1% LOTION 30ML (TINEAHIT LOTION),750,,,Luton Hospital,,,,1,750,https://i.postimg.cc/s24h1HsW/pharma-1.png,,
LUTON-2071,LULICONAZOLE AND ZINC PYRITHIONE SHAMPOO 100ML (TINEAHIT PLUS),"1,700.00",,,Luton Hospital,,,,1,"1,700.00",https://i.postimg.cc/s24h1HsW/pharma-1.png,,
LUTON-2072,LULICONAZOLE CREAM 1% 30GM (LUZOLE),800,,,Luton Hospital,,,,1,800,https://i.postimg.cc/s24h1HsW/pharma-1.png,,
LUTON-2073,LULICONAZOLE CREAM 1% W/V (LULICONA CREAM),"1,000.00",,,Luton Hospital,,,,1,"1,000.00",https://i.postimg.cc/s24h1HsW/pharma-1.png,,
LUTON-2074,LULICONAZOLE LOTION 1%W/V 30ML,"1,450.00",,,Luton Hospital,,,,1,"1,450.00",https://i.postimg.cc/s24h1HsW/pharma-1.png,,
LUTON-2075,LULICONAZOLE LOTION 1%W/V 60ML (LULICONA LOTION),"1,700.00",,,Luton Hospital,,,,1,"1,700.00",https://i.postimg.cc/s24h1HsW/pharma-1.png,,
LUTON-2076,LULICONAZOLE[LUCAZ],"1,200.00",,,Luton Hospital,,,,1,"1,200.00",https://i.postimg.cc/s24h1HsW/pharma-1.png,,
LUTON-2077,LUMBAR CORSET (L),"3,000.00",,,Luton Hospital,,,,1,"3,000.00",https://i.postimg.cc/s24h1HsW/pharma-1.png,,
LUTON-2078,LUMBAR CORSET (M),"3,000.00",,,Luton Hospital,,,,1,"3,000.00",https://i.postimg.cc/s24h1HsW/pharma-1.png,,
LUTON-2079,LUMBAR CORSET (S),"3,000.00",,,Luton Hospital,,,,1,"3,000.00",https://i.postimg.cc/s24h1HsW/pharma-1.png,,
LUTON-2080,LUMBAR CORSET (XL),"3,000.00",,,Luton Hospital,,,,1,"3,000.00",https://i.postimg.cc/s24h1HsW/pharma-1.png,,
LUTON-2081,LUMBAR CORSET (XXL),"3,000.00",,,Luton Hospital,,,,1,"3,000.00",https://i.postimg.cc/s24h1HsW/pharma-1.png,,
LUTON-2082,"LUTEIN, BETA CAROTENE, LYCOPENE, MAGNESIUM, ZINC, METHYLCOBALAMIN, ASCORBIC AND ALPHA LIPOIC ACID TABS 30S (BETANERV)",40,,,Luton Hospital,,,,1,40,https://i.postimg.cc/s24h1HsW/pharma-1.png,,
LUTON-2083,LYMECYCLINE 408MG CAPSULES (INVOLYM),399,,,Luton Hospital,,,,1,399,https://i.postimg.cc/s24h1HsW/pharma-1.png,,
LUTON-2084,M2-TONE TABLETS 20S,35,,,Luton Hospital,,,,1,35,https://i.postimg.cc/s24h1HsW/pharma-1.png,,
LUTON-2085,MACROGOL 3350 + SODIUM CHLORIDE + SODIUM BICARBONATE + POTASSIUM CHLORIDE SATCHETS 1OS (LECZUX),125,,,Luton Hospital,,,,1,125,https://i.postimg.cc/s24h1HsW/pharma-1.png,,
LUTON-2086,MAGALDRATE & SIMETHICONE 480MG/20MG /5ML SUSPENSION 200ML (MAGANTA),620,,,Luton Hospital,,,,1,620,https://i.postimg.cc/s24h1HsW/pharma-1.png,,
LUTON-2087,MAGNESIUM 250MG/ALUMINIUM 125MG,10,,,Luton Hospital,,,,1,10,https://i.postimg.cc/s24h1HsW/pharma-1.png,,
LUTON-2088,MAGNESIUM ASPARTATE DIHYDRATE TABS (ZIMAG),"1,200.00",,,Luton Hospital,,,,1,"1,200.00",https://i.postimg.cc/s24h1HsW/pharma-1.png,,
LUTON-2089,MAGNESIUM BISGLYCINATE 200MG CAPS 120S,"3,000.00",,,Luton Hospital,,,,1,"3,000.00",https://i.postimg.cc/s24h1HsW/pharma-1.png,,
LUTON-2090,MAGNESIUM CITRATE TABS 60S (LAMBERTS MAGABSORB),"2,200.00",,,Luton Hospital,,,,1,"2,200.00",https://i.postimg.cc/s24h1HsW/pharma-1.png,,
LUTON-2091,MAGNESIUM OXIDE 500MG TABS 60S,"2,350.00",,,Luton Hospital,,,,1,"2,350.00",https://i.postimg.cc/s24h1HsW/pharma-1.png,,
LUTON-2092,"MAGNESIUM SULPHATE 4GM , 100ML BOTTLE","1,000.00",,,Luton Hospital,,,,1,"1,000.00",https://i.postimg.cc/s24h1HsW/pharma-1.png,,
LUTON-2093,"MAGNESIUM SULPHATE 50% 500MG/ML, 10ML AMP",500,,,Luton Hospital,,,,1,500,https://i.postimg.cc/s24h1HsW/pharma-1.png,,
LUTON-2094,MAGNESIUM SULPHATE INJ 10ML 10%,897,,,Luton Hospital,,,,1,897,https://i.postimg.cc/s24h1HsW/pharma-1.png,,
LUTON-2095,MALA,0,,,Luton Hospital,,,,1,0,https://i.postimg.cc/s24h1HsW/pharma-1.png,,
LUTON-2096,MALE FERTILITY SUPPLEMENTS (OLIGOZ-M),60,,,Luton Hospital,,,,1,60,https://i.postimg.cc/s24h1HsW/pharma-1.png,,
LUTON-2097,MALE URINAL BOTTLES,"2,250.00",,,Luton Hospital,,,,1,"2,250.00",https://i.postimg.cc/s24h1HsW/pharma-1.png,,
LUTON-2098,MALLEOLUS ANKLE FOOT ORTHOSIS,"7,000.00",,,Luton Hospital,,,,1,"7,000.00",https://i.postimg.cc/s24h1HsW/pharma-1.png,,
LUTON-2099,MAMALAIT 100G,"1,650.00",,,Luton Hospital,,,,1,"1,650.00",https://i.postimg.cc/s24h1HsW/pharma-1.png,,
LUTON-2100,MAMALAIT 250G,"3,500.00",,,Luton Hospital,,,,1,"3,500.00",https://i.postimg.cc/s24h1HsW/pharma-1.png,,
LUTON-2101,MAMAVIT (PCOD) EFEVERSCENT TABS 10S,"4,500.00",,,Luton Hospital,,,,1,"4,500.00",https://i.postimg.cc/s24h1HsW/pharma-1.png,,
LUTON-2102,MAMAVIT F EFFERVESCENT TABS 10S,"1,900.00",,,Luton Hospital,,,,1,"1,900.00",https://i.postimg.cc/s24h1HsW/pharma-1.png,,
LUTON-2103,MAMAVIT M EFFERVESCENT TABS 10S,250,,,Luton Hospital,,,,1,250,https://i.postimg.cc/s24h1HsW/pharma-1.png,,
LUTON-2104,MAMAVIT PLUS EFEVERSCENT TABS 10S,"2,300.00",,,Luton Hospital,,,,1,"2,300.00",https://i.postimg.cc/s24h1HsW/pharma-1.png,,
LUTON-2105,MANNITOL SOLUTION 20% 500ML,"1,000.00",,,Luton Hospital,,,,1,"1,000.00",https://i.postimg.cc/s24h1HsW/pharma-1.png,,
LUTON-2106,MARA MOJA TABS,15,,,Luton Hospital,,,,1,15,https://i.postimg.cc/s24h1HsW/pharma-1.png,,
LUTON-2107,MATERNITY FILES,300,,,Luton Hospital,,,,1,300,https://i.postimg.cc/s24h1HsW/pharma-1.png,,
LUTON-2108,MATERNITY PAD,120,,,Luton Hospital,,,,1,120,https://i.postimg.cc/s24h1HsW/pharma-1.png,,
LUTON-2109,MATERNITY PADS,120,,,Luton Hospital,,,,1,120,https://i.postimg.cc/s24h1HsW/pharma-1.png,,
LUTON-2110,MATRIX BAND (STRAIGHT),0,,,Luton Hospital,,,,1,0,https://i.postimg.cc/s24h1HsW/pharma-1.png,,
LUTON-2111,MAXIFER LIQUID (HAEMATINIC 200ML),400,,,Luton Hospital,,,,1,400,https://i.postimg.cc/s24h1HsW/pharma-1.png,,
LUTON-2112,MAXITROL 3.5ML EYE DROPS,600,,,Luton Hospital,,,,1,600,https://i.postimg.cc/s24h1HsW/pharma-1.png,,
LUTON-2113,MAXIVIDA POWDER,"3,150.00",,,Luton Hospital,,,,1,"3,150.00",https://i.postimg.cc/s24h1HsW/pharma-1.png,,
LUTON-2114,MEASLES,500,,,Luton Hospital,,,,1,500,https://i.postimg.cc/s24h1HsW/pharma-1.png,,
LUTON-2115,MEBENDAZOLE 100MG TABS (NATOA),10,,,Luton Hospital,,,,1,10,https://i.postimg.cc/s24h1HsW/pharma-1.png,,
LUTON-2116,MEBENDAZOLE SUSPENSION (NATOA) 30ML,150,,,Luton Hospital,,,,1,150,https://i.postimg.cc/s24h1HsW/pharma-1.png,,
LUTON-2117,MEBEVERINE,21,,,Luton Hospital,,,,1,21,https://i.postimg.cc/s24h1HsW/pharma-1.png,,
LUTON-2118,MEBO SCAR 30G,"4,800.00",,,Luton Hospital,,,,1,"4,800.00",https://i.postimg.cc/s24h1HsW/pharma-1.png,,
LUTON-2119,MECOBALAMINE 5MG SUBLINGUAL TABS (ME B12),"2,000.00",,,Luton Hospital,,,,1,"2,000.00",https://i.postimg.cc/s24h1HsW/pharma-1.png,,
LUTON-2120,MEDICAL OXYGEN,0,,,Luton Hospital,,,,1,0,https://i.postimg.cc/s24h1HsW/pharma-1.png,,
LUTON-2121,MEDICINE CUPS,20,,,Luton Hospital,,,,1,20,https://i.postimg.cc/s24h1HsW/pharma-1.png,,
LUTON-2122,"MEDICINE ENVELOPES, A6 LUTON BRANDED",0,,,Luton Hospital,,,,1,0,https://i.postimg.cc/s24h1HsW/pharma-1.png,,
LUTON-2123,MEDICURTAIN ANTI-ADHESION GEL 5ML,"17,500.00",,,Luton Hospital,,,,1,"17,500.00",https://i.postimg.cc/s24h1HsW/pharma-1.png,,
LUTON-2124,MEDIFIX MANOMETER SCALE,"1,650.00",,,Luton Hospital,,,,1,"1,650.00",https://i.postimg.cc/s24h1HsW/pharma-1.png,,
LUTON-2125,MEDISPREAD,300,,,Luton Hospital,,,,1,300,https://i.postimg.cc/s24h1HsW/pharma-1.png,,
LUTON-2126,MEFENAMIC ACID 250MG (MEFRIL-250),15,,,Luton Hospital,,,,1,15,https://i.postimg.cc/s24h1HsW/pharma-1.png,,
LUTON-2127,MEFENAMIC ACID 500MG (PONSTAN FORTE),40,,,Luton Hospital,,,,1,40,https://i.postimg.cc/s24h1HsW/pharma-1.png,,
LUTON-2128,MEFENAMIC ACID 500MG 100S,10,,,Luton Hospital,,,,1,10,https://i.postimg.cc/s24h1HsW/pharma-1.png,,
LUTON-2129,MEFENAMIC ACID 500MG/PARACETAMOL 325MG 20S (MEFTAL FORTE),37,,,Luton Hospital,,,,1,37,https://i.postimg.cc/s24h1HsW/pharma-1.png,,
LUTON-2130,MEFENAMIC ACID TABS 500MG 20S (MEFTAL),24,,,Luton Hospital,,,,1,24,https://i.postimg.cc/s24h1HsW/pharma-1.png,,
LUTON-2131,MEFENAMIC/DICYCLOMIN- MEFTAL-SPAS,25,,,Luton Hospital,,,,1,25,https://i.postimg.cc/s24h1HsW/pharma-1.png,,
LUTON-2132,MELACARE CREAM 15G,950,,,Luton Hospital,,,,1,950,https://i.postimg.cc/s24h1HsW/pharma-1.png,,
LUTON-2133,MELATONIN 10MG SUB LINGUAL TABS 10MG 90S,30,,,Luton Hospital,,,,1,30,https://i.postimg.cc/s24h1HsW/pharma-1.png,,
LUTON-2134,MELATONIN CAPS 3 MG,25,,,Luton Hospital,,,,1,25,https://i.postimg.cc/s24h1HsW/pharma-1.png,,
LUTON-2135,MELOXICAM 15MG (MEXIC),40,,,Luton Hospital,,,,1,40,https://i.postimg.cc/s24h1HsW/pharma-1.png,,
LUTON-2136,MELOXICAM 15MG TABS (MELCAM 15),30,,,Luton Hospital,,,,1,30,https://i.postimg.cc/s24h1HsW/pharma-1.png,,
LUTON-2137,MELOXICAM 15MG TABS 20S (ANTICOX II),30,,,Luton Hospital,,,,1,30,https://i.postimg.cc/s24h1HsW/pharma-1.png,,
LUTON-2138,MELOXICAM 15MG/3ML,200,,,Luton Hospital,,,,1,200,https://i.postimg.cc/s24h1HsW/pharma-1.png,,
LUTON-2139,MELOXICAM 7.5MG (MEXIC),30,,,Luton Hospital,,,,1,30,https://i.postimg.cc/s24h1HsW/pharma-1.png,,
LUTON-2140,MELOXICAM 7.5MG (MUVERA) 100S,30,,,Luton Hospital,,,,1,30,https://i.postimg.cc/s24h1HsW/pharma-1.png,,
LUTON-2141,MELOXICAM 7.5MG (UXIM),30,,,Luton Hospital,,,,1,30,https://i.postimg.cc/s24h1HsW/pharma-1.png,,
LUTON-2142,MELOXICAM 7.5MG TABS,30,,,Luton Hospital,,,,1,30,https://i.postimg.cc/s24h1HsW/pharma-1.png,,
LUTON-2143,MELOXICAM 7.5MG TABS (MELCAM 7.5),30,,,Luton Hospital,,,,1,30,https://i.postimg.cc/s24h1HsW/pharma-1.png,,
LUTON-2144,MEMANTINE 10MG TABS,75,,,Luton Hospital,,,,1,75,https://i.postimg.cc/s24h1HsW/pharma-1.png,,
LUTON-2145,MEMORIL FORTE TABS 10S,"1,450.00",,,Luton Hospital,,,,1,"1,450.00",https://i.postimg.cc/s24h1HsW/pharma-1.png,,
LUTON-2146,MENACTRA,"10,100.00",,,Luton Hospital,,,,1,"10,100.00",https://i.postimg.cc/s24h1HsW/pharma-1.png,,
LUTON-2147,MENOFIX MENOPAUSE SUPPLEMENT 30S,"6,000.00",,,Luton Hospital,,,,1,"6,000.00",https://i.postimg.cc/s24h1HsW/pharma-1.png,,
LUTON-2148,MENOPACE SUPPLIMENTS,75,,,Luton Hospital,,,,1,75,https://i.postimg.cc/s24h1HsW/pharma-1.png,,
LUTON-2149,MEPYRAMINE MALEATE 2% (ELYSTAMINE) 15G,105,,,Luton Hospital,,,,1,105,https://i.postimg.cc/s24h1HsW/pharma-1.png,,
LUTON-2150,MEPYRAMINE MALEATE CREAM 25MG (INTAMINE),250,,,Luton Hospital,,,,1,250,https://i.postimg.cc/s24h1HsW/pharma-1.png,,
LUTON-2151,MEROPENEEM 1GM INJECTION (MERROBE),"5,250.00",,,Luton Hospital,,,,1,"5,250.00",https://i.postimg.cc/s24h1HsW/pharma-1.png,,
LUTON-2152,MEROPENEM 500MG ( MERONEM ),"2,970.00",,,Luton Hospital,,,,1,"2,970.00",https://i.postimg.cc/s24h1HsW/pharma-1.png,,
LUTON-2153,MEROPENEM 1GM ( MERONEM ),"4,000.00",,,Luton Hospital,,,,1,"4,000.00",https://i.postimg.cc/s24h1HsW/pharma-1.png,,
LUTON-2154,MEROPENEM 1GM ( MEOGRAM ),"2,500.00",,,Luton Hospital,,,,1,"2,500.00",https://i.postimg.cc/s24h1HsW/pharma-1.png,,
LUTON-2155,MEROPENEM 1GM INJECTION (BESTINEM),"2,500.00",,,Luton Hospital,,,,1,"2,500.00",https://i.postimg.cc/s24h1HsW/pharma-1.png,,
LUTON-2156,MEROPENEM 1GM INJECTION (MERONIA),"3,500.00",,,Luton Hospital,,,,1,"3,500.00",https://i.postimg.cc/s24h1HsW/pharma-1.png,,
LUTON-2157,MEROPENEM 1GM INJECTION (RONEM),"2,500.00",,,Luton Hospital,,,,1,"2,500.00",https://i.postimg.cc/s24h1HsW/pharma-1.png,,
LUTON-2158,MEROPENEM 500MG IV ( MERONIA ),"2,500.00",,,Luton Hospital,,,,1,"2,500.00",https://i.postimg.cc/s24h1HsW/pharma-1.png,,
LUTON-2159,MESALAMINE 400MG TABS ( MESACOL),127.5,,,Luton Hospital,,,,1,127.5,https://i.postimg.cc/s24h1HsW/pharma-1.png,,
LUTON-2160,METAKELFIN 500MG TABS,600,,,Luton Hospital,,,,1,600,https://i.postimg.cc/s24h1HsW/pharma-1.png,,
LUTON-2161,METFORMIN 1000MG (GLUCOPHAGE),20,,,Luton Hospital,,,,1,20,https://i.postimg.cc/s24h1HsW/pharma-1.png,,
LUTON-2162,METFORMIN 1000MG EXTENDED RELEASE TABS 60S (GLUCOPHAGE XR 1000),20,,,Luton Hospital,,,,1,20,https://i.postimg.cc/s24h1HsW/pharma-1.png,,
LUTON-2163,METFORMIN 1G (NORVATIS ACCESS),5,,,Luton Hospital,,,,1,5,https://i.postimg.cc/s24h1HsW/pharma-1.png,,
LUTON-2164,METFORMIN 500MG (GLUCOPHAGE),15,,,Luton Hospital,,,,1,15,https://i.postimg.cc/s24h1HsW/pharma-1.png,,
LUTON-2165,METFORMIN 500MG TABS,10,,,Luton Hospital,,,,1,10,https://i.postimg.cc/s24h1HsW/pharma-1.png,,
LUTON-2166,METFORMIN 500MG TABS (METFORMIN DENK),20,,,Luton Hospital,,,,1,20,https://i.postimg.cc/s24h1HsW/pharma-1.png,,
LUTON-2167,METFORMIN 500MG/GLIBENCLAMIDE 5MG TABS (GLUCOMET N) 28S,12,,,Luton Hospital,,,,1,12,https://i.postimg.cc/s24h1HsW/pharma-1.png,,
LUTON-2168,METFORMIN 850MG (DIAPHAGE),15,,,Luton Hospital,,,,1,15,https://i.postimg.cc/s24h1HsW/pharma-1.png,,
LUTON-2169,METFORMIN 850MG (GLUCOPHAGE),20,,,Luton Hospital,,,,1,20,https://i.postimg.cc/s24h1HsW/pharma-1.png,,
LUTON-2170,METFORMIN 850MG (GLUDOWN),10,,,Luton Hospital,,,,1,10,https://i.postimg.cc/s24h1HsW/pharma-1.png,,
LUTON-2171,METFORMIN/GLIMEPIRIDE 500/2MG (PERGLIM M-2),50,,,Luton Hospital,,,,1,50,https://i.postimg.cc/s24h1HsW/pharma-1.png,,
LUTON-2172,METHOTREXATE 2.5MG,50,,,Luton Hospital,,,,1,50,https://i.postimg.cc/s24h1HsW/pharma-1.png,,
LUTON-2173,METHOTREXATE 50MG/2ML INJECTION,"1,200.00",,,Luton Hospital,,,,1,"1,200.00",https://i.postimg.cc/s24h1HsW/pharma-1.png,,
LUTON-2174,METHYL CELLULOSE(IVYMOICELL),200,,,Luton Hospital,,,,1,200,https://i.postimg.cc/s24h1HsW/pharma-1.png,,
LUTON-2175,METHYL DOPA 500MG TABS (ALDOMET) 100S,45,,,Luton Hospital,,,,1,45,https://i.postimg.cc/s24h1HsW/pharma-1.png,,
LUTON-2176,METHYL SALICYLATE OINTMENT (PHARMASAL),51,,,Luton Hospital,,,,1,51,https://i.postimg.cc/s24h1HsW/pharma-1.png,,
LUTON-2177,METHYLATED SPIRIT 500ML,120,,,Luton Hospital,,,,1,120,https://i.postimg.cc/s24h1HsW/pharma-1.png,,
LUTON-2178,METHYLCOBALAMIN 5MG SUBLINGUAL TABS VIT B12 60S,65,,,Luton Hospital,,,,1,65,https://i.postimg.cc/s24h1HsW/pharma-1.png,,
LUTON-2179,"METHYLCOBALAMIN, ALPHA LIPOIC FOLIC ACID, CHROMIUM, SELENIUM, INOSITOL AND PYRIDOXINE CAPS (RUDNURON)",60,,,Luton Hospital,,,,1,60,https://i.postimg.cc/s24h1HsW/pharma-1.png,,
LUTON-2180,METHYLDOPA 250MG (DOPAMAC),20,,,Luton Hospital,,,,1,20,https://i.postimg.cc/s24h1HsW/pharma-1.png,,
LUTON-2181,METHYLDOPA 250MG TABS (ALDOMET),35,,,Luton Hospital,,,,1,35,https://i.postimg.cc/s24h1HsW/pharma-1.png,,
LUTON-2182,METHYLDOPA 500MG,45,,,Luton Hospital,,,,1,45,https://i.postimg.cc/s24h1HsW/pharma-1.png,,
LUTON-2183,METHYLENE BLUE INJECTION 1% 10ML,"1,000.00",,,Luton Hospital,,,,1,"1,000.00",https://i.postimg.cc/s24h1HsW/pharma-1.png,,
LUTON-2184,METHYLPHENIDATE 18MG TABS 30S (CONCERTA 18MG ),175,,,Luton Hospital,,,,1,175,https://i.postimg.cc/s24h1HsW/pharma-1.png,,
LUTON-2185,METHYLPHENIDATE 27MG TABS 30S (CONCERTA 27MG ),190,,,Luton Hospital,,,,1,190,https://i.postimg.cc/s24h1HsW/pharma-1.png,,
LUTON-2186,METHYLPREDNISOLONE (DEPO MEDROL) 40MG,"1,050.00",,,Luton Hospital,,,,1,"1,050.00",https://i.postimg.cc/s24h1HsW/pharma-1.png,,
LUTON-2187,METHYLPREDNISOLONE 500MG ( SOLUMEDROL ),"3,360.00",,,Luton Hospital,,,,1,"3,360.00",https://i.postimg.cc/s24h1HsW/pharma-1.png,,
LUTON-2188,METHYLPREDNISOLONE INJECTION 500MG,"3,200.00",,,Luton Hospital,,,,1,"3,200.00",https://i.postimg.cc/s24h1HsW/pharma-1.png,,
LUTON-2189,METOCLOPRAMIDE 10MG TABS (METCOS),10,,,Luton Hospital,,,,1,10,https://i.postimg.cc/s24h1HsW/pharma-1.png,,
LUTON-2190,METOCLOPRAMIDE 10MG/2ML INJ (PLASIL INJ),200,,,Luton Hospital,,,,1,200,https://i.postimg.cc/s24h1HsW/pharma-1.png,,
LUTON-2191,METOCLOPRAMIDE 10MG/ML INJECTION,200,,,Luton Hospital,,,,1,200,https://i.postimg.cc/s24h1HsW/pharma-1.png,,
LUTON-2192,METOCLOPRAMIDE 5MG/5ML SYRUP,75,,,Luton Hospital,,,,1,75,https://i.postimg.cc/s24h1HsW/pharma-1.png,,
LUTON-2193,METOCLOPRAMIDE INJECTION 10MG/2ML,100,,,Luton Hospital,,,,1,100,https://i.postimg.cc/s24h1HsW/pharma-1.png,,
LUTON-2194,METOCLORPRAMIDE 10MG TABS,10,,,Luton Hospital,,,,1,10,https://i.postimg.cc/s24h1HsW/pharma-1.png,,
LUTON-2195,METOLAZONE 2.5MG TABS (METOZ 2.5),65,,,Luton Hospital,,,,1,65,https://i.postimg.cc/s24h1HsW/pharma-1.png,,
LUTON-2196,METOLAZONE 5MG (METOZ 5),65,,,Luton Hospital,,,,1,65,https://i.postimg.cc/s24h1HsW/pharma-1.png,,
LUTON-2197,METOPROLOL 25MG (BETALOC),50,,,Luton Hospital,,,,1,50,https://i.postimg.cc/s24h1HsW/pharma-1.png,,
LUTON-2198,METOPROLOL TARTRATE 5MG/5ML INJECTION,"2,000.00",,,Luton Hospital,,,,1,"2,000.00",https://i.postimg.cc/s24h1HsW/pharma-1.png,,
LUTON-2199,METPURE - XL 50 (METOPROLOL 50MG),81,,,Luton Hospital,,,,1,81,https://i.postimg.cc/s24h1HsW/pharma-1.png,,
LUTON-2200,METRONIDAZOLE /CLOTRIMAZOLE /LACTOBACILLUS OINTMENT (INFA-V OINTMENT),780,,,Luton Hospital,,,,1,780,https://i.postimg.cc/s24h1HsW/pharma-1.png,,
LUTON-2201,METRONIDAZOLE 125MG/5ML SUSP 100ML,120,,,Luton Hospital,,,,1,120,https://i.postimg.cc/s24h1HsW/pharma-1.png,,
LUTON-2202,METRONIDAZOLE 200MG TABS,15,,,Luton Hospital,,,,1,15,https://i.postimg.cc/s24h1HsW/pharma-1.png,,
LUTON-2203,METRONIDAZOLE 200MG TABS-,20,,,Luton Hospital,,,,1,20,https://i.postimg.cc/s24h1HsW/pharma-1.png,,
LUTON-2204,METRONIDAZOLE 200MG/5ML 100ML SYRUP,250,,,Luton Hospital,,,,1,250,https://i.postimg.cc/s24h1HsW/pharma-1.png,,
LUTON-2205,METRONIDAZOLE 200MG/5ML SYRUP,150,,,Luton Hospital,,,,1,150,https://i.postimg.cc/s24h1HsW/pharma-1.png,,
LUTON-2206,METRONIDAZOLE 200MG/DILOXANIDE 250MG/DICYCLOMINE 10MG 100ML SUSP (ENTAMAXIN),250,,,Luton Hospital,,,,1,250,https://i.postimg.cc/s24h1HsW/pharma-1.png,,
LUTON-2207,METRONIDAZOLE 200MG/DILOXANIDE FUROATE 250MG 100ML (DIRACIP M),250,,,Luton Hospital,,,,1,250,https://i.postimg.cc/s24h1HsW/pharma-1.png,,
LUTON-2208,METRONIDAZOLE 200MG/DILOXANIDE FUROATE 250MG 100ML (EFLARON PLUS),150,,,Luton Hospital,,,,1,150,https://i.postimg.cc/s24h1HsW/pharma-1.png,,
LUTON-2209,METRONIDAZOLE 400MG TABLETS,15,,,Luton Hospital,,,,1,15,https://i.postimg.cc/s24h1HsW/pharma-1.png,,
LUTON-2210,METRONIDAZOLE 400MG TABS,15,,,Luton Hospital,,,,1,15,https://i.postimg.cc/s24h1HsW/pharma-1.png,,
LUTON-2211,METRONIDAZOLE 400MG TABS ( EFLARON 400MG),10,,,Luton Hospital,,,,1,10,https://i.postimg.cc/s24h1HsW/pharma-1.png,,
LUTON-2212,METRONIDAZOLE 400MG/DILOXANIDE FUROATE 500MG( METODINE DF),20,,,Luton Hospital,,,,1,20,https://i.postimg.cc/s24h1HsW/pharma-1.png,,
LUTON-2213,METRONIDAZOLE 500MG INJECTION (METROGYL),200,,,Luton Hospital,,,,1,200,https://i.postimg.cc/s24h1HsW/pharma-1.png,,
LUTON-2214,METRONIDAZOLE 500MG/CLOTRIMAZOLE 100MG/LACTOBACILLUS PESS 8S (INFA-V),810,,,Luton Hospital,,,,1,810,https://i.postimg.cc/s24h1HsW/pharma-1.png,,
LUTON-2215,METRONIDAZOLE SYRUP 100ML (TROGYL),100,,,Luton Hospital,,,,1,100,https://i.postimg.cc/s24h1HsW/pharma-1.png,,
LUTON-2216,METRONIDAZOLE SYRUP 100ML(EFLARON),100,,,Luton Hospital,,,,1,100,https://i.postimg.cc/s24h1HsW/pharma-1.png,,
LUTON-2217,METRONIDAZOLE SYRUP 100ML(FLAGYL),800,,,Luton Hospital,,,,1,800,https://i.postimg.cc/s24h1HsW/pharma-1.png,,
LUTON-2218,METRONIDAZOLE TABS 400MG,15,,,Luton Hospital,,,,1,15,https://i.postimg.cc/s24h1HsW/pharma-1.png,,
LUTON-2219,METRONIDAZOLE/DILOXANIDE 100MG 125MG/5ML SYRUP (METODINE DF SUSP),250,,,Luton Hospital,,,,1,250,https://i.postimg.cc/s24h1HsW/pharma-1.png,,
LUTON-2220,METRONIDAZOLE/DILOXANIDE 200/250 TABLETS( DIRACIP M ),25,,,Luton Hospital,,,,1,25,https://i.postimg.cc/s24h1HsW/pharma-1.png,,
LUTON-2221,METRONIDAZOLE/DILOXANIDE DS 15S,176,,,Luton Hospital,,,,1,176,https://i.postimg.cc/s24h1HsW/pharma-1.png,,
LUTON-2222,MICONAZOLE 2% AND HYDROCORTISONE 1% ANTIFUNGAL CREAM 15GM (CANDIPLAS H),750,,,Luton Hospital,,,,1,750,https://i.postimg.cc/s24h1HsW/pharma-1.png,,
LUTON-2223,MICONAZOLE 2% CREAM 15GM,150,,,Luton Hospital,,,,1,150,https://i.postimg.cc/s24h1HsW/pharma-1.png,,
LUTON-2224,"MICONAZOLE 200MG, METRONIDAZOLE 750MG AND LIDOCAINE 100MG VAGINAL SUPPOSITORIES 7S (INVEL FORTE)","1,300.00",,,Luton Hospital,,,,1,"1,300.00",https://i.postimg.cc/s24h1HsW/pharma-1.png,,
LUTON-2225,MICONAZOLE 2GM+TRIAMCINOLONE 0.2GM ( TRIMICON CREAM ),450,,,Luton Hospital,,,,1,450,https://i.postimg.cc/s24h1HsW/pharma-1.png,,
LUTON-2226,MICONAZOLE 400MG 3S (GYNO- DAKTARIN 400MG),350,,,Luton Hospital,,,,1,350,https://i.postimg.cc/s24h1HsW/pharma-1.png,,
LUTON-2227,MICONAZOLE AND METRONIDAZOLE VAGINAL TABLETS 7S (DREZ V),"1,000.00",,,Luton Hospital,,,,1,"1,000.00",https://i.postimg.cc/s24h1HsW/pharma-1.png,,
LUTON-2228,MICONAZOLE CREAM 15GM (DAKTACORT CREAM),"1,250.00",,,Luton Hospital,,,,1,"1,250.00",https://i.postimg.cc/s24h1HsW/pharma-1.png,,
LUTON-2229,MICONAZOLE CREAM(DAKTARIN 20G CREAM),500,,,Luton Hospital,,,,1,500,https://i.postimg.cc/s24h1HsW/pharma-1.png,,
LUTON-2230,MICONAZOLE NITRATE VAGINAL CREAM 2% 40G (MICONA VAGINAL CREAM),420,,,Luton Hospital,,,,1,420,https://i.postimg.cc/s24h1HsW/pharma-1.png,,
LUTON-2231,MICONAZOLE ORAL GEL (DAKTARIN),"1,200.00",,,Luton Hospital,,,,1,"1,200.00",https://i.postimg.cc/s24h1HsW/pharma-1.png,,
LUTON-2232,MICONAZOLE ORAL GEL 2% 40G (MICONA),500,,,Luton Hospital,,,,1,500,https://i.postimg.cc/s24h1HsW/pharma-1.png,,
LUTON-2233,MICROENEMA ADULT 20MLS,350,,,Luton Hospital,,,,1,350,https://i.postimg.cc/s24h1HsW/pharma-1.png,,
LUTON-2234,MICROENEMA CHILD 10MLS,155,,,Luton Hospital,,,,1,155,https://i.postimg.cc/s24h1HsW/pharma-1.png,,
LUTON-2235,MICROLUT TABLETS,50,,,Luton Hospital,,,,1,50,https://i.postimg.cc/s24h1HsW/pharma-1.png,,
LUTON-2236,MICRONEMA INFANT 10ML,126,,,Luton Hospital,,,,1,126,https://i.postimg.cc/s24h1HsW/pharma-1.png,,
LUTON-2237,MICRONEMA SOLUTION 20ML,210,,,Luton Hospital,,,,1,210,https://i.postimg.cc/s24h1HsW/pharma-1.png,,
LUTON-2238,MICROPORE,250,,,Luton Hospital,,,,1,250,https://i.postimg.cc/s24h1HsW/pharma-1.png,,
LUTON-2239,MICROPORE DRESSING,195,,,Luton Hospital,,,,1,195,https://i.postimg.cc/s24h1HsW/pharma-1.png,,
LUTON-2240,MIDAZOLAM 15MG/3ML ( SEDLAM ),"1,550.00",,,Luton Hospital,,,,1,"1,550.00",https://i.postimg.cc/s24h1HsW/pharma-1.png,,
LUTON-2241,MIDAZOLAM 5MG/5ML,800,,,Luton Hospital,,,,1,800,https://i.postimg.cc/s24h1HsW/pharma-1.png,,
LUTON-2242,MINDRAY DISHING FILTER FOR BIOCHEMISTRY,"13,920.00",,,Luton Hospital,,,,1,"13,920.00",https://i.postimg.cc/s24h1HsW/pharma-1.png,,
LUTON-2243,MINOXIN PLUS SOLUTION 60ML,"3,900.00",,,Luton Hospital,,,,1,"3,900.00",https://i.postimg.cc/s24h1HsW/pharma-1.png,,
LUTON-2244,MIRABEGRON 25MG TABS (MIRABA 25),120,,,Luton Hospital,,,,1,120,https://i.postimg.cc/s24h1HsW/pharma-1.png,,
LUTON-2245,MIRENA,"12,000.00",,,Luton Hospital,,,,1,"12,000.00",https://i.postimg.cc/s24h1HsW/pharma-1.png,,
LUTON-2246,MIRROR HEAD,151,,,Luton Hospital,,,,1,151,https://i.postimg.cc/s24h1HsW/pharma-1.png,,
LUTON-2247,MIRTAZAPINE 15MG TABS 30S,105,,,Luton Hospital,,,,1,105,https://i.postimg.cc/s24h1HsW/pharma-1.png,,
LUTON-2248,MIRTAZAPINE 30MG TABS 30S,144,,,Luton Hospital,,,,1,144,https://i.postimg.cc/s24h1HsW/pharma-1.png,,
LUTON-2249,MISOPROSTOL 200 ( ISOVENT 200MG ),500,,,Luton Hospital,,,,1,500,https://i.postimg.cc/s24h1HsW/pharma-1.png,,
LUTON-2250,MISOPROSTOL 200MCG (CYTOTEC) 28S,400,,,Luton Hospital,,,,1,400,https://i.postimg.cc/s24h1HsW/pharma-1.png,,
LUTON-2251,MISOPROSTOL 200MCG (MISO-KARE),120,,,Luton Hospital,,,,1,120,https://i.postimg.cc/s24h1HsW/pharma-1.png,,
LUTON-2252,MISOPROSTOL200MG AND MEFIPRISTONE 800MG TABS (MEDABON),"3,500.00",,,Luton Hospital,,,,1,"3,500.00",https://i.postimg.cc/s24h1HsW/pharma-1.png,,
LUTON-2253,"MIXTARD 30/70 100IU, 10ML","1,100.00",,,Luton Hospital,,,,1,"1,100.00",https://i.postimg.cc/s24h1HsW/pharma-1.png,,
LUTON-2254,MIXTARD FLEXPEN INSULIN,"1,000.00",,,Luton Hospital,,,,1,"1,000.00",https://i.postimg.cc/s24h1HsW/pharma-1.png,,
LUTON-2255,MODIFIED ARCH SUPPORT,"3,850.00",,,Luton Hospital,,,,1,"3,850.00",https://i.postimg.cc/s24h1HsW/pharma-1.png,,
LUTON-2256,MOIST EXPOSED BURNS OINTMENT 15MG (MEBO HERBAL),"1,130.00",,,Luton Hospital,,,,1,"1,130.00",https://i.postimg.cc/s24h1HsW/pharma-1.png,,
LUTON-2257,MOMATE NASAL SPRAY,"2,500.00",,,Luton Hospital,,,,1,"2,500.00",https://i.postimg.cc/s24h1HsW/pharma-1.png,,
LUTON-2258,MOMETASONE CREAM 15G (ELOCOM),"1,400.00",,,Luton Hospital,,,,1,"1,400.00",https://i.postimg.cc/s24h1HsW/pharma-1.png,,
LUTON-2259,MOMETASONE FUROATE CREAM 30GM,"1,150.00",,,Luton Hospital,,,,1,"1,150.00",https://i.postimg.cc/s24h1HsW/pharma-1.png,,
LUTON-2260,MOMETASONE FUROATE NASAL SPRAY 50MCG (MOMESON),850,,,Luton Hospital,,,,1,850,https://i.postimg.cc/s24h1HsW/pharma-1.png,,
LUTON-2261,MOMETASONE FUROATE OINTMENT 30GM,100,,,Luton Hospital,,,,1,100,https://i.postimg.cc/s24h1HsW/pharma-1.png,,
LUTON-2262,MOMETASONE OINTMENT 15G (MOMATE),950,,,Luton Hospital,,,,1,950,https://i.postimg.cc/s24h1HsW/pharma-1.png,,
LUTON-2263,MONOCRYL 3/0 RC,"1,300.00",,,Luton Hospital,,,,1,"1,300.00",https://i.postimg.cc/s24h1HsW/pharma-1.png,,
LUTON-2264,MONTELUKAST 10MG (MONTIGET) 14S,90,,,Luton Hospital,,,,1,90,https://i.postimg.cc/s24h1HsW/pharma-1.png,,
LUTON-2265,MONTELUKAST 10MG (ODIMONT) 30S,48,,,Luton Hospital,,,,1,48,https://i.postimg.cc/s24h1HsW/pharma-1.png,,
LUTON-2266,MONTELUKAST 10MG + LEVOCETIRIZINE 5MG TABS 30S (CETLEVO M),80,,,Luton Hospital,,,,1,80,https://i.postimg.cc/s24h1HsW/pharma-1.png,,
LUTON-2267,MONTELUKAST 10MG + LEVOCETIRIZINE 5MG TABS 30S (L-MONTELAST),65,,,Luton Hospital,,,,1,65,https://i.postimg.cc/s24h1HsW/pharma-1.png,,
LUTON-2268,MONTELUKAST 10MG + LEVOCETIRIZINE 5MG TABS 30S (ODIMONT LC),80,,,Luton Hospital,,,,1,80,https://i.postimg.cc/s24h1HsW/pharma-1.png,,
LUTON-2269,MONTELUKAST 10MG + LEVOCETRIZINE 5MG TABS,85,,,Luton Hospital,,,,1,85,https://i.postimg.cc/s24h1HsW/pharma-1.png,,
LUTON-2270,MONTELUKAST 10MG +EBASTINE 10 MG TABS 10S ( MONTEBASTO ),90,,,Luton Hospital,,,,1,90,https://i.postimg.cc/s24h1HsW/pharma-1.png,,
LUTON-2271,MONTELUKAST 10MG +LEVOCETIRIZINE 5 MG ( VOKAST ),70,,,Luton Hospital,,,,1,70,https://i.postimg.cc/s24h1HsW/pharma-1.png,,
LUTON-2272,MONTELUKAST 10MG +LEVOCETIRIZINE 5 MG TABS 10S ( MONTECOR PLUS ),70,,,Luton Hospital,,,,1,70,https://i.postimg.cc/s24h1HsW/pharma-1.png,,
LUTON-2273,MONTELUKAST 10MG +RUPATADINE 10 MG TABS 10S ( MONTERU),120,,,Luton Hospital,,,,1,120,https://i.postimg.cc/s24h1HsW/pharma-1.png,,
LUTON-2274,MONTELUKAST 10MG AND FEXOFENADINE 120MG TABLETS (MONTYFEX),90,,,Luton Hospital,,,,1,90,https://i.postimg.cc/s24h1HsW/pharma-1.png,,
LUTON-2275,MONTELUKAST 10MG AND LEVOCETIRIZINE 5MG TABS (MEFTAN PLUS),65,,,Luton Hospital,,,,1,65,https://i.postimg.cc/s24h1HsW/pharma-1.png,,
LUTON-2276,"MONTELUKAST 10MG, LEVOCETIRIZINE 5MG AND AMBROXOL 75MG TABS (MONTIKAST -AM)",100,,,Luton Hospital,,,,1,100,https://i.postimg.cc/s24h1HsW/pharma-1.png,,
LUTON-2277,MONTELUKAST 4 MG CHEWABLE TABLETS 28S (DENK AIR 4MG),70,,,Luton Hospital,,,,1,70,https://i.postimg.cc/s24h1HsW/pharma-1.png,,
LUTON-2278,MONTELUKAST 4MG CHEWABLE TABS (MONTIGET) 14S,84,,,Luton Hospital,,,,1,84,https://i.postimg.cc/s24h1HsW/pharma-1.png,,
LUTON-2279,MONTELUKAST 4MG SATCHETS (MYOTEKA),60,,,Luton Hospital,,,,1,60,https://i.postimg.cc/s24h1HsW/pharma-1.png,,
LUTON-2280,MONTELUKAST 4MG SATCHETS 14S (MYTEKA),60,,,Luton Hospital,,,,1,60,https://i.postimg.cc/s24h1HsW/pharma-1.png,,
LUTON-2281,MONTELUKAST 4MG/LEVOCETRIZINE 2.5MG (LEVOLUKAST KID),70,,,Luton Hospital,,,,1,70,https://i.postimg.cc/s24h1HsW/pharma-1.png,,
LUTON-2282,MONTELUKAST 5MG CHEWABLE TABS (MYOTEKA),45,,,Luton Hospital,,,,1,45,https://i.postimg.cc/s24h1HsW/pharma-1.png,,
LUTON-2283,MONTELUKAST 5MG ( M-KAST 5),37.5,,,Luton Hospital,,,,1,37.5,https://i.postimg.cc/s24h1HsW/pharma-1.png,,
LUTON-2284,MONTELUKAST 5MG (MONTIGET) 14S,61.5,,,Luton Hospital,,,,1,61.5,https://i.postimg.cc/s24h1HsW/pharma-1.png,,
LUTON-2285,MONTELUKAST 5MG +EBASTINE 5 MG DISPERSIBLE TABS 10S ( MONTEBASTO KIDS),75,,,Luton Hospital,,,,1,75,https://i.postimg.cc/s24h1HsW/pharma-1.png,,
LUTON-2286,MONTELUKAST 5MG +RUPATADINE 5 MG TABS 10S ( MONTERU KIDS),115,,,Luton Hospital,,,,1,115,https://i.postimg.cc/s24h1HsW/pharma-1.png,,
LUTON-2287,MONTELUKAST 5MG CHEWABLE TABLETS 28S (DENK AIR 5MG ),90,,,Luton Hospital,,,,1,90,https://i.postimg.cc/s24h1HsW/pharma-1.png,,
LUTON-2288,MONTELUKAST PAEDIATRIC (MONTIGET 4MG SATCHETS),57,,,Luton Hospital,,,,1,57,https://i.postimg.cc/s24h1HsW/pharma-1.png,,
LUTON-2289,MONTELUKAST/LEVOCETRIZINE 10/5MG (L -MONTUS),90,,,Luton Hospital,,,,1,90,https://i.postimg.cc/s24h1HsW/pharma-1.png,,
LUTON-2290,MONTELUKAST/LEVOCETRIZINE 10/5MG TABS (DISMONT),45,,,Luton Hospital,,,,1,45,https://i.postimg.cc/s24h1HsW/pharma-1.png,,
LUTON-2291,MONTELUKAST+LEVOCETRIZINE SYRUP 100ML (MONTESAF),700,,,Luton Hospital,,,,1,700,https://i.postimg.cc/s24h1HsW/pharma-1.png,,
LUTON-2292,MONTELUKAST+LEVOCETRIZINE SYRUP 60ML (TELOVA SYRUP),850,,,Luton Hospital,,,,1,850,https://i.postimg.cc/s24h1HsW/pharma-1.png,,
LUTON-2293,MONTYFIX,75,,,Luton Hospital,,,,1,75,https://i.postimg.cc/s24h1HsW/pharma-1.png,,
LUTON-2294,MORCET 10 MG (ESCITALOPRAM),90,,,Luton Hospital,,,,1,90,https://i.postimg.cc/s24h1HsW/pharma-1.png,,
LUTON-2295,MORCET 20 MG (ESCITALOPRAM),98,,,Luton Hospital,,,,1,98,https://i.postimg.cc/s24h1HsW/pharma-1.png,,
LUTON-2296,MORHINE SYRUP 10MG/ 1ML 100ML,"1,050.00",,,Luton Hospital,,,,1,"1,050.00",https://i.postimg.cc/s24h1HsW/pharma-1.png,,
LUTON-2297,MORPHINE 10MG TABLETS,100,,,Luton Hospital,,,,1,100,https://i.postimg.cc/s24h1HsW/pharma-1.png,,
LUTON-2298,"MORPHINE 10MG/1ML INJECTION, 1ML","1,485.00",,,Luton Hospital,,,,1,"1,485.00",https://i.postimg.cc/s24h1HsW/pharma-1.png,,
LUTON-2299,MORPHINE INJECTION,"1,000.00",,,Luton Hospital,,,,1,"1,000.00",https://i.postimg.cc/s24h1HsW/pharma-1.png,,
LUTON-2300,MORPHINE SYRUP 100ML,"1,050.00",,,Luton Hospital,,,,1,"1,050.00",https://i.postimg.cc/s24h1HsW/pharma-1.png,,
LUTON-2301,MORPHINE SYRUP 10MG/1ML,"1,050.00",,,Luton Hospital,,,,1,"1,050.00",https://i.postimg.cc/s24h1HsW/pharma-1.png,,
LUTON-2302,MORRIS RETRACTORS,"2,800.00",,,Luton Hospital,,,,1,"2,800.00",https://i.postimg.cc/s24h1HsW/pharma-1.png,,
LUTON-2303,MOTHER & BABY HANDBOOK,0,,,Luton Hospital,,,,1,0,https://i.postimg.cc/s24h1HsW/pharma-1.png,,
LUTON-2304,MOUTH WASH (KIN GINGIVAL) 250ML,"1,470.00",,,Luton Hospital,,,,1,"1,470.00",https://i.postimg.cc/s24h1HsW/pharma-1.png,,
LUTON-2305,MOUTH WASH GARGLE,350,,,Luton Hospital,,,,1,350,https://i.postimg.cc/s24h1HsW/pharma-1.png,,
LUTON-2306,MOUTHWASH (HC-DINE) 100ML,400,,,Luton Hospital,,,,1,400,https://i.postimg.cc/s24h1HsW/pharma-1.png,,
LUTON-2307,MOUTHWASH TABLETS,0,,,Luton Hospital,,,,1,0,https://i.postimg.cc/s24h1HsW/pharma-1.png,,
LUTON-2308,MOVICOL SATCHETS PAED,90,,,Luton Hospital,,,,1,90,https://i.postimg.cc/s24h1HsW/pharma-1.png,,
LUTON-2309,MOXIFLOXACIN 400MG ( FLOXSAFE )5S,230,,,Luton Hospital,,,,1,230,https://i.postimg.cc/s24h1HsW/pharma-1.png,,
LUTON-2310,MOXIFLOXACIN 400MG/250ML,420,,,Luton Hospital,,,,1,420,https://i.postimg.cc/s24h1HsW/pharma-1.png,,
LUTON-2311,MUCOTHIOL 5% SYRUP 125ML,200,,,Luton Hospital,,,,1,200,https://i.postimg.cc/s24h1HsW/pharma-1.png,,
LUTON-2312,MUCOTHIOL PROMETHAZINE SYRUP 125ML,250,,,Luton Hospital,,,,1,250,https://i.postimg.cc/s24h1HsW/pharma-1.png,,
LUTON-2313,MULTINERVE VITAMINS AND MINERALS SYRUP 200ML,450,,,Luton Hospital,,,,1,450,https://i.postimg.cc/s24h1HsW/pharma-1.png,,
LUTON-2314,MULTIPLE BAND LIGATOR SET,"12,000.00",,,Luton Hospital,,,,1,"12,000.00",https://i.postimg.cc/s24h1HsW/pharma-1.png,,
LUTON-2315,MULTIVITAMIN 200ML SYRUP (CRECHE GUARD SYR 1-3YRS),"1,500.00",,,Luton Hospital,,,,1,"1,500.00",https://i.postimg.cc/s24h1HsW/pharma-1.png,,
LUTON-2316,MULTIVITAMIN 60ML (ENERVIT),80,,,Luton Hospital,,,,1,80,https://i.postimg.cc/s24h1HsW/pharma-1.png,,
LUTON-2317,MULTIVITAMIN DROPS (ABIDEC),"2,100.00",,,Luton Hospital,,,,1,"2,100.00",https://i.postimg.cc/s24h1HsW/pharma-1.png,,
LUTON-2318,MULTIVITAMIN DROPS (MIXAVIT DROPS 15ML),800,,,Luton Hospital,,,,1,800,https://i.postimg.cc/s24h1HsW/pharma-1.png,,
LUTON-2319,MULTIVITAMIN PLUS CAPSULE,30,,,Luton Hospital,,,,1,30,https://i.postimg.cc/s24h1HsW/pharma-1.png,,
LUTON-2320,MULTIVITAMIN PLUS CAPULE,0,,,Luton Hospital,,,,1,0,https://i.postimg.cc/s24h1HsW/pharma-1.png,,
LUTON-2321,MULTIVITAMIN SUPPLEMENTS (LIVOLIN FORTE) 30S,60,,,Luton Hospital,,,,1,60,https://i.postimg.cc/s24h1HsW/pharma-1.png,,
LUTON-2322,MULTIVITAMIN SYRUP 100ML (DAWAVITE),250,,,Luton Hospital,,,,1,250,https://i.postimg.cc/s24h1HsW/pharma-1.png,,
LUTON-2323,MULTIVITAMIN SYRUP 100ML (REVAM KIDS),450,,,Luton Hospital,,,,1,450,https://i.postimg.cc/s24h1HsW/pharma-1.png,,
LUTON-2324,MULTIVITAMIN SYRUP 100ML (TRES-ORIX),800,,,Luton Hospital,,,,1,800,https://i.postimg.cc/s24h1HsW/pharma-1.png,,
LUTON-2325,MULTIVITAMIN SYRUP 100ML (UROXIA),500,,,Luton Hospital,,,,1,500,https://i.postimg.cc/s24h1HsW/pharma-1.png,,
LUTON-2326,MULTIVITAMIN SYRUP 150ML (TRIMETABOL ),"1,100.00",,,Luton Hospital,,,,1,"1,100.00",https://i.postimg.cc/s24h1HsW/pharma-1.png,,
LUTON-2327,MULTIVITAMIN SYRUP 200ML (KIDDI PHARMATON 200ML),"1,500.00",,,Luton Hospital,,,,1,"1,500.00",https://i.postimg.cc/s24h1HsW/pharma-1.png,,
LUTON-2328,MULTIVITAMIN TABS 1000S,10,,,Luton Hospital,,,,1,10,https://i.postimg.cc/s24h1HsW/pharma-1.png,,
LUTON-2329,MULTIVITAMIN WITH OMEGA 3 TABLETS (MUMFIT DHA),80,,,Luton Hospital,,,,1,80,https://i.postimg.cc/s24h1HsW/pharma-1.png,,
LUTON-2330,MULTIVITAMIN/MINERAL SUPPLEMENT 200ML SYRUP (FILWEL KIDS),"1,500.00",,,Luton Hospital,,,,1,"1,500.00",https://i.postimg.cc/s24h1HsW/pharma-1.png,,
LUTON-2331,MULTIVITAMINS AND CAFFEINE TABS 20S (ETAB BOOST),"1,500.00",,,Luton Hospital,,,,1,"1,500.00",https://i.postimg.cc/s24h1HsW/pharma-1.png,,
LUTON-2332,MUPIROCIN 2% /BECLOMETHASONE 0.025% OINTMENT (ZUPRICIN B),900,,,Luton Hospital,,,,1,900,https://i.postimg.cc/s24h1HsW/pharma-1.png,,
LUTON-2333,MUPIROCIN 2% OINTMENT 15GM (MUPIBAN),450,,,Luton Hospital,,,,1,450,https://i.postimg.cc/s24h1HsW/pharma-1.png,,
LUTON-2334,MUPIROCIN OINTMENT (ZUPRICIN),800,,,Luton Hospital,,,,1,800,https://i.postimg.cc/s24h1HsW/pharma-1.png,,
LUTON-2335,MUPIROCIN/BETAMETHASONE OINTMENT 15G (ZUPRICIN B),800,,,Luton Hospital,,,,1,800,https://i.postimg.cc/s24h1HsW/pharma-1.png,,
LUTON-2336,MVA KIT DOUBLE,"9,750.00",,,Luton Hospital,,,,1,"9,750.00",https://i.postimg.cc/s24h1HsW/pharma-1.png,,
LUTON-2337,MYCOPHENOLATE TAB 360MG,220,,,Luton Hospital,,,,1,220,https://i.postimg.cc/s24h1HsW/pharma-1.png,,
LUTON-2338,MYCOTA POWER 70G,"1,050.00",,,Luton Hospital,,,,1,"1,050.00",https://i.postimg.cc/s24h1HsW/pharma-1.png,,
LUTON-2339,MYLAR STRIPS,"1,201.00",,,Luton Hospital,,,,1,"1,201.00",https://i.postimg.cc/s24h1HsW/pharma-1.png,,
LUTON-2340,"MYOINOSITOL, COENZYME Q10, GLUTATHIONE, ASTAXANTHIN, LYCOPENE VITAMINS AND MINERALS (MYOATOM M)",130,,,Luton Hospital,,,,1,130,https://i.postimg.cc/s24h1HsW/pharma-1.png,,
LUTON-2341,"MYOINOSITOL, D-CHIRO INOSITOL , VITAMINS AND AMINO ACIDS (MYOATOM DS PLUS )",120,,,Luton Hospital,,,,1,120,https://i.postimg.cc/s24h1HsW/pharma-1.png,,
LUTON-2342,"MYOINOSITOL, D-CHIRO INOSITOL AND VIT D3 CAPS (MYOATOM )",130,,,Luton Hospital,,,,1,130,https://i.postimg.cc/s24h1HsW/pharma-1.png,,
LUTON-2343,MYOZOX,30,,,Luton Hospital,,,,1,30,https://i.postimg.cc/s24h1HsW/pharma-1.png,,
LUTON-2344,MYOZOX TABS,30,,,Luton Hospital,,,,1,30,https://i.postimg.cc/s24h1HsW/pharma-1.png,,
LUTON-2345,MZ CAL PLUS SUSPENSION 200ML,660,,,Luton Hospital,,,,1,660,https://i.postimg.cc/s24h1HsW/pharma-1.png,,
LUTON-2346,N FLOW MASK PAED(SMALL),"4,065.00",,,Luton Hospital,,,,1,"4,065.00",https://i.postimg.cc/s24h1HsW/pharma-1.png,,
LUTON-2347,N FLOW NASAL PRONGS(SMALL),"4,065.00",,,Luton Hospital,,,,1,"4,065.00",https://i.postimg.cc/s24h1HsW/pharma-1.png,,
LUTON-2348,N95 MASK,310,,,Luton Hospital,,,,1,310,https://i.postimg.cc/s24h1HsW/pharma-1.png,,
LUTON-2349,NALEPSIN,870,,,Luton Hospital,,,,1,870,https://i.postimg.cc/s24h1HsW/pharma-1.png,,
LUTON-2350,NALOXONE HCL SPRAY,"1,000.00",,,Luton Hospital,,,,1,"1,000.00",https://i.postimg.cc/s24h1HsW/pharma-1.png,,
LUTON-2351,NALOXONE INJ 0.4MG/ML,860,,,Luton Hospital,,,,1,860,https://i.postimg.cc/s24h1HsW/pharma-1.png,,
LUTON-2352,NALTREXONE 50MG TABS,"1,200.00",,,Luton Hospital,,,,1,"1,200.00",https://i.postimg.cc/s24h1HsW/pharma-1.png,,
LUTON-2353,NAN POWDER,"2,100.00",,,Luton Hospital,,,,1,"2,100.00",https://i.postimg.cc/s24h1HsW/pharma-1.png,,
LUTON-2354,NANOCALCIUM & NANOVITAMIN D3 TABS (NANOCALCIM),60,,,Luton Hospital,,,,1,60,https://i.postimg.cc/s24h1HsW/pharma-1.png,,
LUTON-2355,NAPROXEN 500MG + ESOMEPRAZOLE 20MG SR TABS 20S (NAPRO-ES 500),90,,,Luton Hospital,,,,1,90,https://i.postimg.cc/s24h1HsW/pharma-1.png,,
LUTON-2356,NAPROXEN DELAYED RELEASE AND ESOMEPRAZOLE TABLETS (XENOZ),100,,,Luton Hospital,,,,1,100,https://i.postimg.cc/s24h1HsW/pharma-1.png,,
LUTON-2357,NAPROXEN TABLETS 500MG 30S (MEPROX),50,,,Luton Hospital,,,,1,50,https://i.postimg.cc/s24h1HsW/pharma-1.png,,
LUTON-2358,NASAL PRONG (0),"1,275.00",,,Luton Hospital,,,,1,"1,275.00",https://i.postimg.cc/s24h1HsW/pharma-1.png,,
LUTON-2359,NASAL PRONG (000),"1,275.00",,,Luton Hospital,,,,1,"1,275.00",https://i.postimg.cc/s24h1HsW/pharma-1.png,,
LUTON-2360,NASAL PRONGS (NEONATE),300,,,Luton Hospital,,,,1,300,https://i.postimg.cc/s24h1HsW/pharma-1.png,,
LUTON-2361,NASAL PRONGS (PEADS),400,,,Luton Hospital,,,,1,400,https://i.postimg.cc/s24h1HsW/pharma-1.png,,
LUTON-2362,NASAL PRONGS(ADULT),300,,,Luton Hospital,,,,1,300,https://i.postimg.cc/s24h1HsW/pharma-1.png,,
LUTON-2363,NATOCARE PLUS(DHA),"1,900.00",,,Luton Hospital,,,,1,"1,900.00",https://i.postimg.cc/s24h1HsW/pharma-1.png,,
LUTON-2364,NATRIXAM 1.5/5MG,60,,,Luton Hospital,,,,1,60,https://i.postimg.cc/s24h1HsW/pharma-1.png,,
LUTON-2365,NATUS BILIBAND PHOTOTHERAPY EYE MASK-PREMATURE,"12,300.00",,,Luton Hospital,,,,1,"12,300.00",https://i.postimg.cc/s24h1HsW/pharma-1.png,,
LUTON-2366,NEBICARD 5MG (NEBIVELOL),50,,,Luton Hospital,,,,1,50,https://i.postimg.cc/s24h1HsW/pharma-1.png,,
LUTON-2367,NEBIVOLOL 5MG TABLETS (NEBILONG 5MG),60,,,Luton Hospital,,,,1,60,https://i.postimg.cc/s24h1HsW/pharma-1.png,,
LUTON-2368,NEBIVOLOL 2.5MG ( NEBICARD )30S,25,,,Luton Hospital,,,,1,25,https://i.postimg.cc/s24h1HsW/pharma-1.png,,
LUTON-2369,NEBIVOLOL 5MG & S-AMLODIPINE 2.5MG TABLETS (NEBIDAY AM),75,,,Luton Hospital,,,,1,75,https://i.postimg.cc/s24h1HsW/pharma-1.png,,
LUTON-2370,NEBIVOLOL 5MG ( NEBI-5),50,,,Luton Hospital,,,,1,50,https://i.postimg.cc/s24h1HsW/pharma-1.png,,
LUTON-2371,NEBIVOLOL 5MG (HYROCHLOROTHIAZIDE 12.5MG),75,,,Luton Hospital,,,,1,75,https://i.postimg.cc/s24h1HsW/pharma-1.png,,
LUTON-2372,NEBIVOLOL 5MG (S-AMLODIPINE 2.5MG),81,,,Luton Hospital,,,,1,81,https://i.postimg.cc/s24h1HsW/pharma-1.png,,
LUTON-2373,NEBIVOLOL 5MG TABLETS,50,,,Luton Hospital,,,,1,50,https://i.postimg.cc/s24h1HsW/pharma-1.png,,
LUTON-2374,NEBIVOLOL 5MG TABS (NEBILET) 28S,160,,,Luton Hospital,,,,1,160,https://i.postimg.cc/s24h1HsW/pharma-1.png,,
LUTON-2375,NEBIVOLOL 5MG/AMLODIPINE 5MG (NEBILONG AM),70,,,Luton Hospital,,,,1,70,https://i.postimg.cc/s24h1HsW/pharma-1.png,,
LUTON-2376,NEBIVOLOL 5MG/HCTZ 12.5MG TABS 30S (NEBILONG H),70,,,Luton Hospital,,,,1,70,https://i.postimg.cc/s24h1HsW/pharma-1.png,,
LUTON-2377,NEBULIZER BREATHING KIT- NEONATAL,"1,380.00",,,Luton Hospital,,,,1,"1,380.00",https://i.postimg.cc/s24h1HsW/pharma-1.png,,
LUTON-2378,NEBULIZER BREATHING KIT- PAEDS,630,,,Luton Hospital,,,,1,630,https://i.postimg.cc/s24h1HsW/pharma-1.png,,
LUTON-2379,NEBULIZER BREATHING KIT-ADUT,630,,,Luton Hospital,,,,1,630,https://i.postimg.cc/s24h1HsW/pharma-1.png,,
LUTON-2380,NEBULIZER MASK (ADULT),500,,,Luton Hospital,,,,1,500,https://i.postimg.cc/s24h1HsW/pharma-1.png,,
LUTON-2381,NEBULIZER MASK (PAED),500,,,Luton Hospital,,,,1,500,https://i.postimg.cc/s24h1HsW/pharma-1.png,,
LUTON-2382,NEBULIZER NON-VENTED MASK (ADULT),"1,800.00",,,Luton Hospital,,,,1,"1,800.00",https://i.postimg.cc/s24h1HsW/pharma-1.png,,
LUTON-2383,NEEDLE HOLDER WEBSTER 13CM,0,,,Luton Hospital,,,,1,0,https://i.postimg.cc/s24h1HsW/pharma-1.png,,
LUTON-2384,NEEDLES 23G(100S),50,,,Luton Hospital,,,,1,50,https://i.postimg.cc/s24h1HsW/pharma-1.png,,
LUTON-2385,NEEDLES G18 (PINK),50,,,Luton Hospital,,,,1,50,https://i.postimg.cc/s24h1HsW/pharma-1.png,,
LUTON-2386,NEEDLES G21 (GREEN),50,,,Luton Hospital,,,,1,50,https://i.postimg.cc/s24h1HsW/pharma-1.png,,
LUTON-2387,NEEDLES G23 (BLUE),50,,,Luton Hospital,,,,1,50,https://i.postimg.cc/s24h1HsW/pharma-1.png,,
LUTON-2388,NEFOPAM 20MG INJECTION (ACUPAN),850,,,Luton Hospital,,,,1,850,https://i.postimg.cc/s24h1HsW/pharma-1.png,,
LUTON-2389,NEOMYCIN/DEXAMETHASONE DROPS,180,,,Luton Hospital,,,,1,180,https://i.postimg.cc/s24h1HsW/pharma-1.png,,
LUTON-2390,NEONATAL AMBUBAG,"4,500.00",,,Luton Hospital,,,,1,"4,500.00",https://i.postimg.cc/s24h1HsW/pharma-1.png,,
LUTON-2391,NEONATAL CIRCUIT BREATHER,"2,025.00",,,Luton Hospital,,,,1,"2,025.00",https://i.postimg.cc/s24h1HsW/pharma-1.png,,
LUTON-2392,NEOPEPTINE DROPS 15ML,375,,,Luton Hospital,,,,1,375,https://i.postimg.cc/s24h1HsW/pharma-1.png,,
LUTON-2393,NEOSTIGMINE 2.5MG/ML INJECTION,450,,,Luton Hospital,,,,1,450,https://i.postimg.cc/s24h1HsW/pharma-1.png,,
LUTON-2394,NERVOPLEX TABS,140,,,Luton Hospital,,,,1,140,https://i.postimg.cc/s24h1HsW/pharma-1.png,,
LUTON-2395,NEURO-FORTE TABLETS,40,,,Luton Hospital,,,,1,40,https://i.postimg.cc/s24h1HsW/pharma-1.png,,
LUTON-2396,NEUROBA 300MG,40,,,Luton Hospital,,,,1,40,https://i.postimg.cc/s24h1HsW/pharma-1.png,,
LUTON-2397,NEUROBION,40,,,Luton Hospital,,,,1,40,https://i.postimg.cc/s24h1HsW/pharma-1.png,,
LUTON-2398,NEUROBION FORTE TABLETS,40,,,Luton Hospital,,,,1,40,https://i.postimg.cc/s24h1HsW/pharma-1.png,,
LUTON-2399,NEUROCARE 25 CAPS 30S,75,,,Luton Hospital,,,,1,75,https://i.postimg.cc/s24h1HsW/pharma-1.png,,
LUTON-2400,NEUROCARE CAPSULES 30S,85,,,Luton Hospital,,,,1,85,https://i.postimg.cc/s24h1HsW/pharma-1.png,,
LUTON-2401,NEUROCARE PLUS CAPS,120,,,Luton Hospital,,,,1,120,https://i.postimg.cc/s24h1HsW/pharma-1.png,,
LUTON-2402,NEURORUBINE FORTE TABLETS,40,,,Luton Hospital,,,,1,40,https://i.postimg.cc/s24h1HsW/pharma-1.png,,
LUTON-2403,NEXPRO 40MG TAB,38,,,Luton Hospital,,,,1,38,https://i.postimg.cc/s24h1HsW/pharma-1.png,,
LUTON-2404,NIACINAMIDE 5% GEL 50ML PUMP (NIACIN B GEL),"2,750.00",,,Luton Hospital,,,,1,"2,750.00",https://i.postimg.cc/s24h1HsW/pharma-1.png,,
LUTON-2405,NICOTINE 21MG PATCHES (NIQUITIN),700,,,Luton Hospital,,,,1,700,https://i.postimg.cc/s24h1HsW/pharma-1.png,,
LUTON-2406,NIFEDI DENK 10MG TAB,30,,,Luton Hospital,,,,1,30,https://i.postimg.cc/s24h1HsW/pharma-1.png,,
LUTON-2407,NIFEDIPINE 10MG TABS 100S (NIFEDIDENK 10),35,,,Luton Hospital,,,,1,35,https://i.postimg.cc/s24h1HsW/pharma-1.png,,
LUTON-2408,NIFEDIPINE 20MG SR (ADALAT RETARD) 60S,70.5,,,Luton Hospital,,,,1,70.5,https://i.postimg.cc/s24h1HsW/pharma-1.png,,
LUTON-2409,NIFEDIPINE 20MG TABS,30,,,Luton Hospital,,,,1,30,https://i.postimg.cc/s24h1HsW/pharma-1.png,,
LUTON-2410,NIFEDIPINE 20MG TABS (NIFEDIDENK 20MG ),40,,,Luton Hospital,,,,1,40,https://i.postimg.cc/s24h1HsW/pharma-1.png,,
LUTON-2411,NIFEDIPINE 20MG/ATENOLOL 50MG,10,,,Luton Hospital,,,,1,10,https://i.postimg.cc/s24h1HsW/pharma-1.png,,
LUTON-2412,NIFEDIPINE 20MG/ATENOLOL 50MG (NILOL),39,,,Luton Hospital,,,,1,39,https://i.postimg.cc/s24h1HsW/pharma-1.png,,
LUTON-2413,NIFEDIPINE(NIRCADIN 20MG),10,,,Luton Hospital,,,,1,10,https://i.postimg.cc/s24h1HsW/pharma-1.png,,
LUTON-2414,NIFURAN 100MG TABLETS 10X10S ( NITROFURATOIN 100MG),30,,,Luton Hospital,,,,1,30,https://i.postimg.cc/s24h1HsW/pharma-1.png,,
LUTON-2415,NIGHT SPLINT-LEFT (LARGE),"6,300.00",,,Luton Hospital,,,,1,"6,300.00",https://i.postimg.cc/s24h1HsW/pharma-1.png,,
LUTON-2416,NIGHT SPLINT-RIGHT(LARGE),"6,300.00",,,Luton Hospital,,,,1,"6,300.00",https://i.postimg.cc/s24h1HsW/pharma-1.png,,
LUTON-2417,NILACID 200ML,440,,,Luton Hospital,,,,1,440,https://i.postimg.cc/s24h1HsW/pharma-1.png,,
LUTON-2418,NILBACT CREAM 30G,248,,,Luton Hospital,,,,1,248,https://i.postimg.cc/s24h1HsW/pharma-1.png,,
LUTON-2419,NIMBEX INJ 2.5MLS 5S,760,,,Luton Hospital,,,,1,760,https://i.postimg.cc/s24h1HsW/pharma-1.png,,
LUTON-2420,NIMENRIX ACWY POWDER 0.5ML 1S,"5,100.00",,,Luton Hospital,,,,1,"5,100.00",https://i.postimg.cc/s24h1HsW/pharma-1.png,,
LUTON-2421,NIMODIPINE 10MG/50ML IV,"2,730.00",,,Luton Hospital,,,,1,"2,730.00",https://i.postimg.cc/s24h1HsW/pharma-1.png,,
LUTON-2422,NIMODIPINE 30MG TABS 100S,170,,,Luton Hospital,,,,1,170,https://i.postimg.cc/s24h1HsW/pharma-1.png,,
LUTON-2423,NINTEDANIB 150MG TABS,900,,,Luton Hospital,,,,1,900,https://i.postimg.cc/s24h1HsW/pharma-1.png,,
LUTON-2424,NITAZOXANIDE 100MG/5ML 30ML SYRUP,450,,,Luton Hospital,,,,1,450,https://i.postimg.cc/s24h1HsW/pharma-1.png,,
LUTON-2425,NITAZOXANIDE 500MG 10S (NIZAL),60,,,Luton Hospital,,,,1,60,https://i.postimg.cc/s24h1HsW/pharma-1.png,,
LUTON-2426,NITAZOXNIDE 500MG ( NETAZOX )6S,80,,,Luton Hospital,,,,1,80,https://i.postimg.cc/s24h1HsW/pharma-1.png,,
LUTON-2427,NITROFURANTOIN 100MG,10,,,Luton Hospital,,,,1,10,https://i.postimg.cc/s24h1HsW/pharma-1.png,,
LUTON-2428,NITROGLYCERINE 25MG/5ML 5S,500,,,Luton Hospital,,,,1,500,https://i.postimg.cc/s24h1HsW/pharma-1.png,,
LUTON-2429,"NIV MASK (FACEFIT, LARGE ADULT)","25,275.00",,,Luton Hospital,,,,1,"25,275.00",https://i.postimg.cc/s24h1HsW/pharma-1.png,,
LUTON-2430,"NIV MASK (X LARGE,ADULT)","25,275.00",,,Luton Hospital,,,,1,"25,275.00",https://i.postimg.cc/s24h1HsW/pharma-1.png,,
LUTON-2431,NON-SETTING CALCIUM HYDROXIDE (CALCIPASTE),0,,,Luton Hospital,,,,1,0,https://i.postimg.cc/s24h1HsW/pharma-1.png,,
LUTON-2432,NON PHARM,0,,,Luton Hospital,,,,1,0,https://i.postimg.cc/s24h1HsW/pharma-1.png,,
LUTON-2433,NON REBREATHING OXYGEN MASK (PAED),375,,,Luton Hospital,,,,1,375,https://i.postimg.cc/s24h1HsW/pharma-1.png,,
LUTON-2434,NON REBREATHING OXYGEN MASK(ADULT),350,,,Luton Hospital,,,,1,350,https://i.postimg.cc/s24h1HsW/pharma-1.png,,
LUTON-2435,NON WOVEN TAPE 2.5CM,100,,,Luton Hospital,,,,1,100,https://i.postimg.cc/s24h1HsW/pharma-1.png,,
LUTON-2436,NON WOVEN WRAPPER 100 BY 100,100,,,Luton Hospital,,,,1,100,https://i.postimg.cc/s24h1HsW/pharma-1.png,,
LUTON-2437,NORADRENALINE 4MG/4ML INJECTION,"1,500.00",,,Luton Hospital,,,,1,"1,500.00",https://i.postimg.cc/s24h1HsW/pharma-1.png,,
LUTON-2438,NORADRENALINE 8MG/4ML INJ,"1,500.00",,,Luton Hospital,,,,1,"1,500.00",https://i.postimg.cc/s24h1HsW/pharma-1.png,,
LUTON-2439,NORASH CREAM,380,,,Luton Hospital,,,,1,380,https://i.postimg.cc/s24h1HsW/pharma-1.png,,
LUTON-2440,NORETHESTERONE 5MG (PRIMOLUT N),70,,,Luton Hospital,,,,1,70,https://i.postimg.cc/s24h1HsW/pharma-1.png,,
LUTON-2441,NORETHISTERONE 5MG (NORCOLUT) 100S,22.5,,,Luton Hospital,,,,1,22.5,https://i.postimg.cc/s24h1HsW/pharma-1.png,,
LUTON-2442,NORFLEX CO TABLETS,45,,,Luton Hospital,,,,1,45,https://i.postimg.cc/s24h1HsW/pharma-1.png,,
LUTON-2443,NORFLEX HEAT RUB,540,,,Luton Hospital,,,,1,540,https://i.postimg.cc/s24h1HsW/pharma-1.png,,
LUTON-2444,NORFLOXACIN 400MG,10,,,Luton Hospital,,,,1,10,https://i.postimg.cc/s24h1HsW/pharma-1.png,,
LUTON-2445,NORFLOXACIN 400MG/TINIDAZOLE 500MG (NORTIZ),71,,,Luton Hospital,,,,1,71,https://i.postimg.cc/s24h1HsW/pharma-1.png,,
LUTON-2446,NORLAB 400MG TABLETS 10X10S (NORFLOXACIN ),550,,,Luton Hospital,,,,1,550,https://i.postimg.cc/s24h1HsW/pharma-1.png,,
LUTON-2447,NORMAL SALINE 0.45(HALF NORMAL SALINE),600,,,Luton Hospital,,,,1,600,https://i.postimg.cc/s24h1HsW/pharma-1.png,,
LUTON-2448,NORMAL SALINE 1 LITRE INFUSION,450,,,Luton Hospital,,,,1,450,https://i.postimg.cc/s24h1HsW/pharma-1.png,,
LUTON-2449,NORMAL SALINE 500ML,310,,,Luton Hospital,,,,1,310,https://i.postimg.cc/s24h1HsW/pharma-1.png,,
LUTON-2450,"NORMAL SALINE INFUSION 0.9%, 500ML",300,,,Luton Hospital,,,,1,300,https://i.postimg.cc/s24h1HsW/pharma-1.png,,
LUTON-2451,NORMAL SALINE NASAL DROPS (NASUCLEAR DROPS) 0.9%W/V,75,,,Luton Hospital,,,,1,75,https://i.postimg.cc/s24h1HsW/pharma-1.png,,
LUTON-2452,NORMAL SALINE NASAL DROPS (SALINAS) 0.9%W/V,100,,,Luton Hospital,,,,1,100,https://i.postimg.cc/s24h1HsW/pharma-1.png,,
LUTON-2453,NORMAL SALINE NASAL DROPS 0.9%W/V,100,,,Luton Hospital,,,,1,100,https://i.postimg.cc/s24h1HsW/pharma-1.png,,
LUTON-2454,NOSIC TABLETS,25,,,Luton Hospital,,,,1,25,https://i.postimg.cc/s24h1HsW/pharma-1.png,,
LUTON-2455,NOSPASUM SYRUP 100ML,75,,,Luton Hospital,,,,1,75,https://i.postimg.cc/s24h1HsW/pharma-1.png,,
LUTON-2456,NOVO FINE INSULIN NEEDLES 8MM,40,,,Luton Hospital,,,,1,40,https://i.postimg.cc/s24h1HsW/pharma-1.png,,
LUTON-2457,NOVOFINE PEN NEEDLE 32G*4MM 100S,50,,,Luton Hospital,,,,1,50,https://i.postimg.cc/s24h1HsW/pharma-1.png,,
LUTON-2458,NOVOMIX FLEXPEN INSULIN,"2,000.00",,,Luton Hospital,,,,1,"2,000.00",https://i.postimg.cc/s24h1HsW/pharma-1.png,,
LUTON-2459,NOVORAPID FLEXPEN 3ML/ 100IU,300,,,Luton Hospital,,,,1,300,https://i.postimg.cc/s24h1HsW/pharma-1.png,,
LUTON-2460,NOVORAPID FLEXPEN 100 U/ML 3ML,"2,650.00",,,Luton Hospital,,,,1,"2,650.00",https://i.postimg.cc/s24h1HsW/pharma-1.png,,
LUTON-2461,NUBIN 10MG,198,,,Luton Hospital,,,,1,198,https://i.postimg.cc/s24h1HsW/pharma-1.png,,
LUTON-2462,NUBIN 20GM,227,,,Luton Hospital,,,,1,227,https://i.postimg.cc/s24h1HsW/pharma-1.png,,
LUTON-2463,NUCLEO C.M.P FORTE,15,,,Luton Hospital,,,,1,15,https://i.postimg.cc/s24h1HsW/pharma-1.png,,
LUTON-2464,NURSING SERVICES PATOGRAPH,0,,,Luton Hospital,,,,1,0,https://i.postimg.cc/s24h1HsW/pharma-1.png,,
LUTON-2465,NUTRICOMP D NEUTRAL,"1,266.00",,,Luton Hospital,,,,1,"1,266.00",https://i.postimg.cc/s24h1HsW/pharma-1.png,,
LUTON-2466,NUTRICOMP D RENAL,597,,,Luton Hospital,,,,1,597,https://i.postimg.cc/s24h1HsW/pharma-1.png,,
LUTON-2467,NUTRICOMP DRINK GLUTAMINE PLUS,"1,266.00",,,Luton Hospital,,,,1,"1,266.00",https://i.postimg.cc/s24h1HsW/pharma-1.png,,
LUTON-2468,NUTRICOMP DRINK PLUS,597,,,Luton Hospital,,,,1,597,https://i.postimg.cc/s24h1HsW/pharma-1.png,,
LUTON-2469,NUTRICOMP ENERGY HP - NEUTRAL 500ML,"1,400.00",,,Luton Hospital,,,,1,"1,400.00",https://i.postimg.cc/s24h1HsW/pharma-1.png,,
LUTON-2470,NUTRICOMP ENERGY HP FIBRE - NEUTRAL 100ML,"1,750.00",,,Luton Hospital,,,,1,"1,750.00",https://i.postimg.cc/s24h1HsW/pharma-1.png,,
LUTON-2471,NUTRICOMP ENERGY HP FIBRE - NEUTRAL 500ML,"1,450.00",,,Luton Hospital,,,,1,"1,450.00",https://i.postimg.cc/s24h1HsW/pharma-1.png,,
LUTON-2472,NUTRICOMP STANDARD FIBRE - NEUTRAL 1000ML,"1,850.00",,,Luton Hospital,,,,1,"1,850.00",https://i.postimg.cc/s24h1HsW/pharma-1.png,,
LUTON-2473,NUTRICOMP STANDARD FIBRE - NEUTRAL 500ML,"1,050.00",,,Luton Hospital,,,,1,"1,050.00",https://i.postimg.cc/s24h1HsW/pharma-1.png,,
LUTON-2474,NUTRIFLEX LIPID SPECIAL 1250ML,"7,050.00",,,Luton Hospital,,,,1,"7,050.00",https://i.postimg.cc/s24h1HsW/pharma-1.png,,
LUTON-2475,NUTRITIONAL FEEDS 400GM (F-75),"5,500.00",,,Luton Hospital,,,,1,"5,500.00",https://i.postimg.cc/s24h1HsW/pharma-1.png,,
LUTON-2476,NUTRITIONAL SUPPLEMENTS (NEOGADINE ELIXIR) 150ML,405,,,Luton Hospital,,,,1,405,https://i.postimg.cc/s24h1HsW/pharma-1.png,,
LUTON-2477,NUTRITIONAL SUPPLEMENTS 400MG TIN (F-100),"5,500.00",,,Luton Hospital,,,,1,"5,500.00",https://i.postimg.cc/s24h1HsW/pharma-1.png,,
LUTON-2478,NYLON 1 REVERSE CUTTING,200,,,Luton Hospital,,,,1,200,https://i.postimg.cc/s24h1HsW/pharma-1.png,,
LUTON-2479,NYLON 2/0 REVERSE CUTTING,500,,,Luton Hospital,,,,1,500,https://i.postimg.cc/s24h1HsW/pharma-1.png,,
LUTON-2480,NYLON 2/0 ROUND BODY,250,,,Luton Hospital,,,,1,250,https://i.postimg.cc/s24h1HsW/pharma-1.png,,
LUTON-2481,NYLON 3/0 REVERSE CUTTING,200,,,Luton Hospital,,,,1,200,https://i.postimg.cc/s24h1HsW/pharma-1.png,,
LUTON-2482,NYLON 3/0 ROUND BODY,500,,,Luton Hospital,,,,1,500,https://i.postimg.cc/s24h1HsW/pharma-1.png,,
LUTON-2483,NYLON 4/0 RC,219,,,Luton Hospital,,,,1,219,https://i.postimg.cc/s24h1HsW/pharma-1.png,,
LUTON-2484,NYLON 4/0 TAPER POINT,251,,,Luton Hospital,,,,1,251,https://i.postimg.cc/s24h1HsW/pharma-1.png,,
LUTON-2485,NYLON 5/0 RC,314,,,Luton Hospital,,,,1,314,https://i.postimg.cc/s24h1HsW/pharma-1.png,,
LUTON-2486,NYLON 6/0 RC,375,,,Luton Hospital,,,,1,375,https://i.postimg.cc/s24h1HsW/pharma-1.png,,
LUTON-2487,NYLON LOOP 1 RB,575,,,Luton Hospital,,,,1,575,https://i.postimg.cc/s24h1HsW/pharma-1.png,,
LUTON-2488,NYLON LOOP 1 RC,575,,,Luton Hospital,,,,1,575,https://i.postimg.cc/s24h1HsW/pharma-1.png,,
LUTON-2489,NYLON LOOP 2 RC,575,,,Luton Hospital,,,,1,575,https://i.postimg.cc/s24h1HsW/pharma-1.png,,
LUTON-2490,NYLON ROUND BODY 1,200,,,Luton Hospital,,,,1,200,https://i.postimg.cc/s24h1HsW/pharma-1.png,,
LUTON-2491,NYLON ROUND BODY 2,200,,,Luton Hospital,,,,1,200,https://i.postimg.cc/s24h1HsW/pharma-1.png,,
LUTON-2492,NYLON SUTURE 3/8 CIRCLES CUTTING,200,,,Luton Hospital,,,,1,200,https://i.postimg.cc/s24h1HsW/pharma-1.png,,
LUTON-2493,NYLON SUTURE 5/8 ROUND BODY,200,,,Luton Hospital,,,,1,200,https://i.postimg.cc/s24h1HsW/pharma-1.png,,
LUTON-2494,NYSTATIN ORAL DROPS 12ML,200,,,Luton Hospital,,,,1,200,https://i.postimg.cc/s24h1HsW/pharma-1.png,,
LUTON-2495,NYSTATIN ORAL DROPS 30ML (NYCOSTAT),150,,,Luton Hospital,,,,1,150,https://i.postimg.cc/s24h1HsW/pharma-1.png,,
LUTON-2496,NYSTATIN/TRIAMCINOLONE/GRAMICIDIN/NEOMYCIN OINTMENT (PANDERM),521,,,Luton Hospital,,,,1,521,https://i.postimg.cc/s24h1HsW/pharma-1.png,,
LUTON-2497,OFFICE DESK (30*48 INCHES),"8,001.00",,,Luton Hospital,,,,1,"8,001.00",https://i.postimg.cc/s24h1HsW/pharma-1.png,,
LUTON-2498,OFLOXACIN 200MG +ORNIDAZOLE 500MG ( OFLONIDA ) 10S,60,,,Luton Hospital,,,,1,60,https://i.postimg.cc/s24h1HsW/pharma-1.png,,
LUTON-2499,OFLOXACIN 200MG +ORNIDAZOLE 500MG ( ORNILOX ) 10S,150,,,Luton Hospital,,,,1,150,https://i.postimg.cc/s24h1HsW/pharma-1.png,,
LUTON-2500,OFLOXACIN 200MG/ORNIDAZOLE 500MG 10S (OJEN-OZ),50,,,Luton Hospital,,,,1,50,https://i.postimg.cc/s24h1HsW/pharma-1.png,,
LUTON-2501,OFLOXACIN 3MG/ML (EXOCIN EYE ),980,,,Luton Hospital,,,,1,980,https://i.postimg.cc/s24h1HsW/pharma-1.png,,
LUTON-2502,OFLOXACIN 400MG,300,,,Luton Hospital,,,,1,300,https://i.postimg.cc/s24h1HsW/pharma-1.png,,
LUTON-2503,OFLOXACIN 400MG (OJEN) 10S,35,,,Luton Hospital,,,,1,35,https://i.postimg.cc/s24h1HsW/pharma-1.png,,
LUTON-2504,OFLOXACIN EYE DROPS (EXOCIN),972,,,Luton Hospital,,,,1,972,https://i.postimg.cc/s24h1HsW/pharma-1.png,,
LUTON-2505,OILATUM EMOLLIENT 250ML,"1,000.00",,,Luton Hospital,,,,1,"1,000.00",https://i.postimg.cc/s24h1HsW/pharma-1.png,,
LUTON-2506,OILATUM SOAP 100MG,"1,000.00",,,Luton Hospital,,,,1,"1,000.00",https://i.postimg.cc/s24h1HsW/pharma-1.png,,
LUTON-2507,OKTREOTID 0.05 MG/ML ( SANDOSTATIN ),"2,500.00",,,Luton Hospital,,,,1,"2,500.00",https://i.postimg.cc/s24h1HsW/pharma-1.png,,
LUTON-2508,OKTREOTID 0.1MG/ML ( SANDOSTATIN ),"2,500.00",,,Luton Hospital,,,,1,"2,500.00",https://i.postimg.cc/s24h1HsW/pharma-1.png,,
LUTON-2509,OLANZAPINE 10 MG ( TOLANZ 10MG ),40,,,Luton Hospital,,,,1,40,https://i.postimg.cc/s24h1HsW/pharma-1.png,,
LUTON-2510,OLANZAPINE 10 MG TABS (DEPREX 10MG ),40,,,Luton Hospital,,,,1,40,https://i.postimg.cc/s24h1HsW/pharma-1.png,,
LUTON-2511,OLANZAPINE 5MG TABS 100S (DEPREX 5MG ),30,,,Luton Hospital,,,,1,30,https://i.postimg.cc/s24h1HsW/pharma-1.png,,
LUTON-2512,OLANZAPINE INJECTION 2MG/ 2ML,"2,000.00",,,Luton Hospital,,,,1,"2,000.00",https://i.postimg.cc/s24h1HsW/pharma-1.png,,
LUTON-2513,OLIVE OIL,0,,,Luton Hospital,,,,1,0,https://i.postimg.cc/s24h1HsW/pharma-1.png,,
LUTON-2514,OLME20H,75,,,Luton Hospital,,,,1,75,https://i.postimg.cc/s24h1HsW/pharma-1.png,,
LUTON-2515,OLMESAR AM 5 (OLMESARTAN 20 MG+ AMLODIPINE 5MG),69,,,Luton Hospital,,,,1,69,https://i.postimg.cc/s24h1HsW/pharma-1.png,,
LUTON-2516,OLMESARTAN 20 MG(AMLODIPINE 5MG),85,,,Luton Hospital,,,,1,85,https://i.postimg.cc/s24h1HsW/pharma-1.png,,
LUTON-2517,OLMESARTAN 20MG,75,,,Luton Hospital,,,,1,75,https://i.postimg.cc/s24h1HsW/pharma-1.png,,
LUTON-2518,OLMESARTAN 20MG TABLETS (OLMIDAY 20),65,,,Luton Hospital,,,,1,65,https://i.postimg.cc/s24h1HsW/pharma-1.png,,
LUTON-2519,OLMESARTAN 20MG/AMLODIPINE 5MG TABLETS (OLMIDAY 20AM),75,,,Luton Hospital,,,,1,75,https://i.postimg.cc/s24h1HsW/pharma-1.png,,
LUTON-2520,OLMESARTAN 40MG,85,,,Luton Hospital,,,,1,85,https://i.postimg.cc/s24h1HsW/pharma-1.png,,
LUTON-2521,OLMESARTAN 40MG TABLETS (OLMIDAY 40),75,,,Luton Hospital,,,,1,75,https://i.postimg.cc/s24h1HsW/pharma-1.png,,
LUTON-2522,OLMESARTAN 40MG/AMLODIPINE 5MG TABLETS (OLMIDAY 40AM),95,,,Luton Hospital,,,,1,95,https://i.postimg.cc/s24h1HsW/pharma-1.png,,
LUTON-2523,OLOPATADINE HCL 0.1% EYE DROPS (ALERCHEK 0.1%),750,,,Luton Hospital,,,,1,750,https://i.postimg.cc/s24h1HsW/pharma-1.png,,
LUTON-2524,"OLOPATADINE HCL 0.1% EYE DROPS, 5ML",620,,,Luton Hospital,,,,1,620,https://i.postimg.cc/s24h1HsW/pharma-1.png,,
LUTON-2525,"OLOPATADINE HCL 0.1% EYE DROPS, 5ML (PATANOL)",950,,,Luton Hospital,,,,1,950,https://i.postimg.cc/s24h1HsW/pharma-1.png,,
LUTON-2526,OLOPATADINE HCL 0.2% EYE DROPS,720,,,Luton Hospital,,,,1,720,https://i.postimg.cc/s24h1HsW/pharma-1.png,,
LUTON-2527,OLOPATADINE HCL 0.2% EYE DROPS (ALERCHEK 0.2%),800,,,Luton Hospital,,,,1,800,https://i.postimg.cc/s24h1HsW/pharma-1.png,,
LUTON-2528,OMEGA-3 FISH OIL (FETO-WELL),"1,800.00",,,Luton Hospital,,,,1,"1,800.00",https://i.postimg.cc/s24h1HsW/pharma-1.png,,
LUTON-2529,OMEGA 3 SOFT GEL CAPS (MEGA 3),40,,,Luton Hospital,,,,1,40,https://i.postimg.cc/s24h1HsW/pharma-1.png,,
LUTON-2530,OMEGA H3 CAPS,47,,,Luton Hospital,,,,1,47,https://i.postimg.cc/s24h1HsW/pharma-1.png,,
LUTON-2531,OMEPRAZOLE 20MG,20,,,Luton Hospital,,,,1,20,https://i.postimg.cc/s24h1HsW/pharma-1.png,,
LUTON-2532,OMEPRAZOLE 20MG ( ULZOL 20 ),10,,,Luton Hospital,,,,1,10,https://i.postimg.cc/s24h1HsW/pharma-1.png,,
LUTON-2533,OMEPRAZOLE 20MG (DAWAPRAZ) 100S,15,,,Luton Hospital,,,,1,15,https://i.postimg.cc/s24h1HsW/pharma-1.png,,
LUTON-2534,OMEPRAZOLE 20MG (OMEPRAGLOBE) 100S,10,,,Luton Hospital,,,,1,10,https://i.postimg.cc/s24h1HsW/pharma-1.png,,
LUTON-2535,OMEPRAZOLE 20MG POWDER (APRAZOLE PLUS),50,,,Luton Hospital,,,,1,50,https://i.postimg.cc/s24h1HsW/pharma-1.png,,
LUTON-2536,OMEPRAZOLE 20MG/DOMPERIDONE 30MG(LIMZER),40,,,Luton Hospital,,,,1,40,https://i.postimg.cc/s24h1HsW/pharma-1.png,,
LUTON-2537,OMEPRAZOLE 40MG (RISEK) 14S CAP,51,,,Luton Hospital,,,,1,51,https://i.postimg.cc/s24h1HsW/pharma-1.png,,
LUTON-2538,OMEPRAZOLE 40MG INJ,500,,,Luton Hospital,,,,1,500,https://i.postimg.cc/s24h1HsW/pharma-1.png,,
LUTON-2539,OMNISCAN 0.5/20ML,"4,200.00",,,Luton Hospital,,,,1,"4,200.00",https://i.postimg.cc/s24h1HsW/pharma-1.png,,
LUTON-2540,OMRON M1 BASIC BP MACHINE,"4,800.00",,,Luton Hospital,,,,1,"4,800.00",https://i.postimg.cc/s24h1HsW/pharma-1.png,,
LUTON-2541,ON CALL PLUS BLOOD GLUCOSE GLUCOMETER TEST STRIPS 50S,"2,100.00",,,Luton Hospital,,,,1,"2,100.00",https://i.postimg.cc/s24h1HsW/pharma-1.png,,
LUTON-2542,ONDANSETRON SYRUP 30MLS (VOMIGO),300,,,Luton Hospital,,,,1,300,https://i.postimg.cc/s24h1HsW/pharma-1.png,,
LUTON-2543,ONDANSETRON 2MG/5ML ORAL SOLUTION 30ML (EMITRON SYRUP),450,,,Luton Hospital,,,,1,450,https://i.postimg.cc/s24h1HsW/pharma-1.png,,
LUTON-2544,ONDANSETRON 4MG TABS (EMITINO),80,,,Luton Hospital,,,,1,80,https://i.postimg.cc/s24h1HsW/pharma-1.png,,
LUTON-2545,ONDANSETRON 4MG (2MG/ML) 2ML (EMITRON INJECTION),700,,,Luton Hospital,,,,1,700,https://i.postimg.cc/s24h1HsW/pharma-1.png,,
LUTON-2546,ONDANSETRON 4MG 10S,65,,,Luton Hospital,,,,1,65,https://i.postimg.cc/s24h1HsW/pharma-1.png,,
LUTON-2547,ONDANSETRON 4MG TABLETS (EMITRON 4MG ),85,,,Luton Hospital,,,,1,85,https://i.postimg.cc/s24h1HsW/pharma-1.png,,
LUTON-2548,ONDANSETRON 4MG TABLETS (ONDEX MD 4MG),45,,,Luton Hospital,,,,1,45,https://i.postimg.cc/s24h1HsW/pharma-1.png,,
LUTON-2549,ONDANSETRON 4MG(ONDANSON 4),100,,,Luton Hospital,,,,1,100,https://i.postimg.cc/s24h1HsW/pharma-1.png,,
LUTON-2550,ONDANSETRON 50ML SUSPENSION (VOMIGURD),825,,,Luton Hospital,,,,1,825,https://i.postimg.cc/s24h1HsW/pharma-1.png,,
LUTON-2551,ONDANSETRON 8MG (4MG/2ML INJ 4ML 5S,700,,,Luton Hospital,,,,1,700,https://i.postimg.cc/s24h1HsW/pharma-1.png,,
LUTON-2552,ONDANSETRON 8MG TABLETS (EMITINO),130,,,Luton Hospital,,,,1,130,https://i.postimg.cc/s24h1HsW/pharma-1.png,,
LUTON-2553,ONDANSETRON 8MG TABLETS (ONDEX MD 8MG),85,,,Luton Hospital,,,,1,85,https://i.postimg.cc/s24h1HsW/pharma-1.png,,
LUTON-2554,ONDANSETRON 8MG TABLETS 10S (ONDANSON 8),90,,,Luton Hospital,,,,1,90,https://i.postimg.cc/s24h1HsW/pharma-1.png,,
LUTON-2555,ONDANSETRON 8MG/4ML,710,,,Luton Hospital,,,,1,710,https://i.postimg.cc/s24h1HsW/pharma-1.png,,
LUTON-2556,ONDANSETRON ORALLY DISINTEGRATING TABLETS 4MG (EMITRON 4),50,,,Luton Hospital,,,,1,50,https://i.postimg.cc/s24h1HsW/pharma-1.png,,
LUTON-2557,ONDANSETRON ORALLY DISINTEGRATING TABLETS 8MG (ONDEX MD 8),60,,,Luton Hospital,,,,1,60,https://i.postimg.cc/s24h1HsW/pharma-1.png,,
LUTON-2558,ONDANSETRON ORALLY DISPERSIBLE TABS ( ZOFRA ODT 4)),80,,,Luton Hospital,,,,1,80,https://i.postimg.cc/s24h1HsW/pharma-1.png,,
LUTON-2559,ONDASENTRON INJECTION 4MG (EMITRON),600,,,Luton Hospital,,,,1,600,https://i.postimg.cc/s24h1HsW/pharma-1.png,,
LUTON-2560,OPALESCENCE 35%,0,,,Luton Hospital,,,,1,0,https://i.postimg.cc/s24h1HsW/pharma-1.png,,
LUTON-2561,OPSITE SPRAY,"2,100.00",,,Luton Hospital,,,,1,"2,100.00",https://i.postimg.cc/s24h1HsW/pharma-1.png,,
LUTON-2562,OPTICAL FRAME,"3,000.00",,,Luton Hospital,,,,1,"3,000.00",https://i.postimg.cc/s24h1HsW/pharma-1.png,,
LUTON-2563,OPTIFER F,"1,614.00",,,Luton Hospital,,,,1,"1,614.00",https://i.postimg.cc/s24h1HsW/pharma-1.png,,
LUTON-2564,OPTIVE PLUS EYE DROPS 10ML,"1,566.00",,,Luton Hospital,,,,1,"1,566.00",https://i.postimg.cc/s24h1HsW/pharma-1.png,,
LUTON-2565,ORAL CARE MOUTH WASH,300,,,Luton Hospital,,,,1,300,https://i.postimg.cc/s24h1HsW/pharma-1.png,,
LUTON-2566,ORAL POLIO VACCINE (OPV),200,,,Luton Hospital,,,,1,200,https://i.postimg.cc/s24h1HsW/pharma-1.png,,
LUTON-2567,ORAL REHYDRATION ORS SOLUTION 200ML (PEDIALYTE),300,,,Luton Hospital,,,,1,300,https://i.postimg.cc/s24h1HsW/pharma-1.png,,
LUTON-2568,ORAL REHYDRATION SALT ORS SATCHETS 1L,60,,,Luton Hospital,,,,1,60,https://i.postimg.cc/s24h1HsW/pharma-1.png,,
LUTON-2569,ORAL REHYDRATION SALTS ORS 4 SATCHETS + ZINC 20MG 10 TABS (DTS Z KIT ),120,,,Luton Hospital,,,,1,120,https://i.postimg.cc/s24h1HsW/pharma-1.png,,
LUTON-2570,ORAL REHYDRATION SOLUTION ORS SATCHETS FOR 500ML (DTS),40,,,Luton Hospital,,,,1,40,https://i.postimg.cc/s24h1HsW/pharma-1.png,,
LUTON-2571,ORAL REHYDRATION SOLUTION ORS WHO FORMULA 1L SATCHET,70,,,Luton Hospital,,,,1,70,https://i.postimg.cc/s24h1HsW/pharma-1.png,,
LUTON-2572,ORAL SALTS/ ZINC SUPLHATE KIT,75,,,Luton Hospital,,,,1,75,https://i.postimg.cc/s24h1HsW/pharma-1.png,,
LUTON-2573,ORASWEET SUGAR FREE 473ML,"7,125.00",,,Luton Hospital,,,,1,"7,125.00",https://i.postimg.cc/s24h1HsW/pharma-1.png,,
LUTON-2574,ORENT PRE & PROBIOTIC SATCHETS 15S WITH ZINC AND VIT C,160,,,Luton Hospital,,,,1,160,https://i.postimg.cc/s24h1HsW/pharma-1.png,,
LUTON-2575,ORGANICAL CALCIUM SUPPLEMENT,55,,,Luton Hospital,,,,1,55,https://i.postimg.cc/s24h1HsW/pharma-1.png,,
LUTON-2576,ORGANICAL TABLETS 30`S,"1,500.00",,,Luton Hospital,,,,1,"1,500.00",https://i.postimg.cc/s24h1HsW/pharma-1.png,,
LUTON-2577,ORNICURA(OFLOXACIN+ORNIDAZOLE),60,,,Luton Hospital,,,,1,60,https://i.postimg.cc/s24h1HsW/pharma-1.png,,
LUTON-2578,ORNIDAZOLE 500MG ( DAZOLIC )100S,50,,,Luton Hospital,,,,1,50,https://i.postimg.cc/s24h1HsW/pharma-1.png,,
LUTON-2579,OROPHARYNGEAL AIWAY ADULT,270,,,Luton Hospital,,,,1,270,https://i.postimg.cc/s24h1HsW/pharma-1.png,,
LUTON-2580,OROPHARYNGEAL AIWAY PAED,270,,,Luton Hospital,,,,1,270,https://i.postimg.cc/s24h1HsW/pharma-1.png,,
LUTON-2581,ORPHENADRINE 100MG TABS (NORFLEX),60,,,Luton Hospital,,,,1,60,https://i.postimg.cc/s24h1HsW/pharma-1.png,,
LUTON-2582,ORTHOBAN,200,,,Luton Hospital,,,,1,200,https://i.postimg.cc/s24h1HsW/pharma-1.png,,
LUTON-2583,ORTHOBAN(SOFTBAN),300,,,Luton Hospital,,,,1,300,https://i.postimg.cc/s24h1HsW/pharma-1.png,,
LUTON-2584,ORTHOPEADIC BANDAGES 4 INCHES,200,,,Luton Hospital,,,,1,200,https://i.postimg.cc/s24h1HsW/pharma-1.png,,
LUTON-2585,ORTHOPEADIC BANDAGES 6 INCHES,200,,,Luton Hospital,,,,1,200,https://i.postimg.cc/s24h1HsW/pharma-1.png,,
LUTON-2586,OSTEO -D ORAL DROPS 15ML,487.5,,,Luton Hospital,,,,1,487.5,https://i.postimg.cc/s24h1HsW/pharma-1.png,,
LUTON-2587,OSTEOCARE LIQUID 200ML,"1,050.00",,,Luton Hospital,,,,1,"1,050.00",https://i.postimg.cc/s24h1HsW/pharma-1.png,,
LUTON-2588,OTILONIUM BROMIDE 40MG TABLETS 30S (SPASMOMEN),90,,,Luton Hospital,,,,1,90,https://i.postimg.cc/s24h1HsW/pharma-1.png,,
LUTON-2589,OTOBIOTIC EAR DROPS,380,,,Luton Hospital,,,,1,380,https://i.postimg.cc/s24h1HsW/pharma-1.png,,
LUTON-2590,OTOREX EAR DROPS(WAX REMOVER),300,,,Luton Hospital,,,,1,300,https://i.postimg.cc/s24h1HsW/pharma-1.png,,
LUTON-2591,OVACARE- MAYO,"2,400.00",,,Luton Hospital,,,,1,"2,400.00",https://i.postimg.cc/s24h1HsW/pharma-1.png,,
LUTON-2592,OVACARE FULL PACK,"2,250.00",,,Luton Hospital,,,,1,"2,250.00",https://i.postimg.cc/s24h1HsW/pharma-1.png,,
LUTON-2593,OXIFAST MR,80,,,Luton Hospital,,,,1,80,https://i.postimg.cc/s24h1HsW/pharma-1.png,,
LUTON-2594,OXYBUTYNIN 5MG,25,,,Luton Hospital,,,,1,25,https://i.postimg.cc/s24h1HsW/pharma-1.png,,
LUTON-2595,OXYGEN FLOWMETER,0,,,Luton Hospital,,,,1,0,https://i.postimg.cc/s24h1HsW/pharma-1.png,,
LUTON-2596,OXYGEN MASK (ADULT),300,,,Luton Hospital,,,,1,300,https://i.postimg.cc/s24h1HsW/pharma-1.png,,
LUTON-2597,OXYGEN MASK (PAEDS),300,,,Luton Hospital,,,,1,300,https://i.postimg.cc/s24h1HsW/pharma-1.png,,
LUTON-2598,OXYGEN MASK NEONATE,450,,,Luton Hospital,,,,1,450,https://i.postimg.cc/s24h1HsW/pharma-1.png,,
LUTON-2599,OXYGEN SENSOR MOX 2,"32,480.00",,,Luton Hospital,,,,1,"32,480.00",https://i.postimg.cc/s24h1HsW/pharma-1.png,,
LUTON-2600,OXYMETAZOLINE 0.025% (UTABON PAED),279,,,Luton Hospital,,,,1,279,https://i.postimg.cc/s24h1HsW/pharma-1.png,,
LUTON-2601,OXYMETAZOLINE 0.05% (UTABON ADULT),300,,,Luton Hospital,,,,1,300,https://i.postimg.cc/s24h1HsW/pharma-1.png,,
LUTON-2602,OXYTOCIN 10 I.U INJ,300,,,Luton Hospital,,,,1,300,https://i.postimg.cc/s24h1HsW/pharma-1.png,,
LUTON-2603,P-PEG KIT SIZE 24,"24,000.00",,,Luton Hospital,,,,1,"24,000.00",https://i.postimg.cc/s24h1HsW/pharma-1.png,,
LUTON-2604,PACKAGING BAG SIZE 1/2,0,,,Luton Hospital,,,,1,0,https://i.postimg.cc/s24h1HsW/pharma-1.png,,
LUTON-2605,PAEDEATRIC DIAPERS- MAXI,47,,,Luton Hospital,,,,1,47,https://i.postimg.cc/s24h1HsW/pharma-1.png,,
LUTON-2606,PANADOL BABY & INFANT 60ML BOTTLE,500,,,Luton Hospital,,,,1,500,https://i.postimg.cc/s24h1HsW/pharma-1.png,,
LUTON-2607,PANADOL COLD & FLU TABLETS 24S,20,,,Luton Hospital,,,,1,20,https://i.postimg.cc/s24h1HsW/pharma-1.png,,
LUTON-2608,PANADOL SUSPENSION 60ML,315,,,Luton Hospital,,,,1,315,https://i.postimg.cc/s24h1HsW/pharma-1.png,,
LUTON-2609,PANCREATIN 150MG +LIPASE+AMYLASE+PROTEASE ( FIRULYN 150 MG )30S,100,,,Luton Hospital,,,,1,100,https://i.postimg.cc/s24h1HsW/pharma-1.png,,
LUTON-2610,PANCURONIUM 4MG/2ML 10S,400,,,Luton Hospital,,,,1,400,https://i.postimg.cc/s24h1HsW/pharma-1.png,,
LUTON-2611,PANTOPRAZOLE 20MG AND DOMPERIDONE 10MG (PILOT-D),45,,,Luton Hospital,,,,1,45,https://i.postimg.cc/s24h1HsW/pharma-1.png,,
LUTON-2612,PANTOPRAZOLE 40 MG ( PANTONEX DR 40 ) 30S,60,,,Luton Hospital,,,,1,60,https://i.postimg.cc/s24h1HsW/pharma-1.png,,
LUTON-2613,PANTOPRAZOLE 40 MG ( TAPACID ) 1S,"1,200.00",,,Luton Hospital,,,,1,"1,200.00",https://i.postimg.cc/s24h1HsW/pharma-1.png,,
LUTON-2614,PANTOPRAZOLE 40 MG TABS( PANDEV 40),70,,,Luton Hospital,,,,1,70,https://i.postimg.cc/s24h1HsW/pharma-1.png,,
LUTON-2615,PANTOPRAZOLE 40MG + DOMPERIDONE 30MG ( PANTOGERD DSR ),60,,,Luton Hospital,,,,1,60,https://i.postimg.cc/s24h1HsW/pharma-1.png,,
LUTON-2616,PANTOPRAZOLE 40MG + ITOPRIDE (ESQUIRIDE ),60,,,Luton Hospital,,,,1,60,https://i.postimg.cc/s24h1HsW/pharma-1.png,,
LUTON-2617,PANTOPRAZOLE 40MG INJECTION (PANTOCID IV),850,,,Luton Hospital,,,,1,850,https://i.postimg.cc/s24h1HsW/pharma-1.png,,
LUTON-2618,PANTOPRAZOLE 40MG TABS (PANTOCID),90,,,Luton Hospital,,,,1,90,https://i.postimg.cc/s24h1HsW/pharma-1.png,,
LUTON-2619,PANTOPRAZOLE 40MG TABS 60S (PANTAKIND 40),50,,,Luton Hospital,,,,1,50,https://i.postimg.cc/s24h1HsW/pharma-1.png,,
LUTON-2620,PAPAIN-UREA OINTMENT 15GM (DEBRIDACE),770,,,Luton Hospital,,,,1,770,https://i.postimg.cc/s24h1HsW/pharma-1.png,,
LUTON-2621,"PAPAIN, BROMELAIN, SERRATIOPEPTIDASE AND CHEMOTRYPSIN CAPS 30S (ADVENZA)",115,,,Luton Hospital,,,,1,115,https://i.postimg.cc/s24h1HsW/pharma-1.png,,
LUTON-2622,PAPER POINT SIZE 10,0,,,Luton Hospital,,,,1,0,https://i.postimg.cc/s24h1HsW/pharma-1.png,,
LUTON-2623,PAPER POINT SIZE 15,0,,,Luton Hospital,,,,1,0,https://i.postimg.cc/s24h1HsW/pharma-1.png,,
LUTON-2624,PAPER POINT SIZE 20,0,,,Luton Hospital,,,,1,0,https://i.postimg.cc/s24h1HsW/pharma-1.png,,
LUTON-2625,PAPER POINT SIZE 25,0,,,Luton Hospital,,,,1,0,https://i.postimg.cc/s24h1HsW/pharma-1.png,,
LUTON-2626,PAPER POINT SIZE 30,0,,,Luton Hospital,,,,1,0,https://i.postimg.cc/s24h1HsW/pharma-1.png,,
LUTON-2627,PAPER POINT SIZE 35,0,,,Luton Hospital,,,,1,0,https://i.postimg.cc/s24h1HsW/pharma-1.png,,
LUTON-2628,PAPER POINT SIZE 40,0,,,Luton Hospital,,,,1,0,https://i.postimg.cc/s24h1HsW/pharma-1.png,,
LUTON-2629,PARACETAMOL 120MG/5ML 100ML (CALPOL),480,,,Luton Hospital,,,,1,480,https://i.postimg.cc/s24h1HsW/pharma-1.png,,
LUTON-2630,PARACETAMOL EFFERVESCENT TABLET (PARAFAST 500MG) 16S,20,,,Luton Hospital,,,,1,20,https://i.postimg.cc/s24h1HsW/pharma-1.png,,
LUTON-2631,PARACETAMOL /CAFFEINE SOLUBLE TABS (PANADOL EXTRA SOLUBLE),40,,,Luton Hospital,,,,1,40,https://i.postimg.cc/s24h1HsW/pharma-1.png,,
LUTON-2632,PARACETAMOL /CAFFEINE TABS (PANADOL EXTRA),10,,,Luton Hospital,,,,1,10,https://i.postimg.cc/s24h1HsW/pharma-1.png,,
LUTON-2633,PARACETAMOL /CAFFEINE/CODEINE 8MG TABS (PYNSTOP),35,,,Luton Hospital,,,,1,35,https://i.postimg.cc/s24h1HsW/pharma-1.png,,
LUTON-2634,PARACETAMOL /CHLORZOXAZONE(MYOSPAZ),40,,,Luton Hospital,,,,1,40,https://i.postimg.cc/s24h1HsW/pharma-1.png,,
LUTON-2635,PARACETAMOL + CODEIN 10MG ( PARCOTEIN ) 20S,35,,,Luton Hospital,,,,1,35,https://i.postimg.cc/s24h1HsW/pharma-1.png,,
LUTON-2636,PARACETAMOL 1000MG EFFERVESCENT TABLET (EFFERALGAN) 8S,70,,,Luton Hospital,,,,1,70,https://i.postimg.cc/s24h1HsW/pharma-1.png,,
LUTON-2637,PARACETAMOL 1000MG EFFERVESCENT TABLET (PARABUZZ) 8S,50,,,Luton Hospital,,,,1,50,https://i.postimg.cc/s24h1HsW/pharma-1.png,,
LUTON-2638,PARACETAMOL 1000MG EFFERVESCENT TABLET (PARAFAST) 8S,34.5,,,Luton Hospital,,,,1,34.5,https://i.postimg.cc/s24h1HsW/pharma-1.png,,
LUTON-2639,PARACETAMOL 1000MG EFFERVESCENT TABLETS (FEVASTIN ET 1000),50,,,Luton Hospital,,,,1,50,https://i.postimg.cc/s24h1HsW/pharma-1.png,,
LUTON-2640,PARACETAMOL 1000MG EXTENDED RELEASE TABS 30S (XYKAA),55,,,Luton Hospital,,,,1,55,https://i.postimg.cc/s24h1HsW/pharma-1.png,,
LUTON-2641,PARACETAMOL 1000MG SUSTAINED RELEASE TABS (PA12),40,,,Luton Hospital,,,,1,40,https://i.postimg.cc/s24h1HsW/pharma-1.png,,
LUTON-2642,PARACETAMOL 100ML BABY INFANT SYRUP(PANADOL BABY INFANT),550,,,Luton Hospital,,,,1,550,https://i.postimg.cc/s24h1HsW/pharma-1.png,,
LUTON-2643,PARACETAMOL 100ML SYRUP 5 YEARS (PANADOL ELIXIR),550,,,Luton Hospital,,,,1,550,https://i.postimg.cc/s24h1HsW/pharma-1.png,,
LUTON-2644,PARACETAMOL 120MG/ IBUPROFEN 100MG(BETAFEN PLUS),188,,,Luton Hospital,,,,1,188,https://i.postimg.cc/s24h1HsW/pharma-1.png,,
LUTON-2645,PARACETAMOL 120MG/5ML 100 ML SUSP(PAROL SYRUP),280,,,Luton Hospital,,,,1,280,https://i.postimg.cc/s24h1HsW/pharma-1.png,,
LUTON-2646,PARACETAMOL 120MG/5ML 100ML SYRUP (CURAMOL 100ML),100,,,Luton Hospital,,,,1,100,https://i.postimg.cc/s24h1HsW/pharma-1.png,,
LUTON-2647,PARACETAMOL 120MG/5ML 60ML (CALPOL),250,,,Luton Hospital,,,,1,250,https://i.postimg.cc/s24h1HsW/pharma-1.png,,
LUTON-2648,PARACETAMOL 120MG/5ML 60ML SYRUP (CURAMOL),100,,,Luton Hospital,,,,1,100,https://i.postimg.cc/s24h1HsW/pharma-1.png,,
LUTON-2649,PARACETAMOL 162.5MG/BRUFEN 100MG 100ML SYRUP (CINEPAR),375,,,Luton Hospital,,,,1,375,https://i.postimg.cc/s24h1HsW/pharma-1.png,,
LUTON-2650,PARACETAMOL 325MG +THIOCOLCHICOSIDE 2MG ( THIOZONE ),50,,,Luton Hospital,,,,1,50,https://i.postimg.cc/s24h1HsW/pharma-1.png,,
LUTON-2651,PARACETAMOL 325MG AND TRAMADOL 37.5MG EFFERVESCENT TABS (METADOL FIZZ),85,,,Luton Hospital,,,,1,85,https://i.postimg.cc/s24h1HsW/pharma-1.png,,
LUTON-2652,"PARACETAMOL 325MG, PSEUDOEPHEDRINE 15MG AND CHLORPHENIRAMINE 1MG TABS 20S (SNIP COLD & FLU)",20,,,Luton Hospital,,,,1,20,https://i.postimg.cc/s24h1HsW/pharma-1.png,,
LUTON-2653,PARACETAMOL 325MG/PHENYLEPHRINE 10MG/PHENIRAMINE 20MG /ASCORBIC ACID SATCHETS (CURAFLU COLD &FLU),"1,500.00",,,Luton Hospital,,,,1,"1,500.00",https://i.postimg.cc/s24h1HsW/pharma-1.png,,
LUTON-2654,PARACETAMOL 500MG,10,,,Luton Hospital,,,,1,10,https://i.postimg.cc/s24h1HsW/pharma-1.png,,
LUTON-2655,PARACETAMOL 500MG (EFFERVESCENT) TABLETS,20,,,Luton Hospital,,,,1,20,https://i.postimg.cc/s24h1HsW/pharma-1.png,,
LUTON-2656,PARACETAMOL 500MG + CAFFEINE 65MG EFFERVESCENT TABS 8S (PARABUZZ XTRA),40,,,Luton Hospital,,,,1,40,https://i.postimg.cc/s24h1HsW/pharma-1.png,,
LUTON-2657,PARACETAMOL 500MG AND CODEINE 30MG EFFERVESCENT TABS 8S ( EFFERALGAN CODEINE ),80,,,Luton Hospital,,,,1,80,https://i.postimg.cc/s24h1HsW/pharma-1.png,,
LUTON-2658,PARACETAMOL 500MG EFFERVESCENT TABLET (PARABUZZ) 8S,50,,,Luton Hospital,,,,1,50,https://i.postimg.cc/s24h1HsW/pharma-1.png,,
LUTON-2659,PARACETAMOL 500MG TABLETS,10,,,Luton Hospital,,,,1,10,https://i.postimg.cc/s24h1HsW/pharma-1.png,,
LUTON-2660,PARACETAMOL 500MG TABLETS (CAREMOL),10,,,Luton Hospital,,,,1,10,https://i.postimg.cc/s24h1HsW/pharma-1.png,,
LUTON-2661,PARACETAMOL 500MG TABLETS (CETAMOL),10,,,Luton Hospital,,,,1,10,https://i.postimg.cc/s24h1HsW/pharma-1.png,,
LUTON-2662,PARACETAMOL 500MG TABLETS (PAROL TABS),10,,,Luton Hospital,,,,1,10,https://i.postimg.cc/s24h1HsW/pharma-1.png,,
LUTON-2663,PARACETAMOL 500MG TABS,10,,,Luton Hospital,,,,1,10,https://i.postimg.cc/s24h1HsW/pharma-1.png,,
LUTON-2664,PARACETAMOL 60 ML SYRUP,135,,,Luton Hospital,,,,1,135,https://i.postimg.cc/s24h1HsW/pharma-1.png,,
LUTON-2665,PARACETAMOL AND CHLORZOXAZONE TABS (FLEXOR),50,,,Luton Hospital,,,,1,50,https://i.postimg.cc/s24h1HsW/pharma-1.png,,
LUTON-2666,PARACETAMOL EFFERVESCENT (FEVASTIN ET) 1G,40,,,Luton Hospital,,,,1,40,https://i.postimg.cc/s24h1HsW/pharma-1.png,,
LUTON-2667,PARACETAMOL EFFERVESCENT 1000MG TABS (PERFAMOL 1000),60,,,Luton Hospital,,,,1,60,https://i.postimg.cc/s24h1HsW/pharma-1.png,,
LUTON-2668,PARACETAMOL EFFERVESCENT 1000MG TABS(CIPLADON),65,,,Luton Hospital,,,,1,65,https://i.postimg.cc/s24h1HsW/pharma-1.png,,
LUTON-2669,PARACETAMOL EFFERVESCENT 500MG TABS (CIPLADON),33,,,Luton Hospital,,,,1,33,https://i.postimg.cc/s24h1HsW/pharma-1.png,,
LUTON-2670,PARACETAMOL EFFEVERSENT 1G (MICROMOL 1000),40,,,Luton Hospital,,,,1,40,https://i.postimg.cc/s24h1HsW/pharma-1.png,,
LUTON-2671,PARACETAMOL INFUSION 1% W/V (PARAFUSIV),350,,,Luton Hospital,,,,1,350,https://i.postimg.cc/s24h1HsW/pharma-1.png,,
LUTON-2672,PARACETAMOL INFUSION 1% W/V (PCM INFUSION),400,,,Luton Hospital,,,,1,400,https://i.postimg.cc/s24h1HsW/pharma-1.png,,
LUTON-2673,PARACETAMOL SUPPOSITORIES 125MG (ADOL 125MG),55,,,Luton Hospital,,,,1,55,https://i.postimg.cc/s24h1HsW/pharma-1.png,,
LUTON-2674,PARACETAMOL SUPPOSITORIES 125MG (GACET 125MG),75,,,Luton Hospital,,,,1,75,https://i.postimg.cc/s24h1HsW/pharma-1.png,,
LUTON-2675,PARACETAMOL SUPPOSITORIES 250MG (ADOL 250MG),50,,,Luton Hospital,,,,1,50,https://i.postimg.cc/s24h1HsW/pharma-1.png,,
LUTON-2676,PARACETAMOL SUPPOSITORIES 250MG (GACET 250MG),120,,,Luton Hospital,,,,1,120,https://i.postimg.cc/s24h1HsW/pharma-1.png,,
LUTON-2677,PARACETAMOL TABS (PANADOL ADVANCE),10,,,Luton Hospital,,,,1,10,https://i.postimg.cc/s24h1HsW/pharma-1.png,,
LUTON-2678,"PARACETAMOL, PHENYLEPHRINE AND CHLORPHENIRAMINE SYRUP 125/2.5/1MG 120ML (SURDEX)",550,,,Luton Hospital,,,,1,550,https://i.postimg.cc/s24h1HsW/pharma-1.png,,
LUTON-2679,PARACETAMOL/ASPRIN/CAFFEINE TABLETS (HEDEX) PER PAIR,15,,,Luton Hospital,,,,1,15,https://i.postimg.cc/s24h1HsW/pharma-1.png,,
LUTON-2680,PARACETAMOL/CHLORZAXONE(MAYOFAST TABLETS),23,,,Luton Hospital,,,,1,23,https://i.postimg.cc/s24h1HsW/pharma-1.png,,
LUTON-2681,PARACETAMOL/CODEINE 10MG (PARCOTEN),18,,,Luton Hospital,,,,1,18,https://i.postimg.cc/s24h1HsW/pharma-1.png,,
LUTON-2682,PARACETAMOL/DICYCLOVERINE TABS 10S (CYCLOPAM P),25,,,Luton Hospital,,,,1,25,https://i.postimg.cc/s24h1HsW/pharma-1.png,,
LUTON-2683,PARACETAMOL/IBUPROFEN,10,,,Luton Hospital,,,,1,10,https://i.postimg.cc/s24h1HsW/pharma-1.png,,
LUTON-2684,PARACETAMOL/IBUPROFEN SYRUP 100ML (BRUFAMOL),450,,,Luton Hospital,,,,1,450,https://i.postimg.cc/s24h1HsW/pharma-1.png,,
LUTON-2685,PARACETAMOL/IBUPROFEN SYRUP(BETAFEN),188,,,Luton Hospital,,,,1,188,https://i.postimg.cc/s24h1HsW/pharma-1.png,,
LUTON-2686,PARACETAMOL/IBUPROFEN TABLETS (BRUSTAN),20,,,Luton Hospital,,,,1,20,https://i.postimg.cc/s24h1HsW/pharma-1.png,,
LUTON-2687,PARACETAMOL/PHENYLEPHRINE10MG/CHLORPHENIRAMINE2MG 60ML SYRUP (FEBREX PLUS),135,,,Luton Hospital,,,,1,135,https://i.postimg.cc/s24h1HsW/pharma-1.png,,
LUTON-2688,PARAFFIN GAUZE (BACTIGRASS) SIZE 10,400,,,Luton Hospital,,,,1,400,https://i.postimg.cc/s24h1HsW/pharma-1.png,,
LUTON-2689,PARAFFIN GAUZE (BACTIGRASS) SIZE 40,825,,,Luton Hospital,,,,1,825,https://i.postimg.cc/s24h1HsW/pharma-1.png,,
LUTON-2690,PARAFFIN GAUZE (BIOGRAS)SIZE 10,540,,,Luton Hospital,,,,1,540,https://i.postimg.cc/s24h1HsW/pharma-1.png,,
LUTON-2691,PARAFFIN GAUZE 10 BY 10 10S,100,,,Luton Hospital,,,,1,100,https://i.postimg.cc/s24h1HsW/pharma-1.png,,
LUTON-2692,PASSION 4 LIFE - 32FL SUPPLEMENT,"9,500.00",,,Luton Hospital,,,,1,"9,500.00",https://i.postimg.cc/s24h1HsW/pharma-1.png,,
LUTON-2693,PCM SUSPENSION 100ML ( ELYMOL),75,,,Luton Hospital,,,,1,75,https://i.postimg.cc/s24h1HsW/pharma-1.png,,
LUTON-2694,PCM SUSPENSION 100ML ( SKY-MOL),75,,,Luton Hospital,,,,1,75,https://i.postimg.cc/s24h1HsW/pharma-1.png,,
LUTON-2695,PCM SUSPENSION 100ML (PAINIL),75,,,Luton Hospital,,,,1,75,https://i.postimg.cc/s24h1HsW/pharma-1.png,,
LUTON-2696,PCM SUSPENSION 100ML (PYREMOL),75,,,Luton Hospital,,,,1,75,https://i.postimg.cc/s24h1HsW/pharma-1.png,,
LUTON-2697,"PCM,CAFFEINE,CODEINE, DOXYLAMINE TABS 20S (SUREPYN)",20,,,Luton Hospital,,,,1,20,https://i.postimg.cc/s24h1HsW/pharma-1.png,,
LUTON-2698,"PCM,CAFFEINE,CODEINE, DOXYLAMINE TABS 20S (VITAPYN)",20,,,Luton Hospital,,,,1,20,https://i.postimg.cc/s24h1HsW/pharma-1.png,,
LUTON-2699,"PCM,CAFFEINE,CODEINE, DOXYLAMINE(BETAPYN)",35,,,Luton Hospital,,,,1,35,https://i.postimg.cc/s24h1HsW/pharma-1.png,,
LUTON-2700,PCR CALIBRATOR & POSITIVE CONTROL,115,,,Luton Hospital,,,,1,115,https://i.postimg.cc/s24h1HsW/pharma-1.png,,
LUTON-2701,PDS 3/0 REVERSE CUTTING,600,,,Luton Hospital,,,,1,600,https://i.postimg.cc/s24h1HsW/pharma-1.png,,
LUTON-2702,PEANUT BUTTER,90,,,Luton Hospital,,,,1,90,https://i.postimg.cc/s24h1HsW/pharma-1.png,,
LUTON-2703,PEDIAGOLD VANILLA 400GM TIN,"3,500.00",,,Luton Hospital,,,,1,"3,500.00",https://i.postimg.cc/s24h1HsW/pharma-1.png,,
LUTON-2704,PEDIASURE 400G,"3,150.00",,,Luton Hospital,,,,1,"3,150.00",https://i.postimg.cc/s24h1HsW/pharma-1.png,,
LUTON-2705,PEDIASURE POWDER 400G,"3,150.00",,,Luton Hospital,,,,1,"3,150.00",https://i.postimg.cc/s24h1HsW/pharma-1.png,,
LUTON-2706,PEDIASURE POWDER 850G,"2,700.00",,,Luton Hospital,,,,1,"2,700.00",https://i.postimg.cc/s24h1HsW/pharma-1.png,,
LUTON-2707,PEDITRACE IV 10ML,"1,560.00",,,Luton Hospital,,,,1,"1,560.00",https://i.postimg.cc/s24h1HsW/pharma-1.png,,
LUTON-2708,PENILE CATHETER G20,0,,,Luton Hospital,,,,1,0,https://i.postimg.cc/s24h1HsW/pharma-1.png,,
LUTON-2709,PENILE CATHETER G22,0,,,Luton Hospital,,,,1,0,https://i.postimg.cc/s24h1HsW/pharma-1.png,,
LUTON-2710,PENILE CATHETER G24,0,,,Luton Hospital,,,,1,0,https://i.postimg.cc/s24h1HsW/pharma-1.png,,
LUTON-2711,PENTASURE 2.0 400GM VANILLA,"6,000.00",,,Luton Hospital,,,,1,"6,000.00",https://i.postimg.cc/s24h1HsW/pharma-1.png,,
LUTON-2712,PENTASURE CRITIPEP VANILLA SATCHETS 20GM 6S,"3,000.00",,,Luton Hospital,,,,1,"3,000.00",https://i.postimg.cc/s24h1HsW/pharma-1.png,,
LUTON-2713,PENTASURE DM 400GM TIN,"6,000.00",,,Luton Hospital,,,,1,"6,000.00",https://i.postimg.cc/s24h1HsW/pharma-1.png,,
LUTON-2714,PENTOXIFYLLINE ER 400MG TABS,"5,600.00",,,Luton Hospital,,,,1,"5,600.00",https://i.postimg.cc/s24h1HsW/pharma-1.png,,
LUTON-2715,PEPTIGO GEL,240,,,Luton Hospital,,,,1,240,https://i.postimg.cc/s24h1HsW/pharma-1.png,,
LUTON-2716,PERFUSOR LINE,600,,,Luton Hospital,,,,1,600,https://i.postimg.cc/s24h1HsW/pharma-1.png,,
LUTON-2717,PERINDOPRIL 5/INDAPAMIDE 1.25 ( BIPRETERAX 5/1.25MG),"3,300.00",,,Luton Hospital,,,,1,"3,300.00",https://i.postimg.cc/s24h1HsW/pharma-1.png,,
LUTON-2718,PERINDOPRIL/AMLODIPINE 5MG/10MG TABS (COVERAM 5/10),115,,,Luton Hospital,,,,1,115,https://i.postimg.cc/s24h1HsW/pharma-1.png,,
LUTON-2719,PERINDOPRIL/AMLODIPINE 5MG/5MG TABS 30S (COVERAM 5/5),70,,,Luton Hospital,,,,1,70,https://i.postimg.cc/s24h1HsW/pharma-1.png,,
LUTON-2720,PERISTERILE LIQUID,"7,000.00",,,Luton Hospital,,,,1,"7,000.00",https://i.postimg.cc/s24h1HsW/pharma-1.png,,
LUTON-2721,PETHIDINE 100MG INJECTION,500,,,Luton Hospital,,,,1,500,https://i.postimg.cc/s24h1HsW/pharma-1.png,,
LUTON-2722,"PETHIDINE 100MG/2ML, INJECTION",500,,,Luton Hospital,,,,1,500,https://i.postimg.cc/s24h1HsW/pharma-1.png,,
LUTON-2723,"PETHIDINE 50MG/ML INJECTION, 1ML AMP",500,,,Luton Hospital,,,,1,500,https://i.postimg.cc/s24h1HsW/pharma-1.png,,
LUTON-2724,PHENAZONE 4G/LIDOCAINE 1G EAR DROPS (OTIPAX),570,,,Luton Hospital,,,,1,570,https://i.postimg.cc/s24h1HsW/pharma-1.png,,
LUTON-2725,PHENOBARBITAL 30MG 100S,10,,,Luton Hospital,,,,1,10,https://i.postimg.cc/s24h1HsW/pharma-1.png,,
LUTON-2726,PHENOBARBITONE 200MG/ML INJ,350,,,Luton Hospital,,,,1,350,https://i.postimg.cc/s24h1HsW/pharma-1.png,,
LUTON-2727,PHENOBARBITONE 30MG TABLETS,10,,,Luton Hospital,,,,1,10,https://i.postimg.cc/s24h1HsW/pharma-1.png,,
LUTON-2728,PHENOXYMETHYLPENICILLIN 250MG TABLETS (PEN V),20,,,Luton Hospital,,,,1,20,https://i.postimg.cc/s24h1HsW/pharma-1.png,,
LUTON-2729,PHENYLEPHRINE 10MG 1ML (STEROP),600,,,Luton Hospital,,,,1,600,https://i.postimg.cc/s24h1HsW/pharma-1.png,,
LUTON-2730,"PHENYLEPHRINE 50MCG/ML, 10ML PFS","1,800.00",,,Luton Hospital,,,,1,"1,800.00",https://i.postimg.cc/s24h1HsW/pharma-1.png,,
LUTON-2731,PHENYTOIN 100MG/2ML INJECTION,500,,,Luton Hospital,,,,1,500,https://i.postimg.cc/s24h1HsW/pharma-1.png,,
LUTON-2732,PHENYTOIN 250MG/ML 5ML INJ (PHENSOD),800,,,Luton Hospital,,,,1,800,https://i.postimg.cc/s24h1HsW/pharma-1.png,,
LUTON-2733,PHENYTOIN 50MG CAPS (EPANUTIN 50MG ),95,,,Luton Hospital,,,,1,95,https://i.postimg.cc/s24h1HsW/pharma-1.png,,
LUTON-2734,PHENYTOIN TABLETS 100MG(EPANUTIN),41,,,Luton Hospital,,,,1,41,https://i.postimg.cc/s24h1HsW/pharma-1.png,,
LUTON-2735,PHILADELPHIA COLAR (L),"2,775.00",,,Luton Hospital,,,,1,"2,775.00",https://i.postimg.cc/s24h1HsW/pharma-1.png,,
LUTON-2736,PHLOROGLUCINOL 80MG (PHLORO G),120,,,Luton Hospital,,,,1,120,https://i.postimg.cc/s24h1HsW/pharma-1.png,,
LUTON-2737,PHOSPHOLIPID 300MGAND SILYMARIN 70% CAPS (LIVERLIFE PLUS),60,,,Luton Hospital,,,,1,60,https://i.postimg.cc/s24h1HsW/pharma-1.png,,
LUTON-2738,"PHOSPHOLIPIDS, SILYMARIN, VITAMIN E AND B COMPLEX (NAFLIV CAPSULES)",60,,,Luton Hospital,,,,1,60,https://i.postimg.cc/s24h1HsW/pharma-1.png,,
LUTON-2739,PHYSIOGEL A.I CREAM 50ML,"1,000.00",,,Luton Hospital,,,,1,"1,000.00",https://i.postimg.cc/s24h1HsW/pharma-1.png,,
LUTON-2740,PHYSIOGEL CREAM 75ML,950,,,Luton Hospital,,,,1,950,https://i.postimg.cc/s24h1HsW/pharma-1.png,,
LUTON-2741,PHYSIOGEL LOTION,599,,,Luton Hospital,,,,1,599,https://i.postimg.cc/s24h1HsW/pharma-1.png,,
LUTON-2742,PIGEON SUCKER,"1,000.00",,,Luton Hospital,,,,1,"1,000.00",https://i.postimg.cc/s24h1HsW/pharma-1.png,,
LUTON-2743,PIGTAIL CATHETER,"11,900.00",,,Luton Hospital,,,,1,"11,900.00",https://i.postimg.cc/s24h1HsW/pharma-1.png,,
LUTON-2744,PILEGO SATCHETS 5S PER SATCHET,450,,,Luton Hospital,,,,1,450,https://i.postimg.cc/s24h1HsW/pharma-1.png,,
LUTON-2745,PIOGLITAZONE 15MG (PIOGLUC 15MG),312,,,Luton Hospital,,,,1,312,https://i.postimg.cc/s24h1HsW/pharma-1.png,,
LUTON-2746,PIOGLITAZONE 30MG (PIOGLUC 30MG),588,,,Luton Hospital,,,,1,588,https://i.postimg.cc/s24h1HsW/pharma-1.png,,
LUTON-2747,PIPERACILLIN 4000MG/TAZABACTAM 500MG (PIPZO 4.5G),"2,500.00",,,Luton Hospital,,,,1,"2,500.00",https://i.postimg.cc/s24h1HsW/pharma-1.png,,
LUTON-2748,PIPERACILLIN 4GM+TAZOBACTAM 500 MG ( PIPTAZO ) 4.5GM,"2,250.00",,,Luton Hospital,,,,1,"2,250.00",https://i.postimg.cc/s24h1HsW/pharma-1.png,,
LUTON-2749,PIPERACILLIN+TAZOBACTAM 4.5MG ( PEZONEP ),"2,500.00",,,Luton Hospital,,,,1,"2,500.00",https://i.postimg.cc/s24h1HsW/pharma-1.png,,
LUTON-2750,PIPERACILLIN+TAZOBACTAM 4.5MG (TAZOCIN),"3,000.00",,,Luton Hospital,,,,1,"3,000.00",https://i.postimg.cc/s24h1HsW/pharma-1.png,,
LUTON-2751,PIRFENEX 200MG,210,,,Luton Hospital,,,,1,210,https://i.postimg.cc/s24h1HsW/pharma-1.png,,
LUTON-2752,PIRFENIDONE 200MG,150,,,Luton Hospital,,,,1,150,https://i.postimg.cc/s24h1HsW/pharma-1.png,,
LUTON-2753,PIROXICAM 20MG,45,,,Luton Hospital,,,,1,45,https://i.postimg.cc/s24h1HsW/pharma-1.png,,
LUTON-2754,PITAVA 1(PITAVASTATIN),75,,,Luton Hospital,,,,1,75,https://i.postimg.cc/s24h1HsW/pharma-1.png,,
LUTON-2755,PITAVA 2(PITAVASTATIN),75,,,Luton Hospital,,,,1,75,https://i.postimg.cc/s24h1HsW/pharma-1.png,,
LUTON-2756,PITAVA 4,75,,,Luton Hospital,,,,1,75,https://i.postimg.cc/s24h1HsW/pharma-1.png,,
LUTON-2757,PITAVASTATIN 4MG TABS 30S (DIMITROL 4),95,,,Luton Hospital,,,,1,95,https://i.postimg.cc/s24h1HsW/pharma-1.png,,
LUTON-2758,PLASTER OF PARIS 6 INCH,250,,,Luton Hospital,,,,1,250,https://i.postimg.cc/s24h1HsW/pharma-1.png,,
LUTON-2759,PLASTER OF PARIS 8INCH,250,,,Luton Hospital,,,,1,250,https://i.postimg.cc/s24h1HsW/pharma-1.png,,
LUTON-2760,PLEATED FILTERS,"2,000.00",,,Luton Hospital,,,,1,"2,000.00",https://i.postimg.cc/s24h1HsW/pharma-1.png,,
LUTON-2761,PNEUMOCOCCAL VACCINE,200,,,Luton Hospital,,,,1,200,https://i.postimg.cc/s24h1HsW/pharma-1.png,,
LUTON-2762,PODOPHYLLUM RESIN PAINT 10ML(PODOSAL),825,,,Luton Hospital,,,,1,825,https://i.postimg.cc/s24h1HsW/pharma-1.png,,
LUTON-2763,POLIO VACCINE (ADACEL),500,,,Luton Hospital,,,,1,500,https://i.postimg.cc/s24h1HsW/pharma-1.png,,
LUTON-2764,POLISHING BUR,151,,,Luton Hospital,,,,1,151,https://i.postimg.cc/s24h1HsW/pharma-1.png,,
LUTON-2765,POLISHING STRIPS,0,,,Luton Hospital,,,,1,0,https://i.postimg.cc/s24h1HsW/pharma-1.png,,
LUTON-2766,POLYETHYLENE GLYCOL (PEGLEC POWDER),"2,350.00",,,Luton Hospital,,,,1,"2,350.00",https://i.postimg.cc/s24h1HsW/pharma-1.png,,
LUTON-2767,POLYETHYLENE GLYCOL WITH ELECTROLYTES (MOVICOL 13.8GM SATCHETS),130,,,Luton Hospital,,,,1,130,https://i.postimg.cc/s24h1HsW/pharma-1.png,,
LUTON-2768,POLYGYNAX OVULES 6S,810,,,Luton Hospital,,,,1,810,https://i.postimg.cc/s24h1HsW/pharma-1.png,,
LUTON-2769,POLYMIXIN B 500000IU INJ,"6,500.00",,,Luton Hospital,,,,1,"6,500.00",https://i.postimg.cc/s24h1HsW/pharma-1.png,,
LUTON-2770,"POLYMIXIN, DEXAMETHASONE AND NEOMYCIN OPHTHALMIC OINTMENT (MAXITROL OINTMENT)",600,,,Luton Hospital,,,,1,600,https://i.postimg.cc/s24h1HsW/pharma-1.png,,
LUTON-2771,POLYPROPYLENE 2/0 RC,357,,,Luton Hospital,,,,1,357,https://i.postimg.cc/s24h1HsW/pharma-1.png,,
LUTON-2772,POLYPROPYLENE 2/0 TAPER POINT,357,,,Luton Hospital,,,,1,357,https://i.postimg.cc/s24h1HsW/pharma-1.png,,
LUTON-2773,POP 3INCH,38,,,Luton Hospital,,,,1,38,https://i.postimg.cc/s24h1HsW/pharma-1.png,,
LUTON-2774,POP 6INCH,180,,,Luton Hospital,,,,1,180,https://i.postimg.cc/s24h1HsW/pharma-1.png,,
LUTON-2775,Portovac Vaccum Drainage,"2,000.00",,,Luton Hospital,,,,1,"2,000.00",https://i.postimg.cc/s24h1HsW/pharma-1.png,,
LUTON-2776,PORTVAC,"3,000.00",,,Luton Hospital,,,,1,"3,000.00",https://i.postimg.cc/s24h1HsW/pharma-1.png,,
LUTON-2777,POSTINOR-2 (P-2),250,,,Luton Hospital,,,,1,250,https://i.postimg.cc/s24h1HsW/pharma-1.png,,
LUTON-2778,POTASSIUM CHLORIDE INJECTION 15% (KCL 20 MEQ) 10ML AMP,300,,,Luton Hospital,,,,1,300,https://i.postimg.cc/s24h1HsW/pharma-1.png,,
LUTON-2779,POTASSIUM CITRATE 1.5GM/5ML SOLUTION 200ML,"1,250.00",,,Luton Hospital,,,,1,"1,250.00",https://i.postimg.cc/s24h1HsW/pharma-1.png,,
LUTON-2780,POTASSIUM CITRATE+MAGNESIUM CITRATE+PYRIDOXINE ( UROFIT )10S,145,,,Luton Hospital,,,,1,145,https://i.postimg.cc/s24h1HsW/pharma-1.png,,
LUTON-2781,POTASSIUM HYDROXIDE 10% CUTANEOUS SOLUTION (MOLUKOT LOTION),"1,950.00",,,Luton Hospital,,,,1,"1,950.00",https://i.postimg.cc/s24h1HsW/pharma-1.png,,
LUTON-2782,POTASSIUM HYDROXIDE 10% CUTANEOUS SOLUTION 3GM (MOLUTREX/MOLUSK),"3,500.00",,,Luton Hospital,,,,1,"3,500.00",https://i.postimg.cc/s24h1HsW/pharma-1.png,,
LUTON-2783,POTOVAC (G 18),"1,800.00",,,Luton Hospital,,,,1,"1,800.00",https://i.postimg.cc/s24h1HsW/pharma-1.png,,
LUTON-2784,POTOVAC (G14),"1,800.00",,,Luton Hospital,,,,1,"1,800.00",https://i.postimg.cc/s24h1HsW/pharma-1.png,,
LUTON-2785,POTOVAC WOUND DRAINAGE SYSTEM 6MM (1/4),"1,800.00",,,Luton Hospital,,,,1,"1,800.00",https://i.postimg.cc/s24h1HsW/pharma-1.png,,
LUTON-2786,POVIDONE-IODINE 10% 125ML ANTISEPTIC SOLUTION (BETADINE),900,,,Luton Hospital,,,,1,900,https://i.postimg.cc/s24h1HsW/pharma-1.png,,
LUTON-2787,POVIDONE IODINE 1% M/WASH (BETADINE 250ML),"1,370.00",,,Luton Hospital,,,,1,"1,370.00",https://i.postimg.cc/s24h1HsW/pharma-1.png,,
LUTON-2788,POVIDONE IODINE 1% M/WASH (DAWADINE 250ML),250,,,Luton Hospital,,,,1,250,https://i.postimg.cc/s24h1HsW/pharma-1.png,,
LUTON-2789,POVIDONE IODINE 1% MOUTHWASH 125ML (BETADINE),900,,,Luton Hospital,,,,1,900,https://i.postimg.cc/s24h1HsW/pharma-1.png,,
LUTON-2790,POVIDONE IODINE 100ML MOUTHWASH (DAWADINE),500,,,Luton Hospital,,,,1,500,https://i.postimg.cc/s24h1HsW/pharma-1.png,,
LUTON-2791,POVIDONE IODINE ANTISEPTIC 60ML SPRAY(GERMIDINE),800,,,Luton Hospital,,,,1,800,https://i.postimg.cc/s24h1HsW/pharma-1.png,,
LUTON-2792,POVIDONE IODINE SOLN (BETADINE) 5L,"4,000.00",,,Luton Hospital,,,,1,"4,000.00",https://i.postimg.cc/s24h1HsW/pharma-1.png,,
LUTON-2793,POWER CHAIN-CLOSED,0,,,Luton Hospital,,,,1,0,https://i.postimg.cc/s24h1HsW/pharma-1.png,,
LUTON-2794,POWERGESIC GEL 30GM,350,,,Luton Hospital,,,,1,350,https://i.postimg.cc/s24h1HsW/pharma-1.png,,
LUTON-2795,PRALIDOXIME 2MG,"6,500.00",,,Luton Hospital,,,,1,"6,500.00",https://i.postimg.cc/s24h1HsW/pharma-1.png,,
LUTON-2796,PRAZOSIN 1MG TABS (MINIPRESS),50,,,Luton Hospital,,,,1,50,https://i.postimg.cc/s24h1HsW/pharma-1.png,,
LUTON-2797,PREBIOTIC+ PROBIOTIC ( ACTILOSA ) 10S,115,,,Luton Hospital,,,,1,115,https://i.postimg.cc/s24h1HsW/pharma-1.png,,
LUTON-2798,PREBIOTIC+ PROBIOTIC EFFERVESCENT TABS 15S( BIO ACTIFIZZ ),"1,000.00",,,Luton Hospital,,,,1,"1,000.00",https://i.postimg.cc/s24h1HsW/pharma-1.png,,
LUTON-2799,PREBOTAC (PREBIOTIC & PROBIOTIC CAPSULES WITH ZINC),100,,,Luton Hospital,,,,1,100,https://i.postimg.cc/s24h1HsW/pharma-1.png,,
LUTON-2800,PRECEPTS,0,,,Luton Hospital,,,,1,0,https://i.postimg.cc/s24h1HsW/pharma-1.png,,
LUTON-2801,PREDNISOLONE 1% ( PRED-FORTE ),980,,,Luton Hospital,,,,1,980,https://i.postimg.cc/s24h1HsW/pharma-1.png,,
LUTON-2802,PREDNISOLONE 10MG EFFERVESCENT TABS 30S (PRED 10),25,,,Luton Hospital,,,,1,25,https://i.postimg.cc/s24h1HsW/pharma-1.png,,
LUTON-2803,PREDNISOLONE 20MG EFFERVESCENT TABS 20S,30,,,Luton Hospital,,,,1,30,https://i.postimg.cc/s24h1HsW/pharma-1.png,,
LUTON-2804,PREDNISOLONE 20MG EFFERVESCENT TABS 30S (PRED 20),40,,,Luton Hospital,,,,1,40,https://i.postimg.cc/s24h1HsW/pharma-1.png,,
LUTON-2805,PREDNISOLONE 20MG EFFERVESCENTTABS 20S (COTIPRED),60,,,Luton Hospital,,,,1,60,https://i.postimg.cc/s24h1HsW/pharma-1.png,,
LUTON-2806,PREDNISOLONE 5MG TABLETS,5,,,Luton Hospital,,,,1,5,https://i.postimg.cc/s24h1HsW/pharma-1.png,,
LUTON-2807,PREDNISOLONE 5MG/5ML 60ML SYRUP (PREDSOL FORTE),"1,400.00",,,Luton Hospital,,,,1,"1,400.00",https://i.postimg.cc/s24h1HsW/pharma-1.png,,
LUTON-2808,PREDNISOLONE EYE DROPS 5ML (PREDSOL),"1,230.00",,,Luton Hospital,,,,1,"1,230.00",https://i.postimg.cc/s24h1HsW/pharma-1.png,,
LUTON-2809,PREDNISOLONE SYRUP (PREDSOL) 50ML,750,,,Luton Hospital,,,,1,750,https://i.postimg.cc/s24h1HsW/pharma-1.png,,
LUTON-2810,PREDNISOLONE SYRUP 15MG/5ML 50ML (SOLONE),225,,,Luton Hospital,,,,1,225,https://i.postimg.cc/s24h1HsW/pharma-1.png,,
LUTON-2811,PREDROLONE EFFERVERSENT,10,,,Luton Hospital,,,,1,10,https://i.postimg.cc/s24h1HsW/pharma-1.png,,
LUTON-2812,PREGABALIN & METHYLCOBALAMIN CAPSULES (VITANERVE),50,,,Luton Hospital,,,,1,50,https://i.postimg.cc/s24h1HsW/pharma-1.png,,
LUTON-2813,PREGABALIN + METHYLCOBALAMIN TABLETS,70,,,Luton Hospital,,,,1,70,https://i.postimg.cc/s24h1HsW/pharma-1.png,,
LUTON-2814,PREGABALIN 100MG,50,,,Luton Hospital,,,,1,50,https://i.postimg.cc/s24h1HsW/pharma-1.png,,
LUTON-2815,PREGABALIN 150MG,70,,,Luton Hospital,,,,1,70,https://i.postimg.cc/s24h1HsW/pharma-1.png,,
LUTON-2816,PREGABALIN 150MG (LYRICA 150MG),51,,,Luton Hospital,,,,1,51,https://i.postimg.cc/s24h1HsW/pharma-1.png,,
LUTON-2817,PREGABALIN 25 MG ( LYRICA ),100,,,Luton Hospital,,,,1,100,https://i.postimg.cc/s24h1HsW/pharma-1.png,,
LUTON-2818,PREGABALIN 25MG + NORTRIPTYLINE 5MG (PRENOR 25/5),120,,,Luton Hospital,,,,1,120,https://i.postimg.cc/s24h1HsW/pharma-1.png,,
LUTON-2819,PREGABALIN 25MG CAPS 30S (PREGABIN 25),30,,,Luton Hospital,,,,1,30,https://i.postimg.cc/s24h1HsW/pharma-1.png,,
LUTON-2820,PREGABALIN 300MG,21,,,Luton Hospital,,,,1,21,https://i.postimg.cc/s24h1HsW/pharma-1.png,,
LUTON-2821,PREGABALIN 75 MG (PREGAB-Q) 20S,110,,,Luton Hospital,,,,1,110,https://i.postimg.cc/s24h1HsW/pharma-1.png,,
LUTON-2822,PREGABALIN 75MG (EPIBALIN) 30S,40,,,Luton Hospital,,,,1,40,https://i.postimg.cc/s24h1HsW/pharma-1.png,,
LUTON-2823,PREGABALIN 75MG + NORTRIPTYLINE 10MG (PRENOR 75/10),130,,,Luton Hospital,,,,1,130,https://i.postimg.cc/s24h1HsW/pharma-1.png,,
LUTON-2824,PREGABALIN 75MG + NORTRIPTYLINE 10MG TABLETS 10S (PRONERVE NT),120,,,Luton Hospital,,,,1,120,https://i.postimg.cc/s24h1HsW/pharma-1.png,,
LUTON-2825,PREGABALIN 75MG AND METHYLCOBALAMIN 750MCG TABS (PRONERVE),130,,,Luton Hospital,,,,1,130,https://i.postimg.cc/s24h1HsW/pharma-1.png,,
LUTON-2826,PREGABALIN 75MG CAPS (PRINAL 75),60,,,Luton Hospital,,,,1,60,https://i.postimg.cc/s24h1HsW/pharma-1.png,,
LUTON-2827,PREGABALIN 75MG CAPS 30S (PREGABIN),35,,,Luton Hospital,,,,1,35,https://i.postimg.cc/s24h1HsW/pharma-1.png,,
LUTON-2828,PREGABALIN 75MG TABS 28S (LYRICA 75MG ),185,,,Luton Hospital,,,,1,185,https://i.postimg.cc/s24h1HsW/pharma-1.png,,
LUTON-2829,PREGABALIN 75MG/METHYLCOBALMIN 1500MG TABS,130,,,Luton Hospital,,,,1,130,https://i.postimg.cc/s24h1HsW/pharma-1.png,,
LUTON-2830,PREGABALIN 75MG/METHYLCOBALMIN 750MCG (PRONERVE),130,,,Luton Hospital,,,,1,130,https://i.postimg.cc/s24h1HsW/pharma-1.png,,
LUTON-2831,"PREGABALIN, METHYLCOBALAMIN AND VITAMINS TABS 10S (PRONERVE FORTE)",130,,,Luton Hospital,,,,1,130,https://i.postimg.cc/s24h1HsW/pharma-1.png,,
LUTON-2832,PREGNA-MULTI,80,,,Luton Hospital,,,,1,80,https://i.postimg.cc/s24h1HsW/pharma-1.png,,
LUTON-2833,PREGNACARE BREASTFEEDING,"4,000.00",,,Luton Hospital,,,,1,"4,000.00",https://i.postimg.cc/s24h1HsW/pharma-1.png,,
LUTON-2834,PREGNACARE PLUS DUAL PACK 56S,"2,480.00",,,Luton Hospital,,,,1,"2,480.00",https://i.postimg.cc/s24h1HsW/pharma-1.png,,
LUTON-2835,"PREGNACARE TABLETS FOR CONCEPTION, PREGNANCY AND BREASTFEEDING",60,,,Luton Hospital,,,,1,60,https://i.postimg.cc/s24h1HsW/pharma-1.png,,
LUTON-2836,PREGNICH PLUS TABLETS,"1,500.00",,,Luton Hospital,,,,1,"1,500.00",https://i.postimg.cc/s24h1HsW/pharma-1.png,,
LUTON-2837,PRENATAL MULTIVITAMINS 20S (MYOATOM GUMMIES),"2,100.00",,,Luton Hospital,,,,1,"2,100.00",https://i.postimg.cc/s24h1HsW/pharma-1.png,,
LUTON-2838,PRENATAL SUPPLEMENT CAPS 30S (PREGNA MUM),900,,,Luton Hospital,,,,1,900,https://i.postimg.cc/s24h1HsW/pharma-1.png,,
LUTON-2839,PRENATAL SUPPLEMENTS (GESTATE),"1,800.00",,,Luton Hospital,,,,1,"1,800.00",https://i.postimg.cc/s24h1HsW/pharma-1.png,,
LUTON-2840,PRENATAL SUPPLEMENTS (PREGNACARE C CONCEPTION) 30S,"2,930.00",,,Luton Hospital,,,,1,"2,930.00",https://i.postimg.cc/s24h1HsW/pharma-1.png,,
LUTON-2841,PRENATAL SUPPLEMENTS (PREGNACARE PLAIN),"1,200.00",,,Luton Hospital,,,,1,"1,200.00",https://i.postimg.cc/s24h1HsW/pharma-1.png,,
LUTON-2842,PRENATAL SUPPLEMENTS (PREGNACARE PLUS DUAL PACK),"2,480.00",,,Luton Hospital,,,,1,"2,480.00",https://i.postimg.cc/s24h1HsW/pharma-1.png,,
LUTON-2843,PRENATAL SUPPLEMENTS 30S ( PLAIN PRENATAL DENK),946,,,Luton Hospital,,,,1,946,https://i.postimg.cc/s24h1HsW/pharma-1.png,,
LUTON-2844,PRENATAL SUPPLEMENTS 30S (PRENATAL DENK C DHA),"1,637.00",,,Luton Hospital,,,,1,"1,637.00",https://i.postimg.cc/s24h1HsW/pharma-1.png,,
LUTON-2845,"PREOMETHAZINE, DIPHENHYDRAMINE AND AMMONIUM CHLORIDE COUGH SYRUP 60ML",150,,,Luton Hospital,,,,1,150,https://i.postimg.cc/s24h1HsW/pharma-1.png,,
LUTON-2846,PRESCRIPTION BOOKLETS A5 100 PAGES,2,,,Luton Hospital,,,,1,2,https://i.postimg.cc/s24h1HsW/pharma-1.png,,
LUTON-2847,PREVENAR 13 0.5ML PFS PACK 1S,"7,700.00",,,Luton Hospital,,,,1,"7,700.00",https://i.postimg.cc/s24h1HsW/pharma-1.png,,
LUTON-2848,PRIMAPORE,200,,,Luton Hospital,,,,1,200,https://i.postimg.cc/s24h1HsW/pharma-1.png,,
LUTON-2849,PRIMAPORE 10 X 25 INCH,220,,,Luton Hospital,,,,1,220,https://i.postimg.cc/s24h1HsW/pharma-1.png,,
LUTON-2850,PRIMAPORE 8*10,75,,,Luton Hospital,,,,1,75,https://i.postimg.cc/s24h1HsW/pharma-1.png,,
LUTON-2851,PRIMAPORE 8*15,98,,,Luton Hospital,,,,1,98,https://i.postimg.cc/s24h1HsW/pharma-1.png,,
LUTON-2852,PRIMAPORE WATERPROOF,390,,,Luton Hospital,,,,1,390,https://i.postimg.cc/s24h1HsW/pharma-1.png,,
LUTON-2853,PRIORIX (MMR) ONE DOSE PLUS DILUENT,"1,500.00",,,Luton Hospital,,,,1,"1,500.00",https://i.postimg.cc/s24h1HsW/pharma-1.png,,
LUTON-2854,PRISMAFLEX KIT,"30,205.00",,,Luton Hospital,,,,1,"30,205.00",https://i.postimg.cc/s24h1HsW/pharma-1.png,,
LUTON-2855,PROBETA-N EAR/EYE/NOSE 7.5ML,200,,,Luton Hospital,,,,1,200,https://i.postimg.cc/s24h1HsW/pharma-1.png,,
LUTON-2856,PROBETA-N EYE DROPS,200,,,Luton Hospital,,,,1,200,https://i.postimg.cc/s24h1HsW/pharma-1.png,,
LUTON-2857,PROBIOTIC AND ZINC SATCHETS (DOFLORA),150,,,Luton Hospital,,,,1,150,https://i.postimg.cc/s24h1HsW/pharma-1.png,,
LUTON-2858,PROBIOTIC CAPSULES (AUZIFLORA-V),160,,,Luton Hospital,,,,1,160,https://i.postimg.cc/s24h1HsW/pharma-1.png,,
LUTON-2859,PROBIOTIC CAPSULES (FRIDGE) PROBIFIT,120,,,Luton Hospital,,,,1,120,https://i.postimg.cc/s24h1HsW/pharma-1.png,,
LUTON-2860,PROBIOTIC EFFERVESCENT TABLETS 10S (ELEXRR),120,,,Luton Hospital,,,,1,120,https://i.postimg.cc/s24h1HsW/pharma-1.png,,
LUTON-2861,PROBIOTIC SACHETS,135,,,Luton Hospital,,,,1,135,https://i.postimg.cc/s24h1HsW/pharma-1.png,,
LUTON-2862,PROCYCLIDINE 5MG TABS 100S (PERKINIL 5MG ),30,,,Luton Hospital,,,,1,30,https://i.postimg.cc/s24h1HsW/pharma-1.png,,
LUTON-2863,PROFEN SUSPENSION 100ML,45,,,Luton Hospital,,,,1,45,https://i.postimg.cc/s24h1HsW/pharma-1.png,,
LUTON-2864,PROFEN SUSPENSION 60ML,30,,,Luton Hospital,,,,1,30,https://i.postimg.cc/s24h1HsW/pharma-1.png,,
LUTON-2865,PROFERTIL CAPSULES (MALE),180,,,Luton Hospital,,,,1,180,https://i.postimg.cc/s24h1HsW/pharma-1.png,,
LUTON-2866,PROGESTERONE 200MG(SUSTEN),120,,,Luton Hospital,,,,1,120,https://i.postimg.cc/s24h1HsW/pharma-1.png,,
LUTON-2867,PROGESTERONE 400MG [SUSTEN],180,,,Luton Hospital,,,,1,180,https://i.postimg.cc/s24h1HsW/pharma-1.png,,
LUTON-2868,PROGRESSIVE LENSE,"8,000.00",,,Luton Hospital,,,,1,"8,000.00",https://i.postimg.cc/s24h1HsW/pharma-1.png,,
LUTON-2869,PROLENE 1,357,,,Luton Hospital,,,,1,357,https://i.postimg.cc/s24h1HsW/pharma-1.png,,
LUTON-2870,PROLENE 1 RC,357,,,Luton Hospital,,,,1,357,https://i.postimg.cc/s24h1HsW/pharma-1.png,,
LUTON-2871,PROLENE 1 TAPER POINT,357,,,Luton Hospital,,,,1,357,https://i.postimg.cc/s24h1HsW/pharma-1.png,,
LUTON-2872,PROLENE 2/0,357,,,Luton Hospital,,,,1,357,https://i.postimg.cc/s24h1HsW/pharma-1.png,,
LUTON-2873,PROLENE 2/0 RB,500,,,Luton Hospital,,,,1,500,https://i.postimg.cc/s24h1HsW/pharma-1.png,,
LUTON-2874,PROLENE 3/0,375,,,Luton Hospital,,,,1,375,https://i.postimg.cc/s24h1HsW/pharma-1.png,,
LUTON-2875,PROLENE 6/0 ON DOUBLE NEEDLE,775,,,Luton Hospital,,,,1,775,https://i.postimg.cc/s24h1HsW/pharma-1.png,,
LUTON-2876,PROLENE SUTURES 5/0-7/0 (ASSORTED),750,,,Luton Hospital,,,,1,750,https://i.postimg.cc/s24h1HsW/pharma-1.png,,
LUTON-2877,PROMETHAZINE 100ML (HISTARGAN),60,,,Luton Hospital,,,,1,60,https://i.postimg.cc/s24h1HsW/pharma-1.png,,
LUTON-2878,PROMETHAZINE 25MG,10,,,Luton Hospital,,,,1,10,https://i.postimg.cc/s24h1HsW/pharma-1.png,,
LUTON-2879,PROMETHAZINE 25MG(INJECTION ),200,,,Luton Hospital,,,,1,200,https://i.postimg.cc/s24h1HsW/pharma-1.png,,
LUTON-2880,PROMETHAZINE 5MG/5ML SYRUP (PROMETHAZINE),75,,,Luton Hospital,,,,1,75,https://i.postimg.cc/s24h1HsW/pharma-1.png,,
LUTON-2881,PROMETHAZINE 5MG/5ML SYRUP (PROMETHAZINE) 60ML,100,,,Luton Hospital,,,,1,100,https://i.postimg.cc/s24h1HsW/pharma-1.png,,
LUTON-2882,PROMETHAZINE 60ML (HISTARGAN),50,,,Luton Hospital,,,,1,50,https://i.postimg.cc/s24h1HsW/pharma-1.png,,
LUTON-2883,PROMIMBA,"2,400.00",,,Luton Hospital,,,,1,"2,400.00",https://i.postimg.cc/s24h1HsW/pharma-1.png,,
LUTON-2884,PROMIMBA-F,"2,400.00",,,Luton Hospital,,,,1,"2,400.00",https://i.postimg.cc/s24h1HsW/pharma-1.png,,
LUTON-2885,PROMIMBA GUMMIES 30S,"2,800.00",,,Luton Hospital,,,,1,"2,800.00",https://i.postimg.cc/s24h1HsW/pharma-1.png,,
LUTON-2886,PROMIMBA PCOD 7.5G SATCHETS 10S,399,,,Luton Hospital,,,,1,399,https://i.postimg.cc/s24h1HsW/pharma-1.png,,
LUTON-2887,PROPHY BRUSHES,0,,,Luton Hospital,,,,1,0,https://i.postimg.cc/s24h1HsW/pharma-1.png,,
LUTON-2888,PROPHYLAXIS PASTE (KEMDENT),0,,,Luton Hospital,,,,1,0,https://i.postimg.cc/s24h1HsW/pharma-1.png,,
LUTON-2889,"PROPOFOL 1% EMULSION, 20ML",650,,,Luton Hospital,,,,1,650,https://i.postimg.cc/s24h1HsW/pharma-1.png,,
LUTON-2890,PROPOFOL 10MG/ML,500,,,Luton Hospital,,,,1,500,https://i.postimg.cc/s24h1HsW/pharma-1.png,,
LUTON-2891,PROPRANOLOL 40MG TABLETS,10,,,Luton Hospital,,,,1,10,https://i.postimg.cc/s24h1HsW/pharma-1.png,,
LUTON-2892,PROTAMINE SULPHATE 10MG/ML INJECTION 10S,"2,100.00",,,Luton Hospital,,,,1,"2,100.00",https://i.postimg.cc/s24h1HsW/pharma-1.png,,
LUTON-2893,PRUCALOPRIDE 1MG TABS (TUMIFLO 1MG),160,,,Luton Hospital,,,,1,160,https://i.postimg.cc/s24h1HsW/pharma-1.png,,
LUTON-2894,PRUCALOPRIDE 2MG TABS (TUMIFLO 2MG),170,,,Luton Hospital,,,,1,170,https://i.postimg.cc/s24h1HsW/pharma-1.png,,
LUTON-2895,PSA STRIPS RAPID,0,,,Luton Hospital,,,,1,0,https://i.postimg.cc/s24h1HsW/pharma-1.png,,
LUTON-2896,PSEUDOEPHEDRINE/CHLORPHENIRAMINE/PARACETAMOL 100ML(CORENZA COLD N FLU),200,,,Luton Hospital,,,,1,200,https://i.postimg.cc/s24h1HsW/pharma-1.png,,
LUTON-2897,PULMICORT NEBULISING 0.5MG/ ML,590,,,Luton Hospital,,,,1,590,https://i.postimg.cc/s24h1HsW/pharma-1.png,,
LUTON-2898,PULMICORT NEBULISING SOLUTION 0.25MG/ ML,500,,,Luton Hospital,,,,1,500,https://i.postimg.cc/s24h1HsW/pharma-1.png,,
LUTON-2899,PULSE OXYMETER,0,,,Luton Hospital,,,,1,0,https://i.postimg.cc/s24h1HsW/pharma-1.png,,
LUTON-2900,PUMICE,0,,,Luton Hospital,,,,1,0,https://i.postimg.cc/s24h1HsW/pharma-1.png,,
LUTON-2901,PUTTY AND LIGHT BODY (ORMAKIT),0,,,Luton Hospital,,,,1,0,https://i.postimg.cc/s24h1HsW/pharma-1.png,,
LUTON-2902,PYRIDOXINE 25MG 100S,10,,,Luton Hospital,,,,1,10,https://i.postimg.cc/s24h1HsW/pharma-1.png,,
LUTON-2903,PYRIDOXINE 50MG 100S,10,,,Luton Hospital,,,,1,10,https://i.postimg.cc/s24h1HsW/pharma-1.png,,
LUTON-2904,Q SYTE BI EXT TWO WAY CONNECTOR,750,,,Luton Hospital,,,,1,750,https://i.postimg.cc/s24h1HsW/pharma-1.png,,
LUTON-2905,Q SYTE STAND ALONE CONNECTOR,210,,,Luton Hospital,,,,1,210,https://i.postimg.cc/s24h1HsW/pharma-1.png,,
LUTON-2906,Q SYTE TRI EXT THREE WAY CONNECTOR,"1,230.00",,,Luton Hospital,,,,1,"1,230.00",https://i.postimg.cc/s24h1HsW/pharma-1.png,,
LUTON-2907,QUETIAPIN 300MG TABS (QUTIPIN 300),130,,,Luton Hospital,,,,1,130,https://i.postimg.cc/s24h1HsW/pharma-1.png,,
LUTON-2908,QUETIAPINE 100MG TABS (QUTIPIN 100),80,,,Luton Hospital,,,,1,80,https://i.postimg.cc/s24h1HsW/pharma-1.png,,
LUTON-2909,QUETIAPINE 200MG TABS (QUTIPIN 200),115,,,Luton Hospital,,,,1,115,https://i.postimg.cc/s24h1HsW/pharma-1.png,,
LUTON-2910,QUININE DIHYDROCHLORIDE INJECTION,300,,,Luton Hospital,,,,1,300,https://i.postimg.cc/s24h1HsW/pharma-1.png,,
LUTON-2911,QUIPFINE PEN NEEDLE 32G*4MM 100S,30,,,Luton Hospital,,,,1,30,https://i.postimg.cc/s24h1HsW/pharma-1.png,,
LUTON-2912,RABEPRAZOLE + DOMPERIDONE ( RABEFLUX-DSR ) 100S,65,,,Luton Hospital,,,,1,65,https://i.postimg.cc/s24h1HsW/pharma-1.png,,
LUTON-2913,RABEPRAZOLE 20MG (BAROLE),50,,,Luton Hospital,,,,1,50,https://i.postimg.cc/s24h1HsW/pharma-1.png,,
LUTON-2914,RABEPRAZOLE 20MG (RABELOC),75,,,Luton Hospital,,,,1,75,https://i.postimg.cc/s24h1HsW/pharma-1.png,,
LUTON-2915,RABEPRAZOLE 20MG + DOMPERIDONE 30MG CAPS 30S ( PRAZOMED -D),55,,,Luton Hospital,,,,1,55,https://i.postimg.cc/s24h1HsW/pharma-1.png,,
LUTON-2916,RABEPRAZOLE 20MG +DOMPERIDONE 30MG CAPS 10S ( SABEZOLE DSR ),75,,,Luton Hospital,,,,1,75,https://i.postimg.cc/s24h1HsW/pharma-1.png,,
LUTON-2917,RABEPRAZOLE 20MG +ITOPRIDE 150MG ( SABEZOLE IT ) 10S,110,,,Luton Hospital,,,,1,110,https://i.postimg.cc/s24h1HsW/pharma-1.png,,
LUTON-2918,RABEPRAZOLE 20MG INJ,890,,,Luton Hospital,,,,1,890,https://i.postimg.cc/s24h1HsW/pharma-1.png,,
LUTON-2919,RABEPRAZOLE 20MG INJECTION (SABEZOLE IV),800,,,Luton Hospital,,,,1,800,https://i.postimg.cc/s24h1HsW/pharma-1.png,,
LUTON-2920,RABEPRAZOLE 20MG TABS (RABZ-20),28,,,Luton Hospital,,,,1,28,https://i.postimg.cc/s24h1HsW/pharma-1.png,,
LUTON-2921,"RABEPRAZOLE 20MG, CLARITHROMYCIN 500MG AND AMOXICILLIN 1GM H PYLORI KIT 7S (HITKIT)","2,400.00",,,Luton Hospital,,,,1,"2,400.00",https://i.postimg.cc/s24h1HsW/pharma-1.png,,
LUTON-2922,"RABEPRAZOLE 20MG, GEMIFLOXACIN 320MG AND AMOXICILLIN 1GM H PYLORI KIT 7S (GEMKIT)","4,500.00",,,Luton Hospital,,,,1,"4,500.00",https://i.postimg.cc/s24h1HsW/pharma-1.png,,
LUTON-2923,RABEPRAZOLE 20MG/LEVOFLOXACIN 500MG/AMOXYL 1G (LEVOKIT),"5,000.00",,,Luton Hospital,,,,1,"5,000.00",https://i.postimg.cc/s24h1HsW/pharma-1.png,,
LUTON-2924,RABEPRAZOLE AND DOMPERIDONE CAPS (ROBIDOM SR),120,,,Luton Hospital,,,,1,120,https://i.postimg.cc/s24h1HsW/pharma-1.png,,
LUTON-2925,RACECADOTRIL 100MG/LACTOSE 41MG CAPS 20S (HIDRASEC 100MG),150,,,Luton Hospital,,,,1,150,https://i.postimg.cc/s24h1HsW/pharma-1.png,,
LUTON-2926,RAMIPRIL 10MG (RAMITACE),80,,,Luton Hospital,,,,1,80,https://i.postimg.cc/s24h1HsW/pharma-1.png,,
LUTON-2927,RAMIPRIL 5MG (RAMITAS),60,,,Luton Hospital,,,,1,60,https://i.postimg.cc/s24h1HsW/pharma-1.png,,
LUTON-2928,RANEXA 500MG TABS 60S,180,,,Luton Hospital,,,,1,180,https://i.postimg.cc/s24h1HsW/pharma-1.png,,
LUTON-2929,RANITIDINE 150 MG TAB,10,,,Luton Hospital,,,,1,10,https://i.postimg.cc/s24h1HsW/pharma-1.png,,
LUTON-2930,RANITIDINE 50MG/2ML INJECTION,200,,,Luton Hospital,,,,1,200,https://i.postimg.cc/s24h1HsW/pharma-1.png,,
LUTON-2931,RAPIDE 2/0 TAPER POINT,482,,,Luton Hospital,,,,1,482,https://i.postimg.cc/s24h1HsW/pharma-1.png,,
LUTON-2932,RAPIDE 2/0 RC,482,,,Luton Hospital,,,,1,482,https://i.postimg.cc/s24h1HsW/pharma-1.png,,
LUTON-2933,RAPIDE 3/0 RC,494,,,Luton Hospital,,,,1,494,https://i.postimg.cc/s24h1HsW/pharma-1.png,,
LUTON-2934,RAPIDE 4/0 RC,525,,,Luton Hospital,,,,1,525,https://i.postimg.cc/s24h1HsW/pharma-1.png,,
LUTON-2935,RAPIDE 4/0 TAPER POINT,482,,,Luton Hospital,,,,1,482,https://i.postimg.cc/s24h1HsW/pharma-1.png,,
LUTON-2936,RE-USABLE DIATHERMY PLATE,"18,000.00",,,Luton Hospital,,,,1,"18,000.00",https://i.postimg.cc/s24h1HsW/pharma-1.png,,
LUTON-2937,READY TO DRINK ORS SOLUTION 200ML (ELECTRORUSH),160,,,Luton Hospital,,,,1,160,https://i.postimg.cc/s24h1HsW/pharma-1.png,,
LUTON-2938,RECONSTRUCTION PLATE 3.5MM (6 HOLES),"22,500.00",,,Luton Hospital,,,,1,"22,500.00",https://i.postimg.cc/s24h1HsW/pharma-1.png,,
LUTON-2939,REGENERATIONAL SALT 25KG,"8,700.00",,,Luton Hospital,,,,1,"8,700.00",https://i.postimg.cc/s24h1HsW/pharma-1.png,,
LUTON-2940,REGNA MULTI MULTIVITAMIN AND MINERAL SUPPLEMENT,45,,,Luton Hospital,,,,1,45,https://i.postimg.cc/s24h1HsW/pharma-1.png,,
LUTON-2941,REMDESIVIR INJECTION 100MG,"14,000.00",,,Luton Hospital,,,,1,"14,000.00",https://i.postimg.cc/s24h1HsW/pharma-1.png,,
LUTON-2942,REMIFENTANYL 5MG (ULTIVA),"2,460.00",,,Luton Hospital,,,,1,"2,460.00",https://i.postimg.cc/s24h1HsW/pharma-1.png,,
LUTON-2943,RESONIUM POWDER,390,,,Luton Hospital,,,,1,390,https://i.postimg.cc/s24h1HsW/pharma-1.png,,
LUTON-2944,RESTORE BIOTIX PROBIOTIC CAPSULES,85,,,Luton Hospital,,,,1,85,https://i.postimg.cc/s24h1HsW/pharma-1.png,,
LUTON-2945,RESTRAIN BAND,850,,,Luton Hospital,,,,1,850,https://i.postimg.cc/s24h1HsW/pharma-1.png,,
LUTON-2946,REUNITE,10,,,Luton Hospital,,,,1,10,https://i.postimg.cc/s24h1HsW/pharma-1.png,,
LUTON-2947,REYTEC GAUZE PER PIECE,"2,625.00",,,Luton Hospital,,,,1,"2,625.00",https://i.postimg.cc/s24h1HsW/pharma-1.png,,
LUTON-2948,RIFAMPICIN 150MG/ISONIAZID 75MG TABS ADULT (RH),0,,,Luton Hospital,,,,1,0,https://i.postimg.cc/s24h1HsW/pharma-1.png,,
LUTON-2949,RIFAMPICIN 75MG/ISONIAZID 50MG TABS (RH PAEDS),0,,,Luton Hospital,,,,1,0,https://i.postimg.cc/s24h1HsW/pharma-1.png,,
LUTON-2950,RIFAMPICIN 75MG/ISONIAZID 50MG/PYRAZINAMIDE 150MG TABS (RHZ PAEDS),0,,,Luton Hospital,,,,1,0,https://i.postimg.cc/s24h1HsW/pharma-1.png,,
LUTON-2951,RIFAMPICIN/ISONIAZID/PYRAZINAMIDE/ETHAMBUTOL TABS ADULT (RHZE),0,,,Luton Hospital,,,,1,0,https://i.postimg.cc/s24h1HsW/pharma-1.png,,
LUTON-2952,RIFAMYCIN 250MG INJECTION,500,,,Luton Hospital,,,,1,500,https://i.postimg.cc/s24h1HsW/pharma-1.png,,
LUTON-2953,RIFAXIMIN 200MG 10S (RIFAGUT),120,,,Luton Hospital,,,,1,120,https://i.postimg.cc/s24h1HsW/pharma-1.png,,
LUTON-2954,RIFAXIMIN 550MG 10S (XIFAXAN 550),180,,,Luton Hospital,,,,1,180,https://i.postimg.cc/s24h1HsW/pharma-1.png,,
LUTON-2955,RIFAXIMIN TABLETS 200MG (RIFAKEM 200),75,,,Luton Hospital,,,,1,75,https://i.postimg.cc/s24h1HsW/pharma-1.png,,
LUTON-2956,RIFAXIMIN TABLETS 550MG (RIFAKEM 550),150,,,Luton Hospital,,,,1,150,https://i.postimg.cc/s24h1HsW/pharma-1.png,,
LUTON-2957,RINGERS LACTATE 500ML,400,,,Luton Hospital,,,,1,400,https://i.postimg.cc/s24h1HsW/pharma-1.png,,
LUTON-2958,RIPPLE MATRESS,500,,,Luton Hospital,,,,1,500,https://i.postimg.cc/s24h1HsW/pharma-1.png,,
LUTON-2959,RISPERIDONE 2MG TABS (SIZODON) 50S,99,,,Luton Hospital,,,,1,99,https://i.postimg.cc/s24h1HsW/pharma-1.png,,
LUTON-2960,RISPERIDONE 3MG TABS (SIZODON) 50S,99,,,Luton Hospital,,,,1,99,https://i.postimg.cc/s24h1HsW/pharma-1.png,,
LUTON-2961,RITO SR 20/150 MG 30S,90,,,Luton Hospital,,,,1,90,https://i.postimg.cc/s24h1HsW/pharma-1.png,,
LUTON-2962,RIVA-Q 10MG(RIVAROXABAN),60,,,Luton Hospital,,,,1,60,https://i.postimg.cc/s24h1HsW/pharma-1.png,,
LUTON-2963,RIVA-Q 15MG,80,,,Luton Hospital,,,,1,80,https://i.postimg.cc/s24h1HsW/pharma-1.png,,
LUTON-2964,RIVA Q 20,95.25,,,Luton Hospital,,,,1,95.25,https://i.postimg.cc/s24h1HsW/pharma-1.png,,
LUTON-2965,RIVAROXABAN 10MG (HARTEZE) 28S,80,,,Luton Hospital,,,,1,80,https://i.postimg.cc/s24h1HsW/pharma-1.png,,
LUTON-2966,RIVAROXABAN 10MG (XARELTO),200,,,Luton Hospital,,,,1,200,https://i.postimg.cc/s24h1HsW/pharma-1.png,,
LUTON-2967,RIVAROXABAN 10MG TABLETS (ZEROBAN 10),120,,,Luton Hospital,,,,1,120,https://i.postimg.cc/s24h1HsW/pharma-1.png,,
LUTON-2968,RIVAROXABAN 15 MG (HARTEZE) 28S,100,,,Luton Hospital,,,,1,100,https://i.postimg.cc/s24h1HsW/pharma-1.png,,
LUTON-2969,RIVAROXABAN 15MG TABS (XARELTO),210,,,Luton Hospital,,,,1,210,https://i.postimg.cc/s24h1HsW/pharma-1.png,,
LUTON-2970,RIVAROXABAN 20MG (XARELTO),215,,,Luton Hospital,,,,1,215,https://i.postimg.cc/s24h1HsW/pharma-1.png,,
LUTON-2971,RIVAROXABAN 20MG F/C (HARTEZE) 28S TABS,110,,,Luton Hospital,,,,1,110,https://i.postimg.cc/s24h1HsW/pharma-1.png,,
LUTON-2972,RIVORAX 10MG(RIVAROXABAN),80,,,Luton Hospital,,,,1,80,https://i.postimg.cc/s24h1HsW/pharma-1.png,,
LUTON-2973,RIVORAX 15MG(RIVAROXABAN),100,,,Luton Hospital,,,,1,100,https://i.postimg.cc/s24h1HsW/pharma-1.png,,
LUTON-2974,RIVORAX 20MG(RIVAROXABAN),120,,,Luton Hospital,,,,1,120,https://i.postimg.cc/s24h1HsW/pharma-1.png,,
LUTON-2975,RIZAPTAN 10MG,525,,,Luton Hospital,,,,1,525,https://i.postimg.cc/s24h1HsW/pharma-1.png,,
LUTON-2976,RIZATRIPTAN 10MG 4S ( RIZACT),570,,,Luton Hospital,,,,1,570,https://i.postimg.cc/s24h1HsW/pharma-1.png,,
LUTON-2977,RO FILTERS,"1,000.00",,,Luton Hospital,,,,1,"1,000.00",https://i.postimg.cc/s24h1HsW/pharma-1.png,,
LUTON-2978,ROCEPHINE 1GM,"2,600.00",,,Luton Hospital,,,,1,"2,600.00",https://i.postimg.cc/s24h1HsW/pharma-1.png,,
LUTON-2979,ROCEPHINE 500MG,"1,950.00",,,Luton Hospital,,,,1,"1,950.00",https://i.postimg.cc/s24h1HsW/pharma-1.png,,
LUTON-2980,ROOT CANAL SEALANT (ADSEAL),0,,,Luton Hospital,,,,1,0,https://i.postimg.cc/s24h1HsW/pharma-1.png,,
LUTON-2981,ROSSUVASTATIN 20MG + COENZYME Q (COMBIVAS 20),135,,,Luton Hospital,,,,1,135,https://i.postimg.cc/s24h1HsW/pharma-1.png,,
LUTON-2982,ROSUVASTATIN 10MG ( CRESTOR ),45,,,Luton Hospital,,,,1,45,https://i.postimg.cc/s24h1HsW/pharma-1.png,,
LUTON-2983,ROSUVASTATIN 10MG ( ROZAVEL ),60,,,Luton Hospital,,,,1,60,https://i.postimg.cc/s24h1HsW/pharma-1.png,,
LUTON-2984,ROSUVASTATIN 10MG (ROSTAT),65,,,Luton Hospital,,,,1,65,https://i.postimg.cc/s24h1HsW/pharma-1.png,,
LUTON-2985,ROSUVASTATIN 10MG + COENZYME Q (COMBIVAS 10),95,,,Luton Hospital,,,,1,95,https://i.postimg.cc/s24h1HsW/pharma-1.png,,
LUTON-2986,ROSUVASTATIN 10MG TABS 30S (ROVAS 10),80,,,Luton Hospital,,,,1,80,https://i.postimg.cc/s24h1HsW/pharma-1.png,,
LUTON-2987,ROSUVASTATIN 20 MG ( ROZAVEL 20 MG ),100,,,Luton Hospital,,,,1,100,https://i.postimg.cc/s24h1HsW/pharma-1.png,,
LUTON-2988,ROSUVASTATIN 20MG ( CRESTOR ),70,,,Luton Hospital,,,,1,70,https://i.postimg.cc/s24h1HsW/pharma-1.png,,
LUTON-2989,ROSUVASTATIN 20MG + EZETEMIBE 10MG TABS 30S (ROVISTA EZ),100,,,Luton Hospital,,,,1,100,https://i.postimg.cc/s24h1HsW/pharma-1.png,,
LUTON-2990,ROTA VIRUS VACCINE,300,,,Luton Hospital,,,,1,300,https://i.postimg.cc/s24h1HsW/pharma-1.png,,
LUTON-2991,ROTA VIRUS VACCINE (BABY FRIENDLY),"3,000.00",,,Luton Hospital,,,,1,"3,000.00",https://i.postimg.cc/s24h1HsW/pharma-1.png,,
LUTON-2992,ROTARIX (BBF),"3,000.00",,,Luton Hospital,,,,1,"3,000.00",https://i.postimg.cc/s24h1HsW/pharma-1.png,,
LUTON-2993,ROTARIX SINGLE DOSE VIAL,"3,000.00",,,Luton Hospital,,,,1,"3,000.00",https://i.postimg.cc/s24h1HsW/pharma-1.png,,
LUTON-2994,ROZAVEL 40,120,,,Luton Hospital,,,,1,120,https://i.postimg.cc/s24h1HsW/pharma-1.png,,
LUTON-2995,RUBEM CREAM,0,,,Luton Hospital,,,,1,0,https://i.postimg.cc/s24h1HsW/pharma-1.png,,
LUTON-2996,RUPATADINE 10 MG TABS 10S (RUPATINE),85,,,Luton Hospital,,,,1,85,https://i.postimg.cc/s24h1HsW/pharma-1.png,,
LUTON-2997,RUPATADINE 5MG/5ML SYRUP 60ML (RUPATINE),650,,,Luton Hospital,,,,1,650,https://i.postimg.cc/s24h1HsW/pharma-1.png,,
LUTON-2998,S CLAVICLE LOCKING PLATE 3.5MM,"33,750.00",,,Luton Hospital,,,,1,"33,750.00",https://i.postimg.cc/s24h1HsW/pharma-1.png,,
LUTON-2999,SACCHAROMYCES BOULARDII (FLORANORM SACHETS) 10S,170,,,Luton Hospital,,,,1,170,https://i.postimg.cc/s24h1HsW/pharma-1.png,,
LUTON-3000,SACCHAROMYCES BOULARDII (FLORANORM),170,,,Luton Hospital,,,,1,170,https://i.postimg.cc/s24h1HsW/pharma-1.png,,
LUTON-3001,SACCHAROMYCES BOULARDII 2.5BILLION (NORMAGUT),100,,,Luton Hospital,,,,1,100,https://i.postimg.cc/s24h1HsW/pharma-1.png,,
LUTON-3002,SACCHAROMYCES BOULARDII 2.5BILLION SATCHETS 10S (FLORINTACT),90,,,Luton Hospital,,,,1,90,https://i.postimg.cc/s24h1HsW/pharma-1.png,,
LUTON-3003,SACCHAROMYCES BOULARDII 250MG (BIOFLOR),120,,,Luton Hospital,,,,1,120,https://i.postimg.cc/s24h1HsW/pharma-1.png,,
LUTON-3004,SACCHAROMYCES BOULARDII 250MG 10S(UNIFLORA),90,,,Luton Hospital,,,,1,90,https://i.postimg.cc/s24h1HsW/pharma-1.png,,
LUTON-3005,SACCHAROMYCES BOULARDII 250MG CAPSULES (PROLARDII),100,,,Luton Hospital,,,,1,100,https://i.postimg.cc/s24h1HsW/pharma-1.png,,
LUTON-3006,SACCHAROMYCES BOULARDII 250MG SATCHETS 10S (AQUAREST),90,,,Luton Hospital,,,,1,90,https://i.postimg.cc/s24h1HsW/pharma-1.png,,
LUTON-3007,SACCHAROMYCES BOULARDII(FLORA NORM),170,,,Luton Hospital,,,,1,170,https://i.postimg.cc/s24h1HsW/pharma-1.png,,
LUTON-3008,SACCHAROMYCES CEREVISIAE 282.5 MG ( PROBIO ) 10S,120,,,Luton Hospital,,,,1,120,https://i.postimg.cc/s24h1HsW/pharma-1.png,,
LUTON-3009,SACUBITRIL 24MG +VALSARTAN 26MG ( UPERIO 50MG ) 28S,195,,,Luton Hospital,,,,1,195,https://i.postimg.cc/s24h1HsW/pharma-1.png,,
LUTON-3010,SACUBITRIL 24MG +VALSARTAN 26MG 28S ( DICARD 50MG ),85,,,Luton Hospital,,,,1,85,https://i.postimg.cc/s24h1HsW/pharma-1.png,,
LUTON-3011,SACUBITRIL 24MG +VALSARTAN 26MG 28S ( VALSARGOOD 50MG ),150,,,Luton Hospital,,,,1,150,https://i.postimg.cc/s24h1HsW/pharma-1.png,,
LUTON-3012,SACUBITRIL 48MG+ VALSARTAN 52MG( UPERIO 100MG) 28S,256,,,Luton Hospital,,,,1,256,https://i.postimg.cc/s24h1HsW/pharma-1.png,,
LUTON-3013,SACUBITRIL+VALSARTAN 100MG TABS (SECUTRIL 100),150,,,Luton Hospital,,,,1,150,https://i.postimg.cc/s24h1HsW/pharma-1.png,,
LUTON-3014,SACUBITRIL+VALSARTAN 50MG TABS (SECUTRIL 50),150,,,Luton Hospital,,,,1,150,https://i.postimg.cc/s24h1HsW/pharma-1.png,,
LUTON-3015,SAFERON SYR,700,,,Luton Hospital,,,,1,700,https://i.postimg.cc/s24h1HsW/pharma-1.png,,
LUTON-3016,SAFETY ANTI MIST GOGGLE,971,,,Luton Hospital,,,,1,971,https://i.postimg.cc/s24h1HsW/pharma-1.png,,
LUTON-3017,SALBUTAMOL 4MG TABLETS,20,,,Luton Hospital,,,,1,20,https://i.postimg.cc/s24h1HsW/pharma-1.png,,
LUTON-3018,SALBUTAMOL INHALER (AZMASOL),300,,,Luton Hospital,,,,1,300,https://i.postimg.cc/s24h1HsW/pharma-1.png,,
LUTON-3019,SALBUTAMOL INHALER (SABULIN),300,,,Luton Hospital,,,,1,300,https://i.postimg.cc/s24h1HsW/pharma-1.png,,
LUTON-3020,SALBUTAMOL INHALER (SALBOGET),600,,,Luton Hospital,,,,1,600,https://i.postimg.cc/s24h1HsW/pharma-1.png,,
LUTON-3021,SALBUTAMOL INHALER (SALBUT),550,,,Luton Hospital,,,,1,550,https://i.postimg.cc/s24h1HsW/pharma-1.png,,
LUTON-3022,SALBUTAMOL NEBULIZER SOLUTION 2.5ML (NEBZSMART),150,,,Luton Hospital,,,,1,150,https://i.postimg.cc/s24h1HsW/pharma-1.png,,
LUTON-3023,SALBUTAMOL RESPIRATOR SOLUTION 5MG/ML 10ML (VENTOLIN) PER VIAL,"1,600.00",,,Luton Hospital,,,,1,"1,600.00",https://i.postimg.cc/s24h1HsW/pharma-1.png,,
LUTON-3024,SALBUTAMOL SYRUP,100,,,Luton Hospital,,,,1,100,https://i.postimg.cc/s24h1HsW/pharma-1.png,,
LUTON-3025,SALBUTAMOL SYRUP 100ML (VENTOLIN),188,,,Luton Hospital,,,,1,188,https://i.postimg.cc/s24h1HsW/pharma-1.png,,
LUTON-3026,SALINE 0.9%/GLUCOSE 5% W/V 500ML(DNS),500,,,Luton Hospital,,,,1,500,https://i.postimg.cc/s24h1HsW/pharma-1.png,,
LUTON-3027,SALMETEROL/FLUTICASONE 25/125MCG INHALER 120 DOSES (SERETIDE),"2,550.00",,,Luton Hospital,,,,1,"2,550.00",https://i.postimg.cc/s24h1HsW/pharma-1.png,,
LUTON-3028,SALMETEROL/FLUTICASONE 25/50MCG INHALER (SERETIDE),"3,000.00",,,Luton Hospital,,,,1,"3,000.00",https://i.postimg.cc/s24h1HsW/pharma-1.png,,
LUTON-3029,SALMETEROL/FLUTICASONE 50/250 MCG INHALER 60 DOSES (SERETIDE 250 DISKUS),"4,500.00",,,Luton Hospital,,,,1,"4,500.00",https://i.postimg.cc/s24h1HsW/pharma-1.png,,
LUTON-3030,SAMEGA-4 (MULTIVITAMIN),68,,,Luton Hospital,,,,1,68,https://i.postimg.cc/s24h1HsW/pharma-1.png,,
LUTON-3031,SANITARY PADS 10S,200,,,Luton Hospital,,,,1,200,https://i.postimg.cc/s24h1HsW/pharma-1.png,,
LUTON-3032,SARACAL SUSPENSION,650,,,Luton Hospital,,,,1,650,https://i.postimg.cc/s24h1HsW/pharma-1.png,,
LUTON-3033,SATRANIDAZOLE 300MG TABLETS (SATROGYL-300),70,,,Luton Hospital,,,,1,70,https://i.postimg.cc/s24h1HsW/pharma-1.png,,
LUTON-3034,SATROGYL TABLETS,54,,,Luton Hospital,,,,1,54,https://i.postimg.cc/s24h1HsW/pharma-1.png,,
LUTON-3035,SAUSAGE,0,,,Luton Hospital,,,,1,0,https://i.postimg.cc/s24h1HsW/pharma-1.png,,
LUTON-3036,SCALP VEIN G21(GREEN),0,,,Luton Hospital,,,,1,0,https://i.postimg.cc/s24h1HsW/pharma-1.png,,
LUTON-3037,SCALP VEIN G23 (BLUE),50,,,Luton Hospital,,,,1,50,https://i.postimg.cc/s24h1HsW/pharma-1.png,,
LUTON-3038,SCOTTS EMULSION 100ML (ORANGE),570,,,Luton Hospital,,,,1,570,https://i.postimg.cc/s24h1HsW/pharma-1.png,,
LUTON-3039,SCOTTS EMULSION ORANGE 200ML,950,,,Luton Hospital,,,,1,950,https://i.postimg.cc/s24h1HsW/pharma-1.png,,
LUTON-3040,SEA-MOX (MOXIFLOXACIN TAB 400MG),120,,,Luton Hospital,,,,1,120,https://i.postimg.cc/s24h1HsW/pharma-1.png,,
LUTON-3041,SECNIDAZOLE (FRAMBI) 2S,150,,,Luton Hospital,,,,1,150,https://i.postimg.cc/s24h1HsW/pharma-1.png,,
LUTON-3042,SECNIDAZOLE 1G 2S,150,,,Luton Hospital,,,,1,150,https://i.postimg.cc/s24h1HsW/pharma-1.png,,
LUTON-3043,SECNIDAZOLE 500MG TABS 4S (FLAGENTYL),200,,,Luton Hospital,,,,1,200,https://i.postimg.cc/s24h1HsW/pharma-1.png,,
LUTON-3044,SECTIONAL MATRIX,"2,801.00",,,Luton Hospital,,,,1,"2,801.00",https://i.postimg.cc/s24h1HsW/pharma-1.png,,
LUTON-3045,SELENIUM DISULPHIDE 100ML (BIOSELENIUM),"1,425.00",,,Luton Hospital,,,,1,"1,425.00",https://i.postimg.cc/s24h1HsW/pharma-1.png,,
LUTON-3046,SENNA 7.5MG TABS 50S,10,,,Luton Hospital,,,,1,10,https://i.postimg.cc/s24h1HsW/pharma-1.png,,
LUTON-3047,SENSODYNE 75ML,940,,,Luton Hospital,,,,1,940,https://i.postimg.cc/s24h1HsW/pharma-1.png,,
LUTON-3048,SEPTIGUARDS SCRUB,"3,300.00",,,Luton Hospital,,,,1,"3,300.00",https://i.postimg.cc/s24h1HsW/pharma-1.png,,
LUTON-3049,SERRATIOPEPTIDASE TABS 15MG,75,,,Luton Hospital,,,,1,75,https://i.postimg.cc/s24h1HsW/pharma-1.png,,
LUTON-3050,SERTACONAZOLE 2% CREAM 20GM ( SERTAKIND ),"1,500.00",,,Luton Hospital,,,,1,"1,500.00",https://i.postimg.cc/s24h1HsW/pharma-1.png,,
LUTON-3051,SERTRALINE 50MG TABS (ZOSERT) 30S,84,,,Luton Hospital,,,,1,84,https://i.postimg.cc/s24h1HsW/pharma-1.png,,
LUTON-3052,SEVELAMER HCL 800MG (FOSEAL 800) 60S,140,,,Luton Hospital,,,,1,140,https://i.postimg.cc/s24h1HsW/pharma-1.png,,
LUTON-3053,SEVELAMER HCL 800MG TABS (SEVLAREN) 10S,120,,,Luton Hospital,,,,1,120,https://i.postimg.cc/s24h1HsW/pharma-1.png,,
LUTON-3054,SEVEN SEAS 100ML,650,,,Luton Hospital,,,,1,650,https://i.postimg.cc/s24h1HsW/pharma-1.png,,
LUTON-3055,SEVEN SEAS 170ML,"1,153.00",,,Luton Hospital,,,,1,"1,153.00",https://i.postimg.cc/s24h1HsW/pharma-1.png,,
LUTON-3056,SEVEN SEAS COD LIVER OIL & OMEGA 3 CAPS 60S,40,,,Luton Hospital,,,,1,40,https://i.postimg.cc/s24h1HsW/pharma-1.png,,
LUTON-3057,SEVEN SEAS MULTIVITAMIN SYRUP 100ML,940,,,Luton Hospital,,,,1,940,https://i.postimg.cc/s24h1HsW/pharma-1.png,,
LUTON-3058,SHANCOL (CHOLERA VACCINE ),"2,800.00",,,Luton Hospital,,,,1,"2,800.00",https://i.postimg.cc/s24h1HsW/pharma-1.png,,
LUTON-3059,SHANCOL (CHOLERA VACCINE) 1 DOSE VIAL,"2,800.00",,,Luton Hospital,,,,1,"2,800.00",https://i.postimg.cc/s24h1HsW/pharma-1.png,,
LUTON-3060,SHARP BOXES (SAFETY BOX),300,,,Luton Hospital,,,,1,300,https://i.postimg.cc/s24h1HsW/pharma-1.png,,
LUTON-3061,SHAVERS,600,,,Luton Hospital,,,,1,600,https://i.postimg.cc/s24h1HsW/pharma-1.png,,
LUTON-3062,SHOE COVER,0,,,Luton Hospital,,,,1,0,https://i.postimg.cc/s24h1HsW/pharma-1.png,,
LUTON-3063,SHOULDER SUPPORT (L),"2,800.00",,,Luton Hospital,,,,1,"2,800.00",https://i.postimg.cc/s24h1HsW/pharma-1.png,,
LUTON-3064,SHOULDER SUPPORT (M),"2,800.00",,,Luton Hospital,,,,1,"2,800.00",https://i.postimg.cc/s24h1HsW/pharma-1.png,,
LUTON-3065,SHUNT SH 202,"14,700.00",,,Luton Hospital,,,,1,"14,700.00",https://i.postimg.cc/s24h1HsW/pharma-1.png,,
LUTON-3066,SILDENAFIL 100MG (ENOGRA),75,,,Luton Hospital,,,,1,75,https://i.postimg.cc/s24h1HsW/pharma-1.png,,
LUTON-3067,SILDENAFIL 100MG (KAMAGRA) 4S,100,,,Luton Hospital,,,,1,100,https://i.postimg.cc/s24h1HsW/pharma-1.png,,
LUTON-3068,SILDENAFIL 100MG (VIAGRA),525,,,Luton Hospital,,,,1,525,https://i.postimg.cc/s24h1HsW/pharma-1.png,,
LUTON-3069,SILDENAFIL 25MG TABS (VIAGRA),907,,,Luton Hospital,,,,1,907,https://i.postimg.cc/s24h1HsW/pharma-1.png,,
LUTON-3070,SILDENAFIL 50MG (ENOGRA),90,,,Luton Hospital,,,,1,90,https://i.postimg.cc/s24h1HsW/pharma-1.png,,
LUTON-3071,SILDENAFIL 50MG (KAMAGRA) 4S,500,,,Luton Hospital,,,,1,500,https://i.postimg.cc/s24h1HsW/pharma-1.png,,
LUTON-3072,SILDENAFIL 50MG (KIFARU),45,,,Luton Hospital,,,,1,45,https://i.postimg.cc/s24h1HsW/pharma-1.png,,
LUTON-3073,SILDENAFIL 50MG TABS 4S (VEGA/MTM),50,,,Luton Hospital,,,,1,50,https://i.postimg.cc/s24h1HsW/pharma-1.png,,
LUTON-3074,SILICON FULL SOLE,"4,500.00",,,Luton Hospital,,,,1,"4,500.00",https://i.postimg.cc/s24h1HsW/pharma-1.png,,
LUTON-3075,SILICONE CATHETER SIZE 8,"1,500.00",,,Luton Hospital,,,,1,"1,500.00",https://i.postimg.cc/s24h1HsW/pharma-1.png,,
LUTON-3076,SILICONE FOLEY CATHETER 16 2 WAY,"1,500.00",,,Luton Hospital,,,,1,"1,500.00",https://i.postimg.cc/s24h1HsW/pharma-1.png,,
LUTON-3077,SILICONE FOLEY CATHETER 18 2 WAY,"1,500.00",,,Luton Hospital,,,,1,"1,500.00",https://i.postimg.cc/s24h1HsW/pharma-1.png,,
LUTON-3078,SILICONE FOLEY CATHETER 18 3WAY,"2,200.00",,,Luton Hospital,,,,1,"2,200.00",https://i.postimg.cc/s24h1HsW/pharma-1.png,,
LUTON-3079,SILICONE FOLEY CATHETER 20 3WAY,"2,700.00",,,Luton Hospital,,,,1,"2,700.00",https://i.postimg.cc/s24h1HsW/pharma-1.png,,
LUTON-3080,SILICONE FOLEY CATHETER 22 3 WAY,"2,700.00",,,Luton Hospital,,,,1,"2,700.00",https://i.postimg.cc/s24h1HsW/pharma-1.png,,
LUTON-3081,SILICONE FOLEY CATHETER 24 3 WAY,"3,250.00",,,Luton Hospital,,,,1,"3,250.00",https://i.postimg.cc/s24h1HsW/pharma-1.png,,
LUTON-3082,SILICONE RESUSCITATOR (ADULT),"9,699.00",,,Luton Hospital,,,,1,"9,699.00",https://i.postimg.cc/s24h1HsW/pharma-1.png,,
LUTON-3083,SILICONE RESUSCITATOR (PAED),"9,309.00",,,Luton Hospital,,,,1,"9,309.00",https://i.postimg.cc/s24h1HsW/pharma-1.png,,
LUTON-3084,SILK 1,170,,,Luton Hospital,,,,1,170,https://i.postimg.cc/s24h1HsW/pharma-1.png,,
LUTON-3085,SILK 3/0,170,,,Luton Hospital,,,,1,170,https://i.postimg.cc/s24h1HsW/pharma-1.png,,
LUTON-3086,SILK 4/0 RC,219,,,Luton Hospital,,,,1,219,https://i.postimg.cc/s24h1HsW/pharma-1.png,,
LUTON-3087,SILK SUTURE 2 TAPER POINT,188,,,Luton Hospital,,,,1,188,https://i.postimg.cc/s24h1HsW/pharma-1.png,,
LUTON-3088,SILK SUTURE 2/0 RB,200,,,Luton Hospital,,,,1,200,https://i.postimg.cc/s24h1HsW/pharma-1.png,,
LUTON-3089,SILK SUTURE 2RB,200,,,Luton Hospital,,,,1,200,https://i.postimg.cc/s24h1HsW/pharma-1.png,,
LUTON-3090,SILVER SULFADIAZINE CREAM,153,,,Luton Hospital,,,,1,153,https://i.postimg.cc/s24h1HsW/pharma-1.png,,
LUTON-3091,SILVER SULFADIAZINE JAR 250G,600,,,Luton Hospital,,,,1,600,https://i.postimg.cc/s24h1HsW/pharma-1.png,,
LUTON-3092,SILVER SULPHADIAZINE 100GM (DERMAZINE),180,,,Luton Hospital,,,,1,180,https://i.postimg.cc/s24h1HsW/pharma-1.png,,
LUTON-3093,SILVER SULPHADIAZINE 250G (DERMAZINE),450,,,Luton Hospital,,,,1,450,https://i.postimg.cc/s24h1HsW/pharma-1.png,,
LUTON-3094,SILVER SULPHADIAZINE 250GM (DERMAZINE),450,,,Luton Hospital,,,,1,450,https://i.postimg.cc/s24h1HsW/pharma-1.png,,
LUTON-3095,SILVER SULPHADIAZINE 25GM (PROZIN),180,,,Luton Hospital,,,,1,180,https://i.postimg.cc/s24h1HsW/pharma-1.png,,
LUTON-3096,SILVER SULPHADIAZINE 50GM (DERMAZINE),150,,,Luton Hospital,,,,1,150,https://i.postimg.cc/s24h1HsW/pharma-1.png,,
LUTON-3097,SILVER SULPHADIAZINE CREAM 25G (SILVEREX),210,,,Luton Hospital,,,,1,210,https://i.postimg.cc/s24h1HsW/pharma-1.png,,
LUTON-3098,SILVERLIFE TOPICAL SPRAY,564,,,Luton Hospital,,,,1,564,https://i.postimg.cc/s24h1HsW/pharma-1.png,,
LUTON-3099,SILVERPLUS SYRUP 100ML,396,,,Luton Hospital,,,,1,396,https://i.postimg.cc/s24h1HsW/pharma-1.png,,
LUTON-3100,"SILYMARIN 70MG, VITAMIN B1, B2 & B6 TABS 30S (HEPAGARD 70)",90,,,Luton Hospital,,,,1,90,https://i.postimg.cc/s24h1HsW/pharma-1.png,,
LUTON-3101,SIMETHICONE 40MG 100S (DISFLATYL),30,,,Luton Hospital,,,,1,30,https://i.postimg.cc/s24h1HsW/pharma-1.png,,
LUTON-3102,SIMETHICONE 40MG/ML (INFACOL),950,,,Luton Hospital,,,,1,950,https://i.postimg.cc/s24h1HsW/pharma-1.png,,
LUTON-3103,SIMETHICONE DROPS(COLIZER),150,,,Luton Hospital,,,,1,150,https://i.postimg.cc/s24h1HsW/pharma-1.png,,
LUTON-3104,SIMPLASTIC HAEMATURIC CATHETER,"5,300.00",,,Luton Hospital,,,,1,"5,300.00",https://i.postimg.cc/s24h1HsW/pharma-1.png,,
LUTON-3105,SINGLE VISION LENSE,"3,000.00",,,Luton Hospital,,,,1,"3,000.00",https://i.postimg.cc/s24h1HsW/pharma-1.png,,
LUTON-3106,SITA MET TABS 50/1000MG 14S,77.4,,,Luton Hospital,,,,1,77.4,https://i.postimg.cc/s24h1HsW/pharma-1.png,,
LUTON-3107,SITAGLIPTIN 50MG (TREVIA),70,,,Luton Hospital,,,,1,70,https://i.postimg.cc/s24h1HsW/pharma-1.png,,
LUTON-3108,SITAGLIPTIN 50MG / METFORMIN 1000MG TABS,90,,,Luton Hospital,,,,1,90,https://i.postimg.cc/s24h1HsW/pharma-1.png,,
LUTON-3109,SITAGLIPTIN 50MG / METFORMIN 1000MG TABS 30S (DYGLI-M 50/1000),55,,,Luton Hospital,,,,1,55,https://i.postimg.cc/s24h1HsW/pharma-1.png,,
LUTON-3110,SITAGLIPTIN 50MG / METFORMIN 500MG TABS,90,,,Luton Hospital,,,,1,90,https://i.postimg.cc/s24h1HsW/pharma-1.png,,
LUTON-3111,SITAGLIPTIN 50MG / METFORMIN 500MG TABS (TREVIAMET 50/500),70,,,Luton Hospital,,,,1,70,https://i.postimg.cc/s24h1HsW/pharma-1.png,,
LUTON-3112,SITAGLIPTIN 50MG/METFORMIN 1000MG TABS (TREVIAMET 50/1000),85,,,Luton Hospital,,,,1,85,https://i.postimg.cc/s24h1HsW/pharma-1.png,,
LUTON-3113,SKIN STAPLLER,"3,500.00",,,Luton Hospital,,,,1,"3,500.00",https://i.postimg.cc/s24h1HsW/pharma-1.png,,
LUTON-3114,SKIN TRACTION KIT (ADULT),"2,250.00",,,Luton Hospital,,,,1,"2,250.00",https://i.postimg.cc/s24h1HsW/pharma-1.png,,
LUTON-3115,SKINCOL {SUCRALFATE HUMID GEL } FOR CUTANEOUS USE (DRUGS),525,,,Luton Hospital,,,,1,525,https://i.postimg.cc/s24h1HsW/pharma-1.png,,
LUTON-3116,SLOW POTASSIUM 600MG TABS,60,,,Luton Hospital,,,,1,60,https://i.postimg.cc/s24h1HsW/pharma-1.png,,
LUTON-3117,SLOW SODIUM 600MG TABS,75,,,Luton Hospital,,,,1,75,https://i.postimg.cc/s24h1HsW/pharma-1.png,,
LUTON-3118,SLOW SPEED BUR,181,,,Luton Hospital,,,,1,181,https://i.postimg.cc/s24h1HsW/pharma-1.png,,
LUTON-3119,SLUICING BASIN,"3,401.00",,,Luton Hospital,,,,1,"3,401.00",https://i.postimg.cc/s24h1HsW/pharma-1.png,,
LUTON-3120,SMUGEL LUBRICATING GEL 50GMS,300,,,Luton Hospital,,,,1,300,https://i.postimg.cc/s24h1HsW/pharma-1.png,,
LUTON-3121,"SODIUM ALGINATE, SODIUM CARBONATE AND CALCIUMCARBONATE SUSPENSION 200ML (ASYNTA )",650,,,Luton Hospital,,,,1,650,https://i.postimg.cc/s24h1HsW/pharma-1.png,,
LUTON-3122,SODIUM BICARBONATE 1000MG TABS,30,,,Luton Hospital,,,,1,30,https://i.postimg.cc/s24h1HsW/pharma-1.png,,
LUTON-3123,SODIUM BICARBONATE 75MG/ML,78,,,Luton Hospital,,,,1,78,https://i.postimg.cc/s24h1HsW/pharma-1.png,,
LUTON-3124,SODIUM BICARBONATE 8.4% INJ 25ML,450,,,Luton Hospital,,,,1,450,https://i.postimg.cc/s24h1HsW/pharma-1.png,,
LUTON-3125,SODIUM BICARBONATE 8.5% 50ML INFUSION,525,,,Luton Hospital,,,,1,525,https://i.postimg.cc/s24h1HsW/pharma-1.png,,
LUTON-3126,SODIUM BICARBONATE 84MG/ML 10ML,400,,,Luton Hospital,,,,1,400,https://i.postimg.cc/s24h1HsW/pharma-1.png,,
LUTON-3127,SODIUM BICARBONATE/TARTARIC ACID/CITRIC ACID/SODIUM CITRATE 120G (CITRO-SODA CRANBERRY),"1,300.00",,,Luton Hospital,,,,1,"1,300.00",https://i.postimg.cc/s24h1HsW/pharma-1.png,,
LUTON-3128,SODIUM BICARBONATE/TARTARIC ACID/CITRIC ACID/SODIUM CITRATE 120G (CITRO-SODA REGULAR),"1,300.00",,,Luton Hospital,,,,1,"1,300.00",https://i.postimg.cc/s24h1HsW/pharma-1.png,,
LUTON-3129,SODIUM BICARBONATE/TARTARIC ACID/CITRIC ACID/SODIUM CITRATE 60G (CITRO-SODA REGULAR),900,,,Luton Hospital,,,,1,900,https://i.postimg.cc/s24h1HsW/pharma-1.png,,
LUTON-3130,SODIUM CARBOXYMETHYLCELLULOSE/GLYCERINE/CASTOR OIL EYE DROPS 10ML(OPTIVE),"2,400.00",,,Luton Hospital,,,,1,"2,400.00",https://i.postimg.cc/s24h1HsW/pharma-1.png,,
LUTON-3131,SODIUM CHLORIDE (NATRICLO 3G/10ML),500,,,Luton Hospital,,,,1,500,https://i.postimg.cc/s24h1HsW/pharma-1.png,,
LUTON-3132,SODIUM CHLORIDE INJECTION 0.9%,510,,,Luton Hospital,,,,1,510,https://i.postimg.cc/s24h1HsW/pharma-1.png,,
LUTON-3133,SODIUM CHROMOGLICATE 10ML EYE DROPS (ALLERGO COMOD),"1,230.00",,,Luton Hospital,,,,1,"1,230.00",https://i.postimg.cc/s24h1HsW/pharma-1.png,,
LUTON-3134,SODIUM CROMOGLYCATE 2% EYE DROPS,350,,,Luton Hospital,,,,1,350,https://i.postimg.cc/s24h1HsW/pharma-1.png,,
LUTON-3135,SODIUM CROMOGLYCATE EYE DROPS 10ML (IVYCROM),357,,,Luton Hospital,,,,1,357,https://i.postimg.cc/s24h1HsW/pharma-1.png,,
LUTON-3136,SODIUM PICOSULFATE DROPS 15ML (SKILAX DROPS ),900,,,Luton Hospital,,,,1,900,https://i.postimg.cc/s24h1HsW/pharma-1.png,,
LUTON-3137,SODIUM VALPPROATE 333MG +VALPROIC ACID 145MG TABS (BRAIPORIN 500MG),130,,,Luton Hospital,,,,1,130,https://i.postimg.cc/s24h1HsW/pharma-1.png,,
LUTON-3138,SODIUM VALPROATE (ENCORATE CHRONO 300),75,,,Luton Hospital,,,,1,75,https://i.postimg.cc/s24h1HsW/pharma-1.png,,
LUTON-3139,SODIUM VALPROATE (ENCORATE CHRONO 500),85,,,Luton Hospital,,,,1,85,https://i.postimg.cc/s24h1HsW/pharma-1.png,,
LUTON-3140,SODIUM VALPROATE 100MG CRUSHABLE TABS (EPILIM) 100S,25.5,,,Luton Hospital,,,,1,25.5,https://i.postimg.cc/s24h1HsW/pharma-1.png,,
LUTON-3141,SODIUM VALPROATE 200MG TABS (EPILIM CHRONO) 100S,28.5,,,Luton Hospital,,,,1,28.5,https://i.postimg.cc/s24h1HsW/pharma-1.png,,
LUTON-3142,SODIUM VALPROATE 200MG/5ML ORAL SOLUTION 300ML (EPIMAR SYRUP),"1,500.00",,,Luton Hospital,,,,1,"1,500.00",https://i.postimg.cc/s24h1HsW/pharma-1.png,,
LUTON-3143,SODIUM VALPROATE 200MG/5ML SYRP 300ML(EPILIM),"2,059.50",,,Luton Hospital,,,,1,"2,059.50",https://i.postimg.cc/s24h1HsW/pharma-1.png,,
LUTON-3144,SODIUM VALPROATE 200MG/5ML SYRUP(EPILIM 300ML),"2,230.00",,,Luton Hospital,,,,1,"2,230.00",https://i.postimg.cc/s24h1HsW/pharma-1.png,,
LUTON-3145,SODIUM VALPROATE 300MG TABS (EPILIM CHRONO) 100S,45,,,Luton Hospital,,,,1,45,https://i.postimg.cc/s24h1HsW/pharma-1.png,,
LUTON-3146,SODIUM VALPROATE 400MG INJ (EPILIM),"2,266.50",,,Luton Hospital,,,,1,"2,266.50",https://i.postimg.cc/s24h1HsW/pharma-1.png,,
LUTON-3147,SODIUM VALPROATE 500MG (EPILIM CHRONO),150,,,Luton Hospital,,,,1,150,https://i.postimg.cc/s24h1HsW/pharma-1.png,,
LUTON-3148,SODIUM VALPROATE 500MG TABS (EPILIM CHRONO) 100S,150,,,Luton Hospital,,,,1,150,https://i.postimg.cc/s24h1HsW/pharma-1.png,,
LUTON-3149,SOLAR LIGHTS,0,,,Luton Hospital,,,,1,0,https://i.postimg.cc/s24h1HsW/pharma-1.png,,
LUTON-3150,SOLIFENACIN 5MG TABS,180,,,Luton Hospital,,,,1,180,https://i.postimg.cc/s24h1HsW/pharma-1.png,,
LUTON-3151,SOLIFENACIN 6MG + TAMSULOSIN 0.4MG TABS 30S (TAMSOLIN S),160,,,Luton Hospital,,,,1,160,https://i.postimg.cc/s24h1HsW/pharma-1.png,,
LUTON-3152,SOLOSHOT 0.05ML,0,,,Luton Hospital,,,,1,0,https://i.postimg.cc/s24h1HsW/pharma-1.png,,
LUTON-3153,SOLOSHOT 0.5ML,0,,,Luton Hospital,,,,1,0,https://i.postimg.cc/s24h1HsW/pharma-1.png,,
LUTON-3154,SOLUBLE INSULIN (ACTRAPID) PER UNIT,15,,,Luton Hospital,,,,1,15,https://i.postimg.cc/s24h1HsW/pharma-1.png,,
LUTON-3155,SOLUBLE INSULIN (ACTRAPID) PER VIAL,"1,150.00",,,Luton Hospital,,,,1,"1,150.00",https://i.postimg.cc/s24h1HsW/pharma-1.png,,
LUTON-3156,SOLUBLE INSULINE 10ML,"1,061.00",,,Luton Hospital,,,,1,"1,061.00",https://i.postimg.cc/s24h1HsW/pharma-1.png,,
LUTON-3157,SOLUSET FOR BLOOD- PAEDIATRIC,500,,,Luton Hospital,,,,1,500,https://i.postimg.cc/s24h1HsW/pharma-1.png,,
LUTON-3158,SOLUVIT POWDER 10ML,"2,520.00",,,Luton Hospital,,,,1,"2,520.00",https://i.postimg.cc/s24h1HsW/pharma-1.png,,
LUTON-3159,SOLUWAX EAR DROPS,195,,,Luton Hospital,,,,1,195,https://i.postimg.cc/s24h1HsW/pharma-1.png,,
LUTON-3160,SOMPRAZ IT,100,,,Luton Hospital,,,,1,100,https://i.postimg.cc/s24h1HsW/pharma-1.png,,
LUTON-3161,SPACER ADULT,"2,250.00",,,Luton Hospital,,,,1,"2,250.00",https://i.postimg.cc/s24h1HsW/pharma-1.png,,
LUTON-3162,SPACER CHILD WITH MASK,"2,500.00",,,Luton Hospital,,,,1,"2,500.00",https://i.postimg.cc/s24h1HsW/pharma-1.png,,
LUTON-3163,SPAGHETTI,0,,,Luton Hospital,,,,1,0,https://i.postimg.cc/s24h1HsW/pharma-1.png,,
LUTON-3164,SPENCER WELLS (CURVED),0,,,Luton Hospital,,,,1,0,https://i.postimg.cc/s24h1HsW/pharma-1.png,,
LUTON-3165,SPENCER WELLS (STRAIGHT),0,,,Luton Hospital,,,,1,0,https://i.postimg.cc/s24h1HsW/pharma-1.png,,
LUTON-3166,SPICES,0,,,Luton Hospital,,,,1,0,https://i.postimg.cc/s24h1HsW/pharma-1.png,,
LUTON-3167,SPIGOT,50,,,Luton Hospital,,,,1,50,https://i.postimg.cc/s24h1HsW/pharma-1.png,,
LUTON-3168,SPINAL NEEDLES G22,320,,,Luton Hospital,,,,1,320,https://i.postimg.cc/s24h1HsW/pharma-1.png,,
LUTON-3169,SPINAL NEEDLES G25,320,,,Luton Hospital,,,,1,320,https://i.postimg.cc/s24h1HsW/pharma-1.png,,
LUTON-3170,SPIRINOLACTONE 25MG +TORSEMIDE 10MG ( SPIROGEN ) 10S,105,,,Luton Hospital,,,,1,105,https://i.postimg.cc/s24h1HsW/pharma-1.png,,
LUTON-3171,SPIROMETER 1200CC WITH FILTER,"3,800.00",,,Luton Hospital,,,,1,"3,800.00",https://i.postimg.cc/s24h1HsW/pharma-1.png,,
LUTON-3172,SPIROMETER 5000ML WITH FILTER,"3,600.00",,,Luton Hospital,,,,1,"3,600.00",https://i.postimg.cc/s24h1HsW/pharma-1.png,,
LUTON-3173,SPIRONOLACTONE 100MG TABS 10S (ALDACTONE 100MG),130,,,Luton Hospital,,,,1,130,https://i.postimg.cc/s24h1HsW/pharma-1.png,,
LUTON-3174,SPIRONOLACTONE 25MG 100S (SPIRON),15,,,Luton Hospital,,,,1,15,https://i.postimg.cc/s24h1HsW/pharma-1.png,,
LUTON-3175,SPIRONOLACTONE 25MG TABLETS (LACTONE),15,,,Luton Hospital,,,,1,15,https://i.postimg.cc/s24h1HsW/pharma-1.png,,
LUTON-3176,SPIRONOLACTONE 25MG TABS (ALDACTONE),30,,,Luton Hospital,,,,1,30,https://i.postimg.cc/s24h1HsW/pharma-1.png,,
LUTON-3177,SPIRONOLACTONE 5MG/ML ORAL SUSPENSION 80ML (ALDACTONE COMPOUNDED),"4,500.00",,,Luton Hospital,,,,1,"4,500.00",https://i.postimg.cc/s24h1HsW/pharma-1.png,,
LUTON-3178,SPUTNIK V COVID VACCINE,"10,000.00",,,Luton Hospital,,,,1,"10,000.00",https://i.postimg.cc/s24h1HsW/pharma-1.png,,
LUTON-3179,STAFF LUNCHEON,"1,950.00",,,Luton Hospital,,,,1,"1,950.00",https://i.postimg.cc/s24h1HsW/pharma-1.png,,
LUTON-3180,STAFF UNIFROM SHIRT,"1,201.00",,,Luton Hospital,,,,1,"1,201.00",https://i.postimg.cc/s24h1HsW/pharma-1.png,,
LUTON-3181,STAMARIL (YELLOW FEVER VACCINE),"7,000.00",,,Luton Hospital,,,,1,"7,000.00",https://i.postimg.cc/s24h1HsW/pharma-1.png,,
LUTON-3182,STERANIUS 2% NG 5L,"4,361.00",,,Luton Hospital,,,,1,"4,361.00",https://i.postimg.cc/s24h1HsW/pharma-1.png,,
LUTON-3183,STERILE EYE PAD,500,,,Luton Hospital,,,,1,500,https://i.postimg.cc/s24h1HsW/pharma-1.png,,
LUTON-3184,STERILE GAUZE 1 PC,500,,,Luton Hospital,,,,1,500,https://i.postimg.cc/s24h1HsW/pharma-1.png,,
LUTON-3185,STERILIZATION POUCHES SELF SEALING (3.5*10),"2,500.00",,,Luton Hospital,,,,1,"2,500.00",https://i.postimg.cc/s24h1HsW/pharma-1.png,,
LUTON-3186,STERIMAR ISOTONIC NASAL HYGIENE SOLUTION,375,,,Luton Hospital,,,,1,375,https://i.postimg.cc/s24h1HsW/pharma-1.png,,
LUTON-3187,STETHOSCOPE,0,,,Luton Hospital,,,,1,0,https://i.postimg.cc/s24h1HsW/pharma-1.png,,
LUTON-3188,STONE,0,,,Luton Hospital,,,,1,0,https://i.postimg.cc/s24h1HsW/pharma-1.png,,
LUTON-3189,STOP 500MG(HEMSAMIC ACID),27,,,Luton Hospital,,,,1,27,https://i.postimg.cc/s24h1HsW/pharma-1.png,,
LUTON-3190,STRAPPING 4INCH,350,,,Luton Hospital,,,,1,350,https://i.postimg.cc/s24h1HsW/pharma-1.png,,
LUTON-3191,STRAPPING 6INCH,250,,,Luton Hospital,,,,1,250,https://i.postimg.cc/s24h1HsW/pharma-1.png,,
LUTON-3192,STREPSILS (HONEY N LEMON),40,,,Luton Hospital,,,,1,40,https://i.postimg.cc/s24h1HsW/pharma-1.png,,
LUTON-3193,SUCRALFATE,36,,,Luton Hospital,,,,1,36,https://i.postimg.cc/s24h1HsW/pharma-1.png,,
LUTON-3194,SUCRALFATE 500MG +OXETACAINE 10MG /5ML ( OPTICID GEL ),"1,100.00",,,Luton Hospital,,,,1,"1,100.00",https://i.postimg.cc/s24h1HsW/pharma-1.png,,
LUTON-3195,SUCRALFATE 500MG/5ML GEL 100ML (SUCRAFIL O),316,,,Luton Hospital,,,,1,316,https://i.postimg.cc/s24h1HsW/pharma-1.png,,
LUTON-3196,SUCTION CATHETER 10G (BLACK),135,,,Luton Hospital,,,,1,135,https://i.postimg.cc/s24h1HsW/pharma-1.png,,
LUTON-3197,SUCTION CATHETER 12G (WHITE),135,,,Luton Hospital,,,,1,135,https://i.postimg.cc/s24h1HsW/pharma-1.png,,
LUTON-3198,SUCTION CATHETER 14G (GREEN),200,,,Luton Hospital,,,,1,200,https://i.postimg.cc/s24h1HsW/pharma-1.png,,
LUTON-3199,SUCTION CATHETER 16G (ORANGE),200,,,Luton Hospital,,,,1,200,https://i.postimg.cc/s24h1HsW/pharma-1.png,,
LUTON-3200,SUCTION CATHETER 4FG,200,,,Luton Hospital,,,,1,200,https://i.postimg.cc/s24h1HsW/pharma-1.png,,
LUTON-3201,SUCTION CATHETER 6(LIGHT GREEN),200,,,Luton Hospital,,,,1,200,https://i.postimg.cc/s24h1HsW/pharma-1.png,,
LUTON-3202,SUCTION CATHETER G8 (BLUE),200,,,Luton Hospital,,,,1,200,https://i.postimg.cc/s24h1HsW/pharma-1.png,,
LUTON-3203,SUCTION FILTER- LARGE,"2,175.00",,,Luton Hospital,,,,1,"2,175.00",https://i.postimg.cc/s24h1HsW/pharma-1.png,,
LUTON-3204,SUCTION FILTER- SMALL,"2,175.00",,,Luton Hospital,,,,1,"2,175.00",https://i.postimg.cc/s24h1HsW/pharma-1.png,,
LUTON-3205,SUCTION TIPS (SALIVA EJECTORS),0,,,Luton Hospital,,,,1,0,https://i.postimg.cc/s24h1HsW/pharma-1.png,,
LUTON-3206,SUCTION TUBING,900,,,Luton Hospital,,,,1,900,https://i.postimg.cc/s24h1HsW/pharma-1.png,,
LUTON-3207,SUDO CREAM 60GMS,"1,265.00",,,Luton Hospital,,,,1,"1,265.00",https://i.postimg.cc/s24h1HsW/pharma-1.png,,
LUTON-3208,SULPHUR OINTMENT,150,,,Luton Hospital,,,,1,150,https://i.postimg.cc/s24h1HsW/pharma-1.png,,
LUTON-3209,SUMATRIPTAN 50MG 20S,110,,,Luton Hospital,,,,1,110,https://i.postimg.cc/s24h1HsW/pharma-1.png,,
LUTON-3210,SUNSCREEN SPF 50+ LOTION 60ML (SUNKISSED),"2,500.00",,,Luton Hospital,,,,1,"2,500.00",https://i.postimg.cc/s24h1HsW/pharma-1.png,,
LUTON-3211,SUPPORTAN DRINK,900,,,Luton Hospital,,,,1,900,https://i.postimg.cc/s24h1HsW/pharma-1.png,,
LUTON-3212,SURFACTANT INJ 5ML/KG,"37,500.00",,,Luton Hospital,,,,1,"37,500.00",https://i.postimg.cc/s24h1HsW/pharma-1.png,,
LUTON-3213,SURFANOS,"9,750.00",,,Luton Hospital,,,,1,"9,750.00",https://i.postimg.cc/s24h1HsW/pharma-1.png,,
LUTON-3214,SURGEON CAPS,50,,,Luton Hospital,,,,1,50,https://i.postimg.cc/s24h1HsW/pharma-1.png,,
LUTON-3215,SURGEON GOWNS,"1,050.00",,,Luton Hospital,,,,1,"1,050.00",https://i.postimg.cc/s24h1HsW/pharma-1.png,,
LUTON-3216,SURGICAL BLADE G11,20,,,Luton Hospital,,,,1,20,https://i.postimg.cc/s24h1HsW/pharma-1.png,,
LUTON-3217,SURGICAL BLADE G15,10,,,Luton Hospital,,,,1,10,https://i.postimg.cc/s24h1HsW/pharma-1.png,,
LUTON-3218,SURGICAL BLADE G23 (100S),50,,,Luton Hospital,,,,1,50,https://i.postimg.cc/s24h1HsW/pharma-1.png,,
LUTON-3219,SURGICAL BLADES G24 (100S),50,,,Luton Hospital,,,,1,50,https://i.postimg.cc/s24h1HsW/pharma-1.png,,
LUTON-3220,SURGICAL FACE MASKS PER PIECE,15,,,Luton Hospital,,,,1,15,https://i.postimg.cc/s24h1HsW/pharma-1.png,,
LUTON-3221,SURGICAL GLOVES SIZE 6.5,100,,,Luton Hospital,,,,1,100,https://i.postimg.cc/s24h1HsW/pharma-1.png,,
LUTON-3222,SURGICAL GLOVES SIZE 7,100,,,Luton Hospital,,,,1,100,https://i.postimg.cc/s24h1HsW/pharma-1.png,,
LUTON-3223,SURGICAL GLOVES SIZE 7.5,100,,,Luton Hospital,,,,1,100,https://i.postimg.cc/s24h1HsW/pharma-1.png,,
LUTON-3224,SURGICAL GLOVES SIZE 8,100,,,Luton Hospital,,,,1,100,https://i.postimg.cc/s24h1HsW/pharma-1.png,,
LUTON-3225,SURGICAL GOWN(NON STERILE),808,,,Luton Hospital,,,,1,808,https://i.postimg.cc/s24h1HsW/pharma-1.png,,
LUTON-3226,SURGICAL GOWNS (STERILE),808,,,Luton Hospital,,,,1,808,https://i.postimg.cc/s24h1HsW/pharma-1.png,,
LUTON-3227,SURGICAL MASK PER PIECE,10,,,Luton Hospital,,,,1,10,https://i.postimg.cc/s24h1HsW/pharma-1.png,,
LUTON-3228,SURGICAL SPIRIT 5 LITRES,"1,500.00",,,Luton Hospital,,,,1,"1,500.00",https://i.postimg.cc/s24h1HsW/pharma-1.png,,
LUTON-3229,SURGICAL SPIRIT 500ml,250,,,Luton Hospital,,,,1,250,https://i.postimg.cc/s24h1HsW/pharma-1.png,,
LUTON-3230,SURGICEL (10*20 CM),"4,500.00",,,Luton Hospital,,,,1,"4,500.00",https://i.postimg.cc/s24h1HsW/pharma-1.png,,
LUTON-3231,SURGICEL (5*7.5),"1,800.00",,,Luton Hospital,,,,1,"1,800.00",https://i.postimg.cc/s24h1HsW/pharma-1.png,,
LUTON-3232,SUTURE 2/0 RB,200,,,Luton Hospital,,,,1,200,https://i.postimg.cc/s24h1HsW/pharma-1.png,,
LUTON-3233,SUTURE 2/0 RC,200,,,Luton Hospital,,,,1,200,https://i.postimg.cc/s24h1HsW/pharma-1.png,,
LUTON-3234,SUTURE 3/0 RC,200,,,Luton Hospital,,,,1,200,https://i.postimg.cc/s24h1HsW/pharma-1.png,,
LUTON-3235,SUTURE W31C,200,,,Luton Hospital,,,,1,200,https://i.postimg.cc/s24h1HsW/pharma-1.png,,
LUTON-3236,"SUXAMETHONIUM INJ 100MG 50MG/ML, 2ML",400,,,Luton Hospital,,,,1,400,https://i.postimg.cc/s24h1HsW/pharma-1.png,,
LUTON-3237,SYSTANE ULTRA EYE DROPS 10ML,"2,110.00",,,Luton Hospital,,,,1,"2,110.00",https://i.postimg.cc/s24h1HsW/pharma-1.png,,
LUTON-3238,T-PIECE,"5,550.00",,,Luton Hospital,,,,1,"5,550.00",https://i.postimg.cc/s24h1HsW/pharma-1.png,,
LUTON-3239,TACROLIMUS 0.1% OINTMENT 10G (TACROZ FORTE),"1,460.00",,,Luton Hospital,,,,1,"1,460.00",https://i.postimg.cc/s24h1HsW/pharma-1.png,,
LUTON-3240,TACROLIMUS CAPS 1.0 MG ( PANGRAF),98,,,Luton Hospital,,,,1,98,https://i.postimg.cc/s24h1HsW/pharma-1.png,,
LUTON-3241,TADALAFIL 20MG,10,,,Luton Hospital,,,,1,10,https://i.postimg.cc/s24h1HsW/pharma-1.png,,
LUTON-3242,TADALAFIL 5 MG ( TADIFA ),100,,,Luton Hospital,,,,1,100,https://i.postimg.cc/s24h1HsW/pharma-1.png,,
LUTON-3243,TADALAFIL 5MG +TAMSULOSIN 0.4MG TABS 30S (TALGENTIS PLUS),150,,,Luton Hospital,,,,1,150,https://i.postimg.cc/s24h1HsW/pharma-1.png,,
LUTON-3244,TALGENTIS 20MG,200,,,Luton Hospital,,,,1,200,https://i.postimg.cc/s24h1HsW/pharma-1.png,,
LUTON-3245,TALGENTIS 5MG,120,,,Luton Hospital,,,,1,120,https://i.postimg.cc/s24h1HsW/pharma-1.png,,
LUTON-3246,TAMEPYN TABS,20,,,Luton Hospital,,,,1,20,https://i.postimg.cc/s24h1HsW/pharma-1.png,,
LUTON-3247,TAMSULOSIN 400MCG AND SOLIFENACIN 6MG TABS 30S (TAMSOLIN -S),150,,,Luton Hospital,,,,1,150,https://i.postimg.cc/s24h1HsW/pharma-1.png,,
LUTON-3248,TAMSULOSIN 400MCG CAPS 10S (CONTIFLO OD),100,,,Luton Hospital,,,,1,100,https://i.postimg.cc/s24h1HsW/pharma-1.png,,
LUTON-3249,TAMSULOSIN 400MCG CAPS 10S (TAMSOLIN ),85,,,Luton Hospital,,,,1,85,https://i.postimg.cc/s24h1HsW/pharma-1.png,,
LUTON-3250,TAMSULOSIN 0.4MG AND DUTASTERIDE 0.5MG TABS 30S (TAMDURA),85,,,Luton Hospital,,,,1,85,https://i.postimg.cc/s24h1HsW/pharma-1.png,,
LUTON-3251,TAMSULOSIN 400MCG CAPSULES (TAMZED-0.4),75,,,Luton Hospital,,,,1,75,https://i.postimg.cc/s24h1HsW/pharma-1.png,,
LUTON-3252,TAMSULOSIN HCI CAPSULES 0.4 MG ( TAMZED ) 10S,70,,,Luton Hospital,,,,1,70,https://i.postimg.cc/s24h1HsW/pharma-1.png,,
LUTON-3253,TAMSULOSIN HCL 0.4MG (PROSTATIN) 10S,110,,,Luton Hospital,,,,1,110,https://i.postimg.cc/s24h1HsW/pharma-1.png,,
LUTON-3254,TAMSULOSIN HCL 400MCG,80,,,Luton Hospital,,,,1,80,https://i.postimg.cc/s24h1HsW/pharma-1.png,,
LUTON-3255,TAMZED 0.4MG TABS,67,,,Luton Hospital,,,,1,67,https://i.postimg.cc/s24h1HsW/pharma-1.png,,
LUTON-3256,TAPE MEASURE,101,,,Luton Hospital,,,,1,101,https://i.postimg.cc/s24h1HsW/pharma-1.png,,
LUTON-3257,TAPENTADOL 100MG ER TABS 10S (TERPYNTA 100 ER),180,,,Luton Hospital,,,,1,180,https://i.postimg.cc/s24h1HsW/pharma-1.png,,
LUTON-3258,TAPENTADOL 100MG TABS 10S (TAPAL 100),110,,,Luton Hospital,,,,1,110,https://i.postimg.cc/s24h1HsW/pharma-1.png,,
LUTON-3259,TAZOBACTAM/PIPERACILLIN 4.5G INJ (YANOVEN),"1,400.00",,,Luton Hospital,,,,1,"1,400.00",https://i.postimg.cc/s24h1HsW/pharma-1.png,,
LUTON-3260,TB PATIENT PACK CATEGORY I AND III (STOP TB KIT),0,,,Luton Hospital,,,,1,0,https://i.postimg.cc/s24h1HsW/pharma-1.png,,
LUTON-3261,TEARS NATURALLE DROPS,860,,,Luton Hospital,,,,1,860,https://i.postimg.cc/s24h1HsW/pharma-1.png,,
LUTON-3262,TECLONID 80/10,75,,,Luton Hospital,,,,1,75,https://i.postimg.cc/s24h1HsW/pharma-1.png,,
LUTON-3263,TEGRETOL 200MG,30,,,Luton Hospital,,,,1,30,https://i.postimg.cc/s24h1HsW/pharma-1.png,,
LUTON-3264,TELMISARTAN 40MG ( TELMI 40 ) 30S,75,,,Luton Hospital,,,,1,75,https://i.postimg.cc/s24h1HsW/pharma-1.png,,
LUTON-3265,TELMISARTAN 40MG +CHLORTHALIDONE 12.5MG ( GLENTEL CT 40 ) 30S,90,,,Luton Hospital,,,,1,90,https://i.postimg.cc/s24h1HsW/pharma-1.png,,
LUTON-3266,TELMISARTAN 40MG +CILNIDIPINE 20MG 30S ( GLENTEL CCB 40/20 ),70,,,Luton Hospital,,,,1,70,https://i.postimg.cc/s24h1HsW/pharma-1.png,,
LUTON-3267,TELMISARTAN 40MG +HCTZ 12.5MG ( GLENTEL 40 H ) 30S,60,,,Luton Hospital,,,,1,60,https://i.postimg.cc/s24h1HsW/pharma-1.png,,
LUTON-3268,TELMISARTAN 40MG +HCTZ 12.5MG+AMLODIPINE 5MG( GLENTEL AMH40 ) 30S,115,,,Luton Hospital,,,,1,115,https://i.postimg.cc/s24h1HsW/pharma-1.png,,
LUTON-3269,TELMISARTAN 40MG AND CHLORTHALIDONE 12.5MG TABS (TELGOOD 40 CT 12.5),70,,,Luton Hospital,,,,1,70,https://i.postimg.cc/s24h1HsW/pharma-1.png,,
LUTON-3270,TELMISARTAN 40MG AND CHLORTHALIDONE 6.25MG TABS (TELGOOD 40 CT 6.25),65,,,Luton Hospital,,,,1,65,https://i.postimg.cc/s24h1HsW/pharma-1.png,,
LUTON-3271,TELMISARTAN 40MG AND S-AMLODIPINE 2.5MG TABS 30S (CARDIPIN 40/2.5),60,,,Luton Hospital,,,,1,60,https://i.postimg.cc/s24h1HsW/pharma-1.png,,
LUTON-3272,TELMISARTAN 40MG TABS (HYTEL 40),45,,,Luton Hospital,,,,1,45,https://i.postimg.cc/s24h1HsW/pharma-1.png,,
LUTON-3273,"TELMISARTAN 40MG, S-AMLODIPINE 2.5MG AND HCTZ 12.5MG TABS 30S (CARDIPIN 40/2.5 H)",65,,,Luton Hospital,,,,1,65,https://i.postimg.cc/s24h1HsW/pharma-1.png,,
LUTON-3274,"TELMISARTAN 40MG, AMLODIPINE 5MG AND CHLORTHALIDONE 6.25MG TABS (TELGOOD AM CT 6.25)",75,,,Luton Hospital,,,,1,75,https://i.postimg.cc/s24h1HsW/pharma-1.png,,
LUTON-3275,TELMISARTAN 40MG/ AMLODIPINE 5MG TABS 30S (ONTEL 40AM),65,,,Luton Hospital,,,,1,65,https://i.postimg.cc/s24h1HsW/pharma-1.png,,
LUTON-3276,TELMISARTAN 40MG/ HCTZ 12.5MG TABS 30S (ONTEL 40H),55,,,Luton Hospital,,,,1,55,https://i.postimg.cc/s24h1HsW/pharma-1.png,,
LUTON-3277,TELMISARTAN 40MG/HYDROCHLOROTHIAZIDE 12.5MG TABS (TELMI 40H),62,,,Luton Hospital,,,,1,62,https://i.postimg.cc/s24h1HsW/pharma-1.png,,
LUTON-3278,TELMISARTAN 40MG/HYDROCHLOROTHIAZIDE 12.5MG TABS (ZARTAN H),50,,,Luton Hospital,,,,1,50,https://i.postimg.cc/s24h1HsW/pharma-1.png,,
LUTON-3279,TELMISARTAN 80 (MICARDIS),140,,,Luton Hospital,,,,1,140,https://i.postimg.cc/s24h1HsW/pharma-1.png,,
LUTON-3280,TELMISARTAN 80MG (ONTEL 80) 30S,80,,,Luton Hospital,,,,1,80,https://i.postimg.cc/s24h1HsW/pharma-1.png,,
LUTON-3281,TELMISARTAN 80MG (TELMI 80),85,,,Luton Hospital,,,,1,85,https://i.postimg.cc/s24h1HsW/pharma-1.png,,
LUTON-3282,TELMISARTAN 80MG +AMLODIPINE 10MG TABS 30S (AMTEL 80/10),100,,,Luton Hospital,,,,1,100,https://i.postimg.cc/s24h1HsW/pharma-1.png,,
LUTON-3283,TELMISARTAN 80MG +CHLORTHALIDONE 12.5MG ( GLENTEL CT 80 ) 30S,110,,,Luton Hospital,,,,1,110,https://i.postimg.cc/s24h1HsW/pharma-1.png,,
LUTON-3284,TELMISARTAN 80MG +HCTZ 12.5MG ( GLENTEL 80 H ) 30S,83,,,Luton Hospital,,,,1,83,https://i.postimg.cc/s24h1HsW/pharma-1.png,,
LUTON-3285,TELMISARTAN 80MG +HCTZ 12.5MG+AMLODIPINE 5MG( GLENTEL AMH 80 ) 30S,125,,,Luton Hospital,,,,1,125,https://i.postimg.cc/s24h1HsW/pharma-1.png,,
LUTON-3286,TELMISARTAN 80MG AND AMLODIPINE 5MG TABS (TELMI 80AM),120,,,Luton Hospital,,,,1,120,https://i.postimg.cc/s24h1HsW/pharma-1.png,,
LUTON-3287,TELMISARTAN 80MG AND CHLORTHALIDONE 12.5MG TABS (TELGOOD 80 CT),85,,,Luton Hospital,,,,1,85,https://i.postimg.cc/s24h1HsW/pharma-1.png,,
LUTON-3288,TELMISARTAN 80MG AND S-AMLODIPINE 2.5MG TABS 30S (CARDIPIN 80/2.5),95,,,Luton Hospital,,,,1,95,https://i.postimg.cc/s24h1HsW/pharma-1.png,,
LUTON-3289,TELMISARTAN 80MG TABS (ZYTEL 80),85,,,Luton Hospital,,,,1,85,https://i.postimg.cc/s24h1HsW/pharma-1.png,,
LUTON-3290,TELMISARTAN 80MG/ AMLODIPINE 5MG TABS 30S (ONTEL 80AM),95,,,Luton Hospital,,,,1,95,https://i.postimg.cc/s24h1HsW/pharma-1.png,,
LUTON-3291,TELMISARTAN 80MG/ AMLODIPINE 5MG/ HCTZ 12.5MG TABS 30S (ONTEL 80 TRIO),115,,,Luton Hospital,,,,1,115,https://i.postimg.cc/s24h1HsW/pharma-1.png,,
LUTON-3292,TELMISARTAN 80MG/ HCTZ 12.5MG TABS 30S (ONTEL 80H),85,,,Luton Hospital,,,,1,85,https://i.postimg.cc/s24h1HsW/pharma-1.png,,
LUTON-3293,TELMISARTAN 80MG/AMLODIPINE 10MG TABS (TWYNSTA),200,,,Luton Hospital,,,,1,200,https://i.postimg.cc/s24h1HsW/pharma-1.png,,
LUTON-3294,TELMISARTAN 80MG/HCTZ 12.5MG TABS (TELMI 80H),95,,,Luton Hospital,,,,1,95,https://i.postimg.cc/s24h1HsW/pharma-1.png,,
LUTON-3295,"TELMISARTAN, CILNIDIPINE 10MG AND CHLORTHALIDONE TABS (CO-TECLONID 40/10/6.25)",130,,,Luton Hospital,,,,1,130,https://i.postimg.cc/s24h1HsW/pharma-1.png,,
LUTON-3296,"TELMISARTAN, CILNIDIPINE 20MG AND CHLORTHALIDONE TABS (CO-TECLONID 40/20/12.5)",130,,,Luton Hospital,,,,1,130,https://i.postimg.cc/s24h1HsW/pharma-1.png,,
LUTON-3297,TELMISARTAN/HCTZ 40/12.5MG TABS 28S (CO MICARDIS 40/12.5),150,,,Luton Hospital,,,,1,150,https://i.postimg.cc/s24h1HsW/pharma-1.png,,
LUTON-3298,TELMISARTAN/HCTZ 80/12.5MG TABS 28S (CO MICARDIS 80/12.5),165,,,Luton Hospital,,,,1,165,https://i.postimg.cc/s24h1HsW/pharma-1.png,,
LUTON-3299,TENOFOVIR 300MG/ LAMIVUDINE 150MG/ EFAVIRENZ 600MG (TDF/3TC/EFV),300,,,Luton Hospital,,,,1,300,https://i.postimg.cc/s24h1HsW/pharma-1.png,,
LUTON-3300,TENOFOVIR 300MG/ LAMIVUDINE 3000MG TABS 30S (TDF/3TC),0,,,Luton Hospital,,,,1,0,https://i.postimg.cc/s24h1HsW/pharma-1.png,,
LUTON-3301,TENOFOVIR 300MG/LAMUVIDINE 150MG/DALTEGRAVIR (TDF/3TC/DTG),900,,,Luton Hospital,,,,1,900,https://i.postimg.cc/s24h1HsW/pharma-1.png,,
LUTON-3302,TENOFOVIR 300MG/LAMUVIDINE 300MG/DOLUTEGRAVIR 50MG (TLD),0,,,Luton Hospital,,,,1,0,https://i.postimg.cc/s24h1HsW/pharma-1.png,,
LUTON-3303,TENOFOVIR ALAFENAMIDE 25MG/LAMUVIDINE 300MG/DOLUTEGRAVIR 50MG TABS (TAF-LD),0,,,Luton Hospital,,,,1,0,https://i.postimg.cc/s24h1HsW/pharma-1.png,,
LUTON-3304,TENSOPLAST,"3,900.00",,,Luton Hospital,,,,1,"3,900.00",https://i.postimg.cc/s24h1HsW/pharma-1.png,,
LUTON-3305,TERBINAFINE + MOMETASONE ( FUNGISIL-M ),800,,,Luton Hospital,,,,1,800,https://i.postimg.cc/s24h1HsW/pharma-1.png,,
LUTON-3306,TERBINAFINE 1% CREAM (ONCOSIL),450,,,Luton Hospital,,,,1,450,https://i.postimg.cc/s24h1HsW/pharma-1.png,,
LUTON-3307,TERBINAFINE 1% CREAM (TERBIN),500,,,Luton Hospital,,,,1,500,https://i.postimg.cc/s24h1HsW/pharma-1.png,,
LUTON-3308,TERBINAFINE 1% CREAM (TERBINOL),638,,,Luton Hospital,,,,1,638,https://i.postimg.cc/s24h1HsW/pharma-1.png,,
LUTON-3309,TERBINAFINE 125MG TABLETS 10S,50,,,Luton Hospital,,,,1,50,https://i.postimg.cc/s24h1HsW/pharma-1.png,,
LUTON-3310,TERBINAFINE 250MG TABLETS (ONCOSIL),150,,,Luton Hospital,,,,1,150,https://i.postimg.cc/s24h1HsW/pharma-1.png,,
LUTON-3311,TERBINAFINE 250MG TABLETS (TERBINAFORCE),50,,,Luton Hospital,,,,1,50,https://i.postimg.cc/s24h1HsW/pharma-1.png,,
LUTON-3312,TERBINAFINE 250MG TABLETS (TERBINAFORCE) 30S,50,,,Luton Hospital,,,,1,50,https://i.postimg.cc/s24h1HsW/pharma-1.png,,
LUTON-3313,TERBINAFINE 250MG TABS (TERBINOL),183,,,Luton Hospital,,,,1,183,https://i.postimg.cc/s24h1HsW/pharma-1.png,,
LUTON-3314,TERBINAFINE CREAM 1% (TERBICARE),400,,,Luton Hospital,,,,1,400,https://i.postimg.cc/s24h1HsW/pharma-1.png,,
LUTON-3315,TERBINAFINE CREAM 15GM,405,,,Luton Hospital,,,,1,405,https://i.postimg.cc/s24h1HsW/pharma-1.png,,
LUTON-3316,TERBINAFINE/ OFLOXACIN/ORNIDAZOLE/CLOBETASOL CREAM (TERBIBACT MIXI),600,,,Luton Hospital,,,,1,600,https://i.postimg.cc/s24h1HsW/pharma-1.png,,
LUTON-3317,TERBUTALINE 1.25MG/NH4CL 60MG/SODIUM CITRATE 25MG SYRUP (BRONCHOPED),270,,,Luton Hospital,,,,1,270,https://i.postimg.cc/s24h1HsW/pharma-1.png,,
LUTON-3318,TERLIPRESSIN ACETATE 1MG INJ,"5,250.00",,,Luton Hospital,,,,1,"5,250.00",https://i.postimg.cc/s24h1HsW/pharma-1.png,,
LUTON-3319,TERMINUS SPRAY 30ML,"1,200.00",,,Luton Hospital,,,,1,"1,200.00",https://i.postimg.cc/s24h1HsW/pharma-1.png,,
LUTON-3320,TETANUS INJECTION MULTIDOSE VIAL,550,,,Luton Hospital,,,,1,550,https://i.postimg.cc/s24h1HsW/pharma-1.png,,
LUTON-3321,TETANUS VACCINE SINGLE DOSE,200,,,Luton Hospital,,,,1,200,https://i.postimg.cc/s24h1HsW/pharma-1.png,,
LUTON-3322,TETRACYCLINE EYE OINT,50,,,Luton Hospital,,,,1,50,https://i.postimg.cc/s24h1HsW/pharma-1.png,,
LUTON-3323,TETRAHYDRAZOLINE 0.05% EYE DROPS1 10ML (ONAZIN),388.5,,,Luton Hospital,,,,1,388.5,https://i.postimg.cc/s24h1HsW/pharma-1.png,,
LUTON-3324,THEATRE CHARGE SHEET,0,,,Luton Hospital,,,,1,0,https://i.postimg.cc/s24h1HsW/pharma-1.png,,
LUTON-3325,THEATRE CONSUMABLES,"50,000.00",,,Luton Hospital,,,,1,"50,000.00",https://i.postimg.cc/s24h1HsW/pharma-1.png,,
LUTON-3326,THEOPHYLLINE 400MG ( UNICONTIN )100S,60,,,Luton Hospital,,,,1,60,https://i.postimg.cc/s24h1HsW/pharma-1.png,,
LUTON-3327,THEOPHYLLINE/EPHEDRINE,10,,,Luton Hospital,,,,1,10,https://i.postimg.cc/s24h1HsW/pharma-1.png,,
LUTON-3328,THERMO VENT,600,,,Luton Hospital,,,,1,600,https://i.postimg.cc/s24h1HsW/pharma-1.png,,
LUTON-3329,THERMOVENT WITH TUBINGS,675,,,Luton Hospital,,,,1,675,https://i.postimg.cc/s24h1HsW/pharma-1.png,,
LUTON-3330,THIAMINE (VITAMIN B1 TABLETS),18,,,Luton Hospital,,,,1,18,https://i.postimg.cc/s24h1HsW/pharma-1.png,,
LUTON-3331,THIAMINE (VITAMIN B1) INJECTION 100MG/2ML (BEVITINE),"1,000.00",,,Luton Hospital,,,,1,"1,000.00",https://i.postimg.cc/s24h1HsW/pharma-1.png,,
LUTON-3332,"THIAMINE, PYRIDOXINE AND COBALAMINE TABS 10S (SUBNEURO-NLG FORTE)",30,,,Luton Hospital,,,,1,30,https://i.postimg.cc/s24h1HsW/pharma-1.png,,
LUTON-3333,THIOCHICOSIDE CREAM ( PANASH ),"1,000.00",,,Luton Hospital,,,,1,"1,000.00",https://i.postimg.cc/s24h1HsW/pharma-1.png,,
LUTON-3334,THIOCOLCHICOSIDE 0.25% 30G CREAM (PANASH),510,,,Luton Hospital,,,,1,510,https://i.postimg.cc/s24h1HsW/pharma-1.png,,
LUTON-3335,THREPTIN DISKETTES 275G,"1,722.00",,,Luton Hospital,,,,1,"1,722.00",https://i.postimg.cc/s24h1HsW/pharma-1.png,,
LUTON-3336,THREPTIN MICROMIX 200G,"1,500.00",,,Luton Hospital,,,,1,"1,500.00",https://i.postimg.cc/s24h1HsW/pharma-1.png,,
LUTON-3337,THROAT LOZENGES (STREPSILS HONEY AND LEMON),40,,,Luton Hospital,,,,1,40,https://i.postimg.cc/s24h1HsW/pharma-1.png,,
LUTON-3338,TIEMONIUM 50MG TAB 20S (ALGIN),30,,,Luton Hospital,,,,1,30,https://i.postimg.cc/s24h1HsW/pharma-1.png,,
LUTON-3339,TIES (ASSORTED),0,,,Luton Hospital,,,,1,0,https://i.postimg.cc/s24h1HsW/pharma-1.png,,
LUTON-3340,TIGECYCLINE 50MG INJECTION,"4,200.00",,,Luton Hospital,,,,1,"4,200.00",https://i.postimg.cc/s24h1HsW/pharma-1.png,,
LUTON-3341,TILAPIA WHOLE,"1,000.00",,,Luton Hospital,,,,1,"1,000.00",https://i.postimg.cc/s24h1HsW/pharma-1.png,,
LUTON-3342,TIMOLOL 0.5% EYE DROPS (TML),201,,,Luton Hospital,,,,1,201,https://i.postimg.cc/s24h1HsW/pharma-1.png,,
LUTON-3343,TINIDAZOLE 500MG TABS 4S,100,,,Luton Hospital,,,,1,100,https://i.postimg.cc/s24h1HsW/pharma-1.png,,
LUTON-3344,TIOTROPIUM BROMIDE 18MG CAPSULES + HANDIHALER (SPIRIVA),"8,500.00",,,Luton Hospital,,,,1,"8,500.00",https://i.postimg.cc/s24h1HsW/pharma-1.png,,
LUTON-3345,TIOTROPIUM BROMIDE 9MCG INHALER 200DOSES (TIOVA),"3,200.00",,,Luton Hospital,,,,1,"3,200.00",https://i.postimg.cc/s24h1HsW/pharma-1.png,,
LUTON-3346,TIP CLEANERS,180,,,Luton Hospital,,,,1,180,https://i.postimg.cc/s24h1HsW/pharma-1.png,,
LUTON-3347,TOBRADEX EYE DROP 5ML,"1,170.00",,,Luton Hospital,,,,1,"1,170.00",https://i.postimg.cc/s24h1HsW/pharma-1.png,,
LUTON-3348,TOBRAMYCIN 0.3 % EYE DROPS 5ML (TOBREX),630,,,Luton Hospital,,,,1,630,https://i.postimg.cc/s24h1HsW/pharma-1.png,,
LUTON-3349,TOCILIZUMAB 400MG INJECTION,"120,000.00",,,Luton Hospital,,,,1,"120,000.00",https://i.postimg.cc/s24h1HsW/pharma-1.png,,
LUTON-3350,TOFACITINIB 5MG TABLETS (RITRI),400,,,Luton Hospital,,,,1,400,https://i.postimg.cc/s24h1HsW/pharma-1.png,,
LUTON-3351,TOLVAPTAN,750,,,Luton Hospital,,,,1,750,https://i.postimg.cc/s24h1HsW/pharma-1.png,,
LUTON-3352,TOLVAPTAN 15 MG,675,,,Luton Hospital,,,,1,675,https://i.postimg.cc/s24h1HsW/pharma-1.png,,
LUTON-3353,TOLVAPTAN 30MG,"1,300.00",,,Luton Hospital,,,,1,"1,300.00",https://i.postimg.cc/s24h1HsW/pharma-1.png,,
LUTON-3354,TONGUE DEPRESSOR,5,,,Luton Hospital,,,,1,5,https://i.postimg.cc/s24h1HsW/pharma-1.png,,
LUTON-3355,TOPICAL GEL,0,,,Luton Hospital,,,,1,0,https://i.postimg.cc/s24h1HsW/pharma-1.png,,
LUTON-3356,TOPICAL SPRAY,0,,,Luton Hospital,,,,1,0,https://i.postimg.cc/s24h1HsW/pharma-1.png,,
LUTON-3357,TOPIRAMATE 25MG TABLETS 60S (TOPAMAX 25),60,,,Luton Hospital,,,,1,60,https://i.postimg.cc/s24h1HsW/pharma-1.png,,
LUTON-3358,TORASEMIDE / TORSEMIDE 10MG TABS 30S (TIBINA 10),25,,,Luton Hospital,,,,1,25,https://i.postimg.cc/s24h1HsW/pharma-1.png,,
LUTON-3359,TORASEMIDE / TORSEMIDE 20MG TABS 30S (TIBINA 20),35,,,Luton Hospital,,,,1,35,https://i.postimg.cc/s24h1HsW/pharma-1.png,,
LUTON-3360,TOROCEF - 1 (CEFTRIAXONE FOR INJECTION 1G),180,,,Luton Hospital,,,,1,180,https://i.postimg.cc/s24h1HsW/pharma-1.png,,
LUTON-3361,TORSEMIDE (TORASEMIDE) 10MG + EPLERENONE 25MG TABS (TORSENONE),130,,,Luton Hospital,,,,1,130,https://i.postimg.cc/s24h1HsW/pharma-1.png,,
LUTON-3362,TORSEMIDE 10 MG TABS (DIUTOR 10),45,,,Luton Hospital,,,,1,45,https://i.postimg.cc/s24h1HsW/pharma-1.png,,
LUTON-3363,TORSEMIDE 10MG (DIURIDE 10MG)20S,57,,,Luton Hospital,,,,1,57,https://i.postimg.cc/s24h1HsW/pharma-1.png,,
LUTON-3364,TORSEMIDE 10MG (TORSEWIN),55,,,Luton Hospital,,,,1,55,https://i.postimg.cc/s24h1HsW/pharma-1.png,,
LUTON-3365,TORSEMIDE 20MG (DIURIDE-20),110,,,Luton Hospital,,,,1,110,https://i.postimg.cc/s24h1HsW/pharma-1.png,,
LUTON-3366,TORSEMIDE 20MG TABS (DIUTOR 20),50,,,Luton Hospital,,,,1,50,https://i.postimg.cc/s24h1HsW/pharma-1.png,,
LUTON-3367,TORSEMIDE 20MG( TORSEWIN),50,,,Luton Hospital,,,,1,50,https://i.postimg.cc/s24h1HsW/pharma-1.png,,
LUTON-3368,TOURNIQUET,450,,,Luton Hospital,,,,1,450,https://i.postimg.cc/s24h1HsW/pharma-1.png,,
LUTON-3369,TOWEL CLIPS,0,,,Luton Hospital,,,,1,0,https://i.postimg.cc/s24h1HsW/pharma-1.png,,
LUTON-3370,TRACHEOSTOMY 5.5M,"1,350.00",,,Luton Hospital,,,,1,"1,350.00",https://i.postimg.cc/s24h1HsW/pharma-1.png,,
LUTON-3371,TRACHEOSTOMY CLOSED SUCTION SYSTEM- ADULT,"4,328.00",,,Luton Hospital,,,,1,"4,328.00",https://i.postimg.cc/s24h1HsW/pharma-1.png,,
LUTON-3372,TRACHEOSTOMY TUBE 3.0 (UNCUFFED),"1,000.00",,,Luton Hospital,,,,1,"1,000.00",https://i.postimg.cc/s24h1HsW/pharma-1.png,,
LUTON-3373,TRACHEOSTOMY TUBE 6.0 (CUFFED),"1,000.00",,,Luton Hospital,,,,1,"1,000.00",https://i.postimg.cc/s24h1HsW/pharma-1.png,,
LUTON-3374,TRACHEOSTOMY TUBE 6.0 (UNCUFFED),"1,000.00",,,Luton Hospital,,,,1,"1,000.00",https://i.postimg.cc/s24h1HsW/pharma-1.png,,
LUTON-3375,TRACHEOSTOMY TUBE 6.5 (CUFFED),"1,000.00",,,Luton Hospital,,,,1,"1,000.00",https://i.postimg.cc/s24h1HsW/pharma-1.png,,
LUTON-3376,TRACHEOSTOMY TUBE 6.5 (UNCUFFED),"1,000.00",,,Luton Hospital,,,,1,"1,000.00",https://i.postimg.cc/s24h1HsW/pharma-1.png,,
LUTON-3377,TRACHEOSTOMY TUBE 7.0 (CUFFED),"1,000.00",,,Luton Hospital,,,,1,"1,000.00",https://i.postimg.cc/s24h1HsW/pharma-1.png,,
LUTON-3378,TRACHEOSTOMY TUBE 7.0 (UNCUFFED),"1,000.00",,,Luton Hospital,,,,1,"1,000.00",https://i.postimg.cc/s24h1HsW/pharma-1.png,,
LUTON-3379,TRACHEOSTOMY TUBE 7.5 (CUFFED),"1,200.00",,,Luton Hospital,,,,1,"1,200.00",https://i.postimg.cc/s24h1HsW/pharma-1.png,,
LUTON-3380,TRACHEOSTOMY TUBE 7.5 (UNCUFFED),"1,000.00",,,Luton Hospital,,,,1,"1,000.00",https://i.postimg.cc/s24h1HsW/pharma-1.png,,
LUTON-3381,TRAMACETAL TABS,65,,,Luton Hospital,,,,1,65,https://i.postimg.cc/s24h1HsW/pharma-1.png,,
LUTON-3382,TRAMADOL INJECTION 100MG/2ML,300,,,Luton Hospital,,,,1,300,https://i.postimg.cc/s24h1HsW/pharma-1.png,,
LUTON-3383,TRAMADOL 100MG CAPS,30,,,Luton Hospital,,,,1,30,https://i.postimg.cc/s24h1HsW/pharma-1.png,,
LUTON-3384,TRAMADOL 100MG/2ML INJECTION,300,,,Luton Hospital,,,,1,300,https://i.postimg.cc/s24h1HsW/pharma-1.png,,
LUTON-3385,TRAMADOL 50MG CAPS (STROM),10,,,Luton Hospital,,,,1,10,https://i.postimg.cc/s24h1HsW/pharma-1.png,,
LUTON-3386,TRAMADOL 50MG CAPS (TRAMAL RETARD),"1,350.00",,,Luton Hospital,,,,1,"1,350.00",https://i.postimg.cc/s24h1HsW/pharma-1.png,,
LUTON-3387,TRAMADOL 50MG CAPSULES,135,,,Luton Hospital,,,,1,135,https://i.postimg.cc/s24h1HsW/pharma-1.png,,
LUTON-3388,TRAMADOL CR 100MG (TAKOL),80,,,Luton Hospital,,,,1,80,https://i.postimg.cc/s24h1HsW/pharma-1.png,,
LUTON-3389,TRAMADOL INJECTION 100MG/2ML 5S (TRAMAL),477,,,Luton Hospital,,,,1,477,https://i.postimg.cc/s24h1HsW/pharma-1.png,,
LUTON-3390,TRAMADOL INJECTION 100MG/2ML AMP,300,,,Luton Hospital,,,,1,300,https://i.postimg.cc/s24h1HsW/pharma-1.png,,
LUTON-3391,TRAMADOL RETARD 100MG CAPS (TRAMAL RETARD),50,,,Luton Hospital,,,,1,50,https://i.postimg.cc/s24h1HsW/pharma-1.png,,
LUTON-3392,TRAMADOL/PARACETAMOL 37.5MG/325MG (TRAMACET),70,,,Luton Hospital,,,,1,70,https://i.postimg.cc/s24h1HsW/pharma-1.png,,
LUTON-3393,TRAMADOL/PARACETAMOL 37.5MG/325MG (TRAP),40,,,Luton Hospital,,,,1,40,https://i.postimg.cc/s24h1HsW/pharma-1.png,,
LUTON-3394,TRANEXAMIC ACID 250MG (HEMSAMIC) 20S,30,,,Luton Hospital,,,,1,30,https://i.postimg.cc/s24h1HsW/pharma-1.png,,
LUTON-3395,TRANEXAMIC ACID 250MG CAPS (HEMSAMIC),31.5,,,Luton Hospital,,,,1,31.5,https://i.postimg.cc/s24h1HsW/pharma-1.png,,
LUTON-3396,TRANEXAMIC ACID 500MG & MEFENAMIC ACID 250MG TABS 10S (MENOZIP-MF),60,,,Luton Hospital,,,,1,60,https://i.postimg.cc/s24h1HsW/pharma-1.png,,
LUTON-3397,TRANEXAMIC ACID 500MG CAPS (MENOZIP) 20S,70,,,Luton Hospital,,,,1,70,https://i.postimg.cc/s24h1HsW/pharma-1.png,,
LUTON-3398,TRANEXAMIC ACID 500MG INJECTION,300,,,Luton Hospital,,,,1,300,https://i.postimg.cc/s24h1HsW/pharma-1.png,,
LUTON-3399,TRANEXAMIC ACID 500MG INJECTION (PAUSE),450,,,Luton Hospital,,,,1,450,https://i.postimg.cc/s24h1HsW/pharma-1.png,,
LUTON-3400,TRANEXAMIC ACID 500MG INJECTION (TRANEXA),200,,,Luton Hospital,,,,1,200,https://i.postimg.cc/s24h1HsW/pharma-1.png,,
LUTON-3401,TRANEXAMIC ACID 500MG/5ML INJECTION (MENOZIP),500,,,Luton Hospital,,,,1,500,https://i.postimg.cc/s24h1HsW/pharma-1.png,,
LUTON-3402,TRANEXAMIC ACID 500MG/5ML INJECTION,300,,,Luton Hospital,,,,1,300,https://i.postimg.cc/s24h1HsW/pharma-1.png,,
LUTON-3403,TRANSAMIN 500MG INJECTION (TRANEXAMIC ACID),45,,,Luton Hospital,,,,1,45,https://i.postimg.cc/s24h1HsW/pharma-1.png,,
LUTON-3404,TRANSFER SPIKE,100,,,Luton Hospital,,,,1,100,https://i.postimg.cc/s24h1HsW/pharma-1.png,,
LUTON-3405,TRANSPARENT STRIPS,0,,,Luton Hospital,,,,1,0,https://i.postimg.cc/s24h1HsW/pharma-1.png,,
LUTON-3406,TRANSPORE 1 INCH,250,,,Luton Hospital,,,,1,250,https://i.postimg.cc/s24h1HsW/pharma-1.png,,
LUTON-3407,TRETINOIN CREAM 25G (ACNESOL),450,,,Luton Hospital,,,,1,450,https://i.postimg.cc/s24h1HsW/pharma-1.png,,
LUTON-3408,TREVO DIETARY SUPPLEMENT 16FL,"6,000.00",,,Luton Hospital,,,,1,"6,000.00",https://i.postimg.cc/s24h1HsW/pharma-1.png,,
LUTON-3409,TRIAMCINOLONE 0.1% 15 MG ( KEMCID ),400,,,Luton Hospital,,,,1,400,https://i.postimg.cc/s24h1HsW/pharma-1.png,,
LUTON-3410,TRIAMCINOLONE 40 MG 1V,500,,,Luton Hospital,,,,1,500,https://i.postimg.cc/s24h1HsW/pharma-1.png,,
LUTON-3411,TRIANGULAR BANDAGE,0,,,Luton Hospital,,,,1,0,https://i.postimg.cc/s24h1HsW/pharma-1.png,,
LUTON-3412,TRIMETAZIDINE DIHYDROCHLORIDE 35MG(VASTAREL MR),65,,,Luton Hospital,,,,1,65,https://i.postimg.cc/s24h1HsW/pharma-1.png,,
LUTON-3413,TRIPLIXAM 10/2.5/5,100,,,Luton Hospital,,,,1,100,https://i.postimg.cc/s24h1HsW/pharma-1.png,,
LUTON-3414,TRIPLIXIAM 5/1.25/5,105,,,Luton Hospital,,,,1,105,https://i.postimg.cc/s24h1HsW/pharma-1.png,,
LUTON-3415,TRUBLISS CBD PAIN RELIEF GEL 30GM,950,,,Luton Hospital,,,,1,950,https://i.postimg.cc/s24h1HsW/pharma-1.png,,
LUTON-3416,TRUCUT BIOPSY NEEDLE,"6,500.00",,,Luton Hospital,,,,1,"6,500.00",https://i.postimg.cc/s24h1HsW/pharma-1.png,,
LUTON-3417,TRUST CONDOMS,60,,,Luton Hospital,,,,1,60,https://i.postimg.cc/s24h1HsW/pharma-1.png,,
LUTON-3418,TRYPSIN/CHYMOTRYPSIN TABLETS (CHYMORAL FORTE),40,,,Luton Hospital,,,,1,40,https://i.postimg.cc/s24h1HsW/pharma-1.png,,
LUTON-3419,TWINFIX 5.0MM SUTURE ANCHOR,"52,500.00",,,Luton Hospital,,,,1,"52,500.00",https://i.postimg.cc/s24h1HsW/pharma-1.png,,
LUTON-3420,TX-MF TAB,85,,,Luton Hospital,,,,1,85,https://i.postimg.cc/s24h1HsW/pharma-1.png,,
LUTON-3421,TYPHIM V1 SYR 0.5ML,"2,829.00",,,Luton Hospital,,,,1,"2,829.00",https://i.postimg.cc/s24h1HsW/pharma-1.png,,
LUTON-3422,TYPHOID VACCINE,0,,,Luton Hospital,,,,1,0,https://i.postimg.cc/s24h1HsW/pharma-1.png,,
LUTON-3423,UCOZOLE 150MG CAPSULE 1S,16.5,,,Luton Hospital,,,,1,16.5,https://i.postimg.cc/s24h1HsW/pharma-1.png,,
LUTON-3424,UDIHEP FORTE 30MG,38,,,Luton Hospital,,,,1,38,https://i.postimg.cc/s24h1HsW/pharma-1.png,,
LUTON-3425,ULGICID SUSPENSION 200ML,500,,,Luton Hospital,,,,1,500,https://i.postimg.cc/s24h1HsW/pharma-1.png,,
LUTON-3426,"ULINASTATIN 100,000IU","8,250.00",,,Luton Hospital,,,,1,"8,250.00",https://i.postimg.cc/s24h1HsW/pharma-1.png,,
LUTON-3427,ULTRASONIC FILE REMOVER TIPS,0,,,Luton Hospital,,,,1,0,https://i.postimg.cc/s24h1HsW/pharma-1.png,,
LUTON-3428,UMBILICAL CORD CLAMPS,50,,,Luton Hospital,,,,1,50,https://i.postimg.cc/s24h1HsW/pharma-1.png,,
LUTON-3429,UNDER WATER SEAL,"5,250.00",,,Luton Hospital,,,,1,"5,250.00",https://i.postimg.cc/s24h1HsW/pharma-1.png,,
LUTON-3430,UNDERPADS 60*120,125,,,Luton Hospital,,,,1,125,https://i.postimg.cc/s24h1HsW/pharma-1.png,,
LUTON-3431,UNDERPADS 60*90,125,,,Luton Hospital,,,,1,125,https://i.postimg.cc/s24h1HsW/pharma-1.png,,
LUTON-3432,UNIBROL 250MG TABS,63,,,Luton Hospital,,,,1,63,https://i.postimg.cc/s24h1HsW/pharma-1.png,,
LUTON-3433,UNIBROL SYRUP 60ML,560,,,Luton Hospital,,,,1,560,https://i.postimg.cc/s24h1HsW/pharma-1.png,,
LUTON-3434,"UNIVESTIN, COLLAGEN, CALCIUM MAGNESIUN + OTHERS ( UNIEXTRA)",80,,,Luton Hospital,,,,1,80,https://i.postimg.cc/s24h1HsW/pharma-1.png,,
LUTON-3435,UNIVIR 400MG,63,,,Luton Hospital,,,,1,63,https://i.postimg.cc/s24h1HsW/pharma-1.png,,
LUTON-3436,UNIVIR 800MG,89,,,Luton Hospital,,,,1,89,https://i.postimg.cc/s24h1HsW/pharma-1.png,,
LUTON-3437,UNIVIR CREAM,218,,,Luton Hospital,,,,1,218,https://i.postimg.cc/s24h1HsW/pharma-1.png,,
LUTON-3438,UPERIO,"5,700.00",,,Luton Hospital,,,,1,"5,700.00",https://i.postimg.cc/s24h1HsW/pharma-1.png,,
LUTON-3439,UPERIO 200MG,"5,700.00",,,Luton Hospital,,,,1,"5,700.00",https://i.postimg.cc/s24h1HsW/pharma-1.png,,
LUTON-3440,URETERIC (DJ-DOUBLE J) STENT,"9,000.00",,,Luton Hospital,,,,1,"9,000.00",https://i.postimg.cc/s24h1HsW/pharma-1.png,,
LUTON-3441,URIBE BAG (EUROFIX),"1,500.00",,,Luton Hospital,,,,1,"1,500.00",https://i.postimg.cc/s24h1HsW/pharma-1.png,,
LUTON-3442,URIDOM (LARGE),100,,,Luton Hospital,,,,1,100,https://i.postimg.cc/s24h1HsW/pharma-1.png,,
LUTON-3443,URIDOM (MEDIUM),100,,,Luton Hospital,,,,1,100,https://i.postimg.cc/s24h1HsW/pharma-1.png,,
LUTON-3444,URINE BAGS,60,,,Luton Hospital,,,,1,60,https://i.postimg.cc/s24h1HsW/pharma-1.png,,
LUTON-3445,URISOL SATCHETS,165,,,Luton Hospital,,,,1,165,https://i.postimg.cc/s24h1HsW/pharma-1.png,,
LUTON-3446,UROFIX ( ICU),"3,750.00",,,Luton Hospital,,,,1,"3,750.00",https://i.postimg.cc/s24h1HsW/pharma-1.png,,
LUTON-3447,URSODEOXYCHOLIC ACID 300MG ( UDIHEP FORTE )50S,375,,,Luton Hospital,,,,1,375,https://i.postimg.cc/s24h1HsW/pharma-1.png,,
LUTON-3448,URSODEOXYCHOLIC ACID 300MG TABS (URSOCOL),180,,,Luton Hospital,,,,1,180,https://i.postimg.cc/s24h1HsW/pharma-1.png,,
LUTON-3449,URSODEOXYCHOLIC ACID 500MG TABLETS,10,,,Luton Hospital,,,,1,10,https://i.postimg.cc/s24h1HsW/pharma-1.png,,
LUTON-3450,UTEROCARE TABS (30S),"1,650.00",,,Luton Hospital,,,,1,"1,650.00",https://i.postimg.cc/s24h1HsW/pharma-1.png,,
LUTON-3451,VAGID CL (VAGINAL SUPPOSITORY) 3S,"1,125.00",,,Luton Hospital,,,,1,"1,125.00",https://i.postimg.cc/s24h1HsW/pharma-1.png,,
LUTON-3452,VAGINAL SPECULUM(DISPOSABLE),100,,,Luton Hospital,,,,1,100,https://i.postimg.cc/s24h1HsW/pharma-1.png,,
LUTON-3453,VAGIPLUS VAGINAL CAPSULES 7S,"1,080.00",,,Luton Hospital,,,,1,"1,080.00",https://i.postimg.cc/s24h1HsW/pharma-1.png,,
LUTON-3454,VALSARTAN/HCTZ 80/12.5MG (VALZAAR H),70,,,Luton Hospital,,,,1,70,https://i.postimg.cc/s24h1HsW/pharma-1.png,,
LUTON-3455,VALTAS OD 750MG,95,,,Luton Hospital,,,,1,95,https://i.postimg.cc/s24h1HsW/pharma-1.png,,
LUTON-3456,VAMINOLACT SOLUTION FOR INFUSION 100ML,"1,545.00",,,Luton Hospital,,,,1,"1,545.00",https://i.postimg.cc/s24h1HsW/pharma-1.png,,
LUTON-3457,VANCOMYCIN 500MG INJECTION (ZERMACIN),900,,,Luton Hospital,,,,1,900,https://i.postimg.cc/s24h1HsW/pharma-1.png,,
LUTON-3458,VARICELLA (VARILRIX),"3,400.00",,,Luton Hospital,,,,1,"3,400.00",https://i.postimg.cc/s24h1HsW/pharma-1.png,,
LUTON-3459,VARICELLA CHICKEN POX VACCINE 1 DOSE VIAL 0.5ML (VARILRIX),"8,500.00",,,Luton Hospital,,,,1,"8,500.00",https://i.postimg.cc/s24h1HsW/pharma-1.png,,
LUTON-3460,"VASOPRESSIN 200UNITS/ML, 1ML","2,450.00",,,Luton Hospital,,,,1,"2,450.00",https://i.postimg.cc/s24h1HsW/pharma-1.png,,
LUTON-3461,VASTAMIN FORTE MULTIVITAMIN SYRUP WITH ZINC 200ML,450,,,Luton Hospital,,,,1,450,https://i.postimg.cc/s24h1HsW/pharma-1.png,,
LUTON-3462,VASTAMIN MULTIVITAMIN AND AMINO ACIDS SYRUP 200ML,350,,,Luton Hospital,,,,1,350,https://i.postimg.cc/s24h1HsW/pharma-1.png,,
LUTON-3463,VAXIGRIP (FLU),"2,100.00",,,Luton Hospital,,,,1,"2,100.00",https://i.postimg.cc/s24h1HsW/pharma-1.png,,
LUTON-3464,VAXIGRIP TETRA INJ 1S,"2,100.00",,,Luton Hospital,,,,1,"2,100.00",https://i.postimg.cc/s24h1HsW/pharma-1.png,,
LUTON-3465,VE PACK,100,,,Luton Hospital,,,,1,100,https://i.postimg.cc/s24h1HsW/pharma-1.png,,
LUTON-3466,VENLAFAXINE 75MG TABS,110,,,Luton Hospital,,,,1,110,https://i.postimg.cc/s24h1HsW/pharma-1.png,,
LUTON-3467,VENT NEBULIZER,550,,,Luton Hospital,,,,1,550,https://i.postimg.cc/s24h1HsW/pharma-1.png,,
LUTON-3468,VENTOLIN INHALER 100MCG,825,,,Luton Hospital,,,,1,825,https://i.postimg.cc/s24h1HsW/pharma-1.png,,
LUTON-3469,VENTOLIN RESPIRATOR SOLUTION PER ML,170,,,Luton Hospital,,,,1,170,https://i.postimg.cc/s24h1HsW/pharma-1.png,,
LUTON-3470,VERAPAMIL 240MG TABS (ISOPTIN SR 240 MG),200,,,Luton Hospital,,,,1,200,https://i.postimg.cc/s24h1HsW/pharma-1.png,,
LUTON-3471,VERAPAMIL 5MG/2ML (ISOPTIN),520,,,Luton Hospital,,,,1,520,https://i.postimg.cc/s24h1HsW/pharma-1.png,,
LUTON-3472,VICRYL (PGA) 5/0,500,,,Luton Hospital,,,,1,500,https://i.postimg.cc/s24h1HsW/pharma-1.png,,
LUTON-3473,VICRYL (PGA) 7/0,626,,,Luton Hospital,,,,1,626,https://i.postimg.cc/s24h1HsW/pharma-1.png,,
LUTON-3474,VICRYL (PGLA) 1,500,,,Luton Hospital,,,,1,500,https://i.postimg.cc/s24h1HsW/pharma-1.png,,
LUTON-3475,VICRYL (PGLA) 2,500,,,Luton Hospital,,,,1,500,https://i.postimg.cc/s24h1HsW/pharma-1.png,,
LUTON-3476,VICRYL (PGLA) 2/0,500,,,Luton Hospital,,,,1,500,https://i.postimg.cc/s24h1HsW/pharma-1.png,,
LUTON-3477,VICRYL 1 REVERSE CUTTING,500,,,Luton Hospital,,,,1,500,https://i.postimg.cc/s24h1HsW/pharma-1.png,,
LUTON-3478,VICRYL 1 ROUND BODY,500,,,Luton Hospital,,,,1,500,https://i.postimg.cc/s24h1HsW/pharma-1.png,,
LUTON-3479,VICRYL 2 REVERSE CUTTING,500,,,Luton Hospital,,,,1,500,https://i.postimg.cc/s24h1HsW/pharma-1.png,,
LUTON-3480,VICRYL 2 ROUND BODY,500,,,Luton Hospital,,,,1,500,https://i.postimg.cc/s24h1HsW/pharma-1.png,,
LUTON-3481,VICRYL 2/0 REVERSE CUTTING,500,,,Luton Hospital,,,,1,500,https://i.postimg.cc/s24h1HsW/pharma-1.png,,
LUTON-3482,VICRYL 2/0 ROUND BODY,500,,,Luton Hospital,,,,1,500,https://i.postimg.cc/s24h1HsW/pharma-1.png,,
LUTON-3483,VICRYL 3/0 RB,500,,,Luton Hospital,,,,1,500,https://i.postimg.cc/s24h1HsW/pharma-1.png,,
LUTON-3484,VICRYL 3/0 RB (PDS),450,,,Luton Hospital,,,,1,450,https://i.postimg.cc/s24h1HsW/pharma-1.png,,
LUTON-3485,VICRYL 3/0 REVERSE CUTTING,500,,,Luton Hospital,,,,1,500,https://i.postimg.cc/s24h1HsW/pharma-1.png,,
LUTON-3486,VICRYL 4 REVERSE CUTTING,500,,,Luton Hospital,,,,1,500,https://i.postimg.cc/s24h1HsW/pharma-1.png,,
LUTON-3487,VICRYL 4/0 RB,500,,,Luton Hospital,,,,1,500,https://i.postimg.cc/s24h1HsW/pharma-1.png,,
LUTON-3488,VICRYL 4/0 RC,412.5,,,Luton Hospital,,,,1,412.5,https://i.postimg.cc/s24h1HsW/pharma-1.png,,
LUTON-3489,VICRYL 5/0 RC,412.5,,,Luton Hospital,,,,1,412.5,https://i.postimg.cc/s24h1HsW/pharma-1.png,,
LUTON-3490,VICRYL 6.0 R/C,750,,,Luton Hospital,,,,1,750,https://i.postimg.cc/s24h1HsW/pharma-1.png,,
LUTON-3491,VICRYL 6/0 RB,740,,,Luton Hospital,,,,1,740,https://i.postimg.cc/s24h1HsW/pharma-1.png,,
LUTON-3492,VICRYL PGA 1 TAPER POINT,338,,,Luton Hospital,,,,1,338,https://i.postimg.cc/s24h1HsW/pharma-1.png,,
LUTON-3493,VICRYL PGA 2/0 TAPER POINT,338,,,Luton Hospital,,,,1,338,https://i.postimg.cc/s24h1HsW/pharma-1.png,,
LUTON-3494,VICRYL RAPIDE 2/0 TAPER POINT,469,,,Luton Hospital,,,,1,469,https://i.postimg.cc/s24h1HsW/pharma-1.png,,
LUTON-3495,VICRYLY (PGLA) 3/0,314,,,Luton Hospital,,,,1,314,https://i.postimg.cc/s24h1HsW/pharma-1.png,,
LUTON-3496,VIDAGLIPTIN 50MG ( VIGLIPTIN ),70,,,Luton Hospital,,,,1,70,https://i.postimg.cc/s24h1HsW/pharma-1.png,,
LUTON-3497,VIDAGLIPTIN 50MG + METFORMIN 1000MG( VIGLIPTIN-M 50/1000 ),80,,,Luton Hospital,,,,1,80,https://i.postimg.cc/s24h1HsW/pharma-1.png,,
LUTON-3498,VIDAGLIPTIN 50MG + METFORMIN 850MG( VIGLIPTIN-M 50/850 ),80,,,Luton Hospital,,,,1,80,https://i.postimg.cc/s24h1HsW/pharma-1.png,,
LUTON-3499,VIDAGLIPTIN/METFORMIN 50/850 (GALVUSMET) 60S,138,,,Luton Hospital,,,,1,138,https://i.postimg.cc/s24h1HsW/pharma-1.png,,
LUTON-3500,VIDAVANCE POWDER 400GM TIN,"3,413.00",,,Luton Hospital,,,,1,"3,413.00",https://i.postimg.cc/s24h1HsW/pharma-1.png,,
LUTON-3501,VILDAGLIPTIN 100MG XR AND METFORMIN 1000MG XR TABS (VILDAMET 1000XR),120,,,Luton Hospital,,,,1,120,https://i.postimg.cc/s24h1HsW/pharma-1.png,,
LUTON-3502,VILDAGLIPTIN 100MG XR AND METFORMIN 500MG XR TABS (VILDAMET 500XR),110,,,Luton Hospital,,,,1,110,https://i.postimg.cc/s24h1HsW/pharma-1.png,,
LUTON-3503,VILDAGLIPTIN 50MG (GALVUS),140,,,Luton Hospital,,,,1,140,https://i.postimg.cc/s24h1HsW/pharma-1.png,,
LUTON-3504,VILDAGLIPTIN 50MG AND METFORMIN 1000MG TABS (GLUCOWELL MET 1000),80,,,Luton Hospital,,,,1,80,https://i.postimg.cc/s24h1HsW/pharma-1.png,,
LUTON-3505,VILDAGLIPTIN 50MG AND METFORMIN 500MG TABS (GLUCOWELL MET 500),75,,,Luton Hospital,,,,1,75,https://i.postimg.cc/s24h1HsW/pharma-1.png,,
LUTON-3506,VILDAMET 50/500,89,,,Luton Hospital,,,,1,89,https://i.postimg.cc/s24h1HsW/pharma-1.png,,
LUTON-3507,VINEGAR,0,,,Luton Hospital,,,,1,0,https://i.postimg.cc/s24h1HsW/pharma-1.png,,
LUTON-3508,VINGRAF 2.5MG CAPS,360,,,Luton Hospital,,,,1,360,https://i.postimg.cc/s24h1HsW/pharma-1.png,,
LUTON-3509,VISANNE 2MG (DIENOGEST),110,,,Luton Hospital,,,,1,110,https://i.postimg.cc/s24h1HsW/pharma-1.png,,
LUTON-3510,VISANNE 2MG DIENOGEST,140,,,Luton Hospital,,,,1,140,https://i.postimg.cc/s24h1HsW/pharma-1.png,,
LUTON-3511,VISIPAQUE 320MG 100ML,"4,500.00",,,Luton Hospital,,,,1,"4,500.00",https://i.postimg.cc/s24h1HsW/pharma-1.png,,
LUTON-3512,VIT B COMPLEX TABLETS (TRIBEES FORTE),12,,,Luton Hospital,,,,1,12,https://i.postimg.cc/s24h1HsW/pharma-1.png,,
LUTON-3513,VIT B1/B2/B3/B6/B12/CALCIUM/FOLIC/CHOLINE/BIOTIN/INOSITOL (NAT B),54,,,Luton Hospital,,,,1,54,https://i.postimg.cc/s24h1HsW/pharma-1.png,,
LUTON-3514,VIT B12/GAMMA LINOLEIC/ALPHA LIPOIC/FOLIC/CHROMIUM/BIOTIN/INOSITOL TABS (NERVIOS MD),90,,,Luton Hospital,,,,1,90,https://i.postimg.cc/s24h1HsW/pharma-1.png,,
LUTON-3515,VIT C+ ZINC+ SELENIUM+CARROTENOIDS+BETA CAROTENE ( CAROVIT )30S,40,,,Luton Hospital,,,,1,40,https://i.postimg.cc/s24h1HsW/pharma-1.png,,
LUTON-3516,Vitalipid,"1,250.00",,,Luton Hospital,,,,1,"1,250.00",https://i.postimg.cc/s24h1HsW/pharma-1.png,,
LUTON-3517,VITALIPID,"1,250.00",,,Luton Hospital,,,,1,"1,250.00",https://i.postimg.cc/s24h1HsW/pharma-1.png,,
LUTON-3518,VITAMIN A 100000 IU,100,,,Luton Hospital,,,,1,100,https://i.postimg.cc/s24h1HsW/pharma-1.png,,
LUTON-3519,"VITAMIN A 200,000 I.U",100,,,Luton Hospital,,,,1,100,https://i.postimg.cc/s24h1HsW/pharma-1.png,,
LUTON-3520,"VITAMIN A, B1, B2,B6,B12,C,D3,E, NICOTINAMIDE, FOLIC, FERROUS,ZINC ( VITACAP )",35,,,Luton Hospital,,,,1,35,https://i.postimg.cc/s24h1HsW/pharma-1.png,,
LUTON-3521,VITAMIN B COMPLEX INJECTION,400,,,Luton Hospital,,,,1,400,https://i.postimg.cc/s24h1HsW/pharma-1.png,,
LUTON-3522,VITAMIN B1/B2/B3/B6/C INJECTION (PABRINEX),"2,000.00",,,Luton Hospital,,,,1,"2,000.00",https://i.postimg.cc/s24h1HsW/pharma-1.png,,
LUTON-3523,VITAMIN C 200MG+L-ASCORBIC ACID 800MG CHEWABLE TABLETS (NUESTRA C 1000),20,,,Luton Hospital,,,,1,20,https://i.postimg.cc/s24h1HsW/pharma-1.png,,
LUTON-3524,VITAMIN C EFFERVESCENT 1000MG TABLET 20S,55,,,Luton Hospital,,,,1,55,https://i.postimg.cc/s24h1HsW/pharma-1.png,,
LUTON-3525,VITAMIN C TAB (NAT C),35,,,Luton Hospital,,,,1,35,https://i.postimg.cc/s24h1HsW/pharma-1.png,,
LUTON-3526,VITAMIN D3 (DEVIT 3) INJECTION,600,,,Luton Hospital,,,,1,600,https://i.postimg.cc/s24h1HsW/pharma-1.png,,
LUTON-3527,VITAMIN D3 400IU 30ML SOLUTION (D HIGH SYRUP),550,,,Luton Hospital,,,,1,550,https://i.postimg.cc/s24h1HsW/pharma-1.png,,
LUTON-3528,"VITAMIN D3 60,000IU CAPS 4S (D360K)",115,,,Luton Hospital,,,,1,115,https://i.postimg.cc/s24h1HsW/pharma-1.png,,
LUTON-3529,VITAMIN D3 60000IU SOLUTION (NANO-D3),300,,,Luton Hospital,,,,1,300,https://i.postimg.cc/s24h1HsW/pharma-1.png,,
LUTON-3530,VITAMIN D3 CAP 60000IU (WAL-D3) 4S,124.5,,,Luton Hospital,,,,1,124.5,https://i.postimg.cc/s24h1HsW/pharma-1.png,,
LUTON-3531,VITAMIN D3 DROPS 15ML (SARA D3),650,,,Luton Hospital,,,,1,650,https://i.postimg.cc/s24h1HsW/pharma-1.png,,
LUTON-3532,VITAMIN D3 DROPS 15ML (VITSOL D3),525,,,Luton Hospital,,,,1,525,https://i.postimg.cc/s24h1HsW/pharma-1.png,,
LUTON-3533,VITAMIN D3 ORAL DROPS 25ML (DALUKAN DROPS),"1,200.00",,,Luton Hospital,,,,1,"1,200.00",https://i.postimg.cc/s24h1HsW/pharma-1.png,,
LUTON-3534,VITAMIN D3 SUBLINGUAL TABLETS 50S (DALUKAN TABS ),"1,200.00",,,Luton Hospital,,,,1,"1,200.00",https://i.postimg.cc/s24h1HsW/pharma-1.png,,
LUTON-3535,VITAMIN E 400MG (EVIT) 30S,80,,,Luton Hospital,,,,1,80,https://i.postimg.cc/s24h1HsW/pharma-1.png,,
LUTON-3536,VITAMIN K 10MG/ML INJECTION,300,,,Luton Hospital,,,,1,300,https://i.postimg.cc/s24h1HsW/pharma-1.png,,
LUTON-3537,VITAMIN K PEDRIATIC 2MG/0.2ML 5S,300,,,Luton Hospital,,,,1,300,https://i.postimg.cc/s24h1HsW/pharma-1.png,,
LUTON-3538,"VITAMINS, MINERALS AND FATTY ACIDS CAPSULES 30S (REKFA GOLD)",60,,,Luton Hospital,,,,1,60,https://i.postimg.cc/s24h1HsW/pharma-1.png,,
LUTON-3539,VOLUSET,525,,,Luton Hospital,,,,1,525,https://i.postimg.cc/s24h1HsW/pharma-1.png,,
LUTON-3540,VOMIGO SYRUP(ONDASETRON),495,,,Luton Hospital,,,,1,495,https://i.postimg.cc/s24h1HsW/pharma-1.png,,
LUTON-3541,VONOPRAZAN 10MG TABS (TUMIVONO 10MG),150,,,Luton Hospital,,,,1,150,https://i.postimg.cc/s24h1HsW/pharma-1.png,,
LUTON-3542,VONOPRAZN 20MG TABS (TUMIVONO 20MG),150,,,Luton Hospital,,,,1,150,https://i.postimg.cc/s24h1HsW/pharma-1.png,,
LUTON-3543,VORICONAZOLE IV 200MG,"12,570.00",,,Luton Hospital,,,,1,"12,570.00",https://i.postimg.cc/s24h1HsW/pharma-1.png,,
LUTON-3544,VTM + NAESOPHARYGEAL SWABS,135,,,Luton Hospital,,,,1,135,https://i.postimg.cc/s24h1HsW/pharma-1.png,,
LUTON-3545,WALKING FRAME,"4,500.00",,,Luton Hospital,,,,1,"4,500.00",https://i.postimg.cc/s24h1HsW/pharma-1.png,,
LUTON-3546,WARFARIN 1MG,15,,,Luton Hospital,,,,1,15,https://i.postimg.cc/s24h1HsW/pharma-1.png,,
LUTON-3547,WARFARIN 3MG 28S,15,,,Luton Hospital,,,,1,15,https://i.postimg.cc/s24h1HsW/pharma-1.png,,
LUTON-3548,WARFARIN 5MG TABS,20,,,Luton Hospital,,,,1,20,https://i.postimg.cc/s24h1HsW/pharma-1.png,,
LUTON-3549,WASHING POWDER,310,,,Luton Hospital,,,,1,310,https://i.postimg.cc/s24h1HsW/pharma-1.png,,
LUTON-3550,WATER FOR INJECTION 10MLS,18,,,Luton Hospital,,,,1,18,https://i.postimg.cc/s24h1HsW/pharma-1.png,,
LUTON-3551,WELLWOMAN ORIGINAL TABS 30S,"2,400.00",,,Luton Hospital,,,,1,"2,400.00",https://i.postimg.cc/s24h1HsW/pharma-1.png,,
LUTON-3552,WELTEK OMEGA SOFT GEL CAPS,80,,,Luton Hospital,,,,1,80,https://i.postimg.cc/s24h1HsW/pharma-1.png,,
LUTON-3553,WHEEL CHAIR STANDARD,"16,050.00",,,Luton Hospital,,,,1,"16,050.00",https://i.postimg.cc/s24h1HsW/pharma-1.png,,
LUTON-3554,WHEELCHAIR STANDARD,"16,050.00",,,Luton Hospital,,,,1,"16,050.00",https://i.postimg.cc/s24h1HsW/pharma-1.png,,
LUTON-3555,WHITFIELD OINTMENT,50,,,Luton Hospital,,,,1,50,https://i.postimg.cc/s24h1HsW/pharma-1.png,,
LUTON-3556,WRIST SPLINT (M),"2,100.00",,,Luton Hospital,,,,1,"2,100.00",https://i.postimg.cc/s24h1HsW/pharma-1.png,,
LUTON-3557,WRIST SPLINT (S),"2,100.00",,,Luton Hospital,,,,1,"2,100.00",https://i.postimg.cc/s24h1HsW/pharma-1.png,,
LUTON-3558,X-RAY DETACTABLE GAUZE(RAYTEC),"1,500.00",,,Luton Hospital,,,,1,"1,500.00",https://i.postimg.cc/s24h1HsW/pharma-1.png,,
LUTON-3559,XAROBAN 10MG,80,,,Luton Hospital,,,,1,80,https://i.postimg.cc/s24h1HsW/pharma-1.png,,
LUTON-3560,XYLOCAINE 10% SPRAY 50ML,"3,500.00",,,Luton Hospital,,,,1,"3,500.00",https://i.postimg.cc/s24h1HsW/pharma-1.png,,
LUTON-3561,XYLOMETAZOLINE NASAL DROPS (OTRIVIN PAED),900,,,Luton Hospital,,,,1,900,https://i.postimg.cc/s24h1HsW/pharma-1.png,,
LUTON-3562,XYLOMETAZOLINE NASAL DROPS 0.1% (OTRIVIN ADULTS),900,,,Luton Hospital,,,,1,900,https://i.postimg.cc/s24h1HsW/pharma-1.png,,
LUTON-3563,XYLOMETAZOLINE NASAL SPRAY 0.1% (XYLO ACINO),"1,000.00",,,Luton Hospital,,,,1,"1,000.00",https://i.postimg.cc/s24h1HsW/pharma-1.png,,
LUTON-3564,XYZAL ORAL 75ML,"1,143.00",,,Luton Hospital,,,,1,"1,143.00",https://i.postimg.cc/s24h1HsW/pharma-1.png,,
LUTON-3565,Y CONNECTOR TUBE DUAL,800,,,Luton Hospital,,,,1,800,https://i.postimg.cc/s24h1HsW/pharma-1.png,,
LUTON-3566,Y CONNECTOR TUBE SINGLE,500,,,Luton Hospital,,,,1,500,https://i.postimg.cc/s24h1HsW/pharma-1.png,,
LUTON-3567,YANKER TUBE,525,,,Luton Hospital,,,,1,525,https://i.postimg.cc/s24h1HsW/pharma-1.png,,
LUTON-3568,YINDETOX NUTRITIONAL SUPPLEMENT,70,,,Luton Hospital,,,,1,70,https://i.postimg.cc/s24h1HsW/pharma-1.png,,
LUTON-3569,YONKER FETAL DOPPLER,0,,,Luton Hospital,,,,1,0,https://i.postimg.cc/s24h1HsW/pharma-1.png,,
LUTON-3570,YONKER FINGERTIP PULSE OXIMETRE,0,,,Luton Hospital,,,,1,0,https://i.postimg.cc/s24h1HsW/pharma-1.png,,
LUTON-3571,ZAITAN H,45,,,Luton Hospital,,,,1,45,https://i.postimg.cc/s24h1HsW/pharma-1.png,,
LUTON-3572,ZALAC TABLETS 2X14S,"1,065.00",,,Luton Hospital,,,,1,"1,065.00",https://i.postimg.cc/s24h1HsW/pharma-1.png,,
LUTON-3573,ZECUFF HERBAL COUGH LOZENGES PER 4S,60,,,Luton Hospital,,,,1,60,https://i.postimg.cc/s24h1HsW/pharma-1.png,,
LUTON-3574,ZEFCOLIN,450,,,Luton Hospital,,,,1,450,https://i.postimg.cc/s24h1HsW/pharma-1.png,,
LUTON-3575,ZELATON FOAM CLEANSER 150ML,"3,400.00",,,Luton Hospital,,,,1,"3,400.00",https://i.postimg.cc/s24h1HsW/pharma-1.png,,
LUTON-3576,ZELATON SUNSCREEN SPF 50+ LOTION 60ML,"7,200.00",,,Luton Hospital,,,,1,"7,200.00",https://i.postimg.cc/s24h1HsW/pharma-1.png,,
LUTON-3577,ZEROCIN 500MG TABLETS 3S,72,,,Luton Hospital,,,,1,72,https://i.postimg.cc/s24h1HsW/pharma-1.png,,
LUTON-3578,ZIDOVIDINE 10MG/ML SYRUP 150ML,"1,000.00",,,Luton Hospital,,,,1,"1,000.00",https://i.postimg.cc/s24h1HsW/pharma-1.png,,
LUTON-3579,ZIGLIM-1,15,,,Luton Hospital,,,,1,15,https://i.postimg.cc/s24h1HsW/pharma-1.png,,
LUTON-3580,ZINC GLUCONATE SYRUP 60ML (BABYZINC,220,,,Luton Hospital,,,,1,220,https://i.postimg.cc/s24h1HsW/pharma-1.png,,
LUTON-3581,ZINC OXIDE AND CASTOR OIL CREAM 100G,615,,,Luton Hospital,,,,1,615,https://i.postimg.cc/s24h1HsW/pharma-1.png,,
LUTON-3582,ZINC OXIDE NAPPY RASH CREAM 60GM (DAY BY DAY),500,,,Luton Hospital,,,,1,500,https://i.postimg.cc/s24h1HsW/pharma-1.png,,
LUTON-3583,ZINC SULFATE SYRUP 20MG/60ML(ZINCAT OD),270,,,Luton Hospital,,,,1,270,https://i.postimg.cc/s24h1HsW/pharma-1.png,,
LUTON-3584,ZINC SULFATE SYRUP 60ML(ZEVAC 60ML),143,,,Luton Hospital,,,,1,143,https://i.postimg.cc/s24h1HsW/pharma-1.png,,
LUTON-3585,ZINC SULPHATE 10MG/5ML 100ML SYRUP,200,,,Luton Hospital,,,,1,200,https://i.postimg.cc/s24h1HsW/pharma-1.png,,
LUTON-3586,ZINC SULPHATE 20MG/5ML 60ML SYRUP,180,,,Luton Hospital,,,,1,180,https://i.postimg.cc/s24h1HsW/pharma-1.png,,
LUTON-3587,ZINC SULPHATE TABS,20,,,Luton Hospital,,,,1,20,https://i.postimg.cc/s24h1HsW/pharma-1.png,,
LUTON-3588,ZINC UNDECYLENATE/UNDECYLENIC ACID CREAM 25G (MYCOTA),340,,,Luton Hospital,,,,1,340,https://i.postimg.cc/s24h1HsW/pharma-1.png,,
LUTON-3589,ZINCOFER CAPS 30S,0,,,Luton Hospital,,,,1,0,https://i.postimg.cc/s24h1HsW/pharma-1.png,,
LUTON-3590,"ZINCVITAMIN C, D AND ZINC EFFERVESCENT 1000MG TABLET 20S",65,,,Luton Hospital,,,,1,65,https://i.postimg.cc/s24h1HsW/pharma-1.png,,
LUTON-3591,ZOLADEX INJECTION 10.8MG,"36,750.00",,,Luton Hospital,,,,1,"36,750.00",https://i.postimg.cc/s24h1HsW/pharma-1.png,,
LUTON-3592,ZOLADEX INJECTION 3.6MG,"15,750.00",,,Luton Hospital,,,,1,"15,750.00",https://i.postimg.cc/s24h1HsW/pharma-1.png,,
LUTON-3593,ZOLEDRONIC ACID INJECTION 4MG/ML (ZOLDONAT),"3,000.00",,,Luton Hospital,,,,1,"3,000.00",https://i.postimg.cc/s24h1HsW/pharma-1.png,,
LUTON-3594,ZOLPIDEM 10MG(STILNOX),95,,,Luton Hospital,,,,1,95,https://i.postimg.cc/s24h1HsW/pharma-1.png,,
LUTON-3595,ZUCLOPENTHIXOL 200MG (CLOPIXOL DEPOT),"3,500.00",,,Luton Hospital,,,,1,"3,500.00",https://i.postimg.cc/s24h1HsW/pharma-1.png,,
LUTON-3596,ZUCLOPENTHIXOL 50MG/ML ( CLOPIXOL ACUPHASE ),"5,000.00",,,Luton Hospital,,,,1,"5,000.00",https://i.postimg.cc/s24h1HsW/pharma-1.png,,
